chiplets,core,name,mapping,rotation_Bpc,baseline2_Bpc,reflection_Bpc
4,1,bert_block,6fa5043fc8438663a549e045b1650fd4efb6aed15910914685ad4e5258db42f9,1024,1024.0,1024
4,1,darknet19,ae0b4439abdb33bb99b33dec2e89ed6025c07bee5c998ba2c388895978bd29bd,1024,1024.0,1024
4,1,densenet,51c40f2ff7f2b2012a51056ba515252931631b04abd3d53874f22e14803fed82,2048,2048.0,2048
4,1,gnmt,7d4e66773a7ba137e97be0a143b6d13410c9d9fe37c17080d1c08726faaa7dd7,2048,2048.0,2048
4,1,googlenet,dd3c56244f48aff3980a8608ec1c73df5a14bc6cd4911a92d2dad06fee23f67f,2048,2048.0,2048
4,1,gpt_decode_block,1d923f3eac513a9a0e39baa578d8dce069195b4bc6c6a74d17e42b83823f7330,3072,3072.0,2560
4,1,gpt_prefill_block,c1a8b87e643a1b0e3168870bab468fa15af7c964dd1ec15cc1f8fb5055b2e8b4,1024,1024.0,1024
4,1,inception_resnet_v1,d8b2fd1b52d93c6e03bcd98a266a3511ddd0c79b9a6b206543e255fdd37e18cd,2048,2048.0,2048
4,1,lstm,7faa4c65d9f0c1af6f789a61e6e24987174a09dbb8222ac9686f66e858894246,2048,2048.0,2048
4,1,pnasnet,0bcea382b6b35d3c2fb385b5202a6a5d3769f92191b9231334df412712cc41a3,2048,2048.0,2048
4,1,resnet101,c72ca7bd2782dec18a1b695e8afdbe5b1d5508e3043ad9ae460ee40d16e8c193,2048,2048.0,2048
4,1,resnet152,67716687a08e12e62827129f821aca7373dd36a1a0568ee63f049640f1efd66b,2048,2048.0,2048
4,1,resnet50,da6130a6a243757aa1c7ed1a24147d4e5833139c8f48d3ddb4dd9b2e44709119,2048,2048.0,2048
4,1,resnext50,19f0c9fb8c8da62fa440b383fcf4ebd5e990bb09641392e2aef681213d5cb5f9,2048,2048.0,2048
4,1,transformer,798464ff6590d70f35b820c12aa461e06c7352f0ed45d2b708a55583eba18ee3,1024,1024.0,1024
4,1,transformer_cell,8f4c9af434c2f18d47175618f42aae1069e16b11a4ba265db6a66d54f79e576e,1024,1024.0,1024
4,1,vgg19,e1c2176018ca68cc1d4d5534be1d1e5fc1f2849a54555aa909c0c045b625145d,1024,1024.0,1024
4,4,bert_block,f2b20996059d0430b8adf75d49e3cc33b63f6ec4c6dae01daceb69688649a313,2048,2048.0,1536
4,4,darknet19,aa11aaf099f2dbbb536e71a9ab16e005ff5e3b218a53f8ad93ca0735588529f8,2048,2048.0,2048
4,4,darknet19,db5387ccd43f690907e9f107625236f2978ff8f3f1812a5a144905a0159ae8fe,2048,2048.0,1536
4,4,darknet19,ee18857c565d45f95ae1b834f87a01f73b41cade3e997617e7ef13c811367827,2048,2048.0,2048
4,4,densenet,9d13afb632dece51d0d9aeaa8dae6991dfdf5dab42f773823ea51247cc5fa531,3072,3072.0,3072
4,4,gnmt,d21a098f356e4703f792651fa60aa181b17fa680bafa02e320903c96722d4979,4608,5120.0,4352
4,4,gnmt,0bb7811d0f970ba6b659c83d9f9da82a1f2e0e851c37a0bdefc2be4327a8806b,4352,5120.0,3840
4,4,gnmt,38bbf675b0137b6d2aab9baab155e463e593e95158c65e1d0894d3dc8c676c2a,4864,5120.0,4608
4,4,gnmt,7dade45b5f3c3c4978e7fec19307bc06a0d334b9dba2d28d228ed1f293058d7d,3840,5120.0,3584
4,4,gnmt,41f9d2df44ef02126eda4cf1e152f58d0e73aa4fb026f768c91c298ed20cd720,5376,6144.0,4864
4,4,googlenet,7dfd87e097d81f952bcba0ba535d6074928277023daa3701ed50bdd7de22d086,3072,3072.0,3072
4,4,gpt_decode_block,6ede5bcde06cc4a779fd901277e694d8843a814bf2fefeb97b8bc57dd64e53ab,6400,8192.0,5632
4,4,gpt_decode_block,933e7b88f88f7a5f9cfcfb16512c478578e3dc3b9b51e2cbb06c199b2dc04958,5376,8192.0,5376
4,4,gpt_decode_block,7a1cb9a3eceaabd33e77033938b354ccd4f25dc44248f3e63c735268497a9923,5376,8192.0,5376
4,4,gpt_decode_block,3e4086a570a0defbcd88e2855d8f90f11067c0acc4de5e586e76cf400eff6503,5888,8192.0,5376
4,4,gpt_prefill_block,fa235ca196985e1ebb6d93a37890a90bce437504281c1202a1bf14b48d8f4202,2048,2048.0,1536
4,4,inception_resnet_v1,394f098dbeb6ad6848e375cc4559f6e68f8a63a7d5539d0a97d3815d41b7f45d,3072,3072.0,3072
4,4,lstm,beb20a728609a133a34f5253fb5e79491c3eca85eacc9e8073ccf060bba197bb,4608,5120.0,4352
4,4,lstm,77fb4b8e78fb2fba89a3157460e60297e73314e4667a0649a0a50fa3265bf548,4096,5120.0,4096
4,4,lstm,17dff18244e7e7d673dfb5a5b2942c911310425efa48ae1f75085fac5ca663ff,4096,5120.0,3584
4,4,lstm,6c4c7dbd160f3fd0c3d1ccdb3bcbbfa31ab825f31edd22d67a477670d55bdf23,4096,5120.0,3584
4,4,lstm,25b11533a5ddd12cb42c89d66c3439f9f868904048667d6fdce9ae9b212d9e8a,5376,6144.0,5120
4,4,pnasnet,7d1157398683c5f577f45bdef15453d48f515b02e46a148b778371ed48935de0,3072,3072.0,3072
4,4,resnet101,2bd24c04a5d81a23ec717734b373599a1e433fc533946e17d5bd98d1abeea961,3072,3072.0,3072
4,4,resnet152,ae4b656ea1a6835f5f8402e2c908a4ac116286d69b41b67e8213d8fe2eaae1a2,3072,3072.0,3072
4,4,resnet50,3a9e1553b364dc9be75a7ab6b1da16af1d4e2ebc038b7d15bacf6f4ac980a564,3072,3072.0,3072
4,4,resnext50,fea052ee3f64ccdf7218cc560493ce08c7472a9bc111cde9dbd7f2926bfbd5dc,3072,3072.0,3072
4,4,transformer,1936a2edce2ad47f29fa44c0daa4c0ce8a457f314792b2b9fe48f7c342ad1443,2048,2048.0,1536
4,4,transformer_cell,82f16fc51ccc3fbe0386da2cc6ae8c39c28fcf32bac271c398b384835fe1e458,2048,2048.0,1536
4,4,vgg19,2dcf47e6028e2d82b7af344446e0c1f5c3cd21090ddb38559a7ac78dd0cb4c00,2048,2048.0,1536
4,16,bert_block,068ad9fcccb8a0d78b4dc670065ffea7b06ae6b93ae09b87697655845ca4a17d,6144,6144.0,5120
4,16,bert_block,e1c8f51351e802f55dbe57d937bf17a13f1bf6b576410b7ac3e2a60eadad5703,6144,6144.0,5632
4,16,darknet19,21e34405f1327da6ca3241a2a8f4849df21b61a891f069bc0db1ac09106ae625,9216,9216.0,7168
4,16,darknet19,f4deb65b11da9e73355ac97d3bbb9ee9d1a756638f4c3ecefdbd541424891c94,5120,5120.0,4608
4,16,darknet19,ef4b0c4e83ef3c1178da6ecfd4135a7cc558b22226dfea2c40470ac648f8177f,5120,5120.0,5120
4,16,darknet19,70af9b17570d1054ed78cfae4db332c869a3c30e1b3baba2dddd0a00000a1d48,5120,5120.0,5120
4,16,densenet,18033229fb0f8313085ad833ac5e29804953f799d0aa7cb0aaaa7e860ef313d5,6144,6144.0,5632
4,16,gnmt,240ccdee87857d838edc4e8946d6250f234bdf65ded7a1552312909ede0c3757,10240,11264.0,8448
4,16,gnmt,870b4a1e1e9f4590198b6420041115c8f6ba07cc38a53b4df1b66c9b22827e55,5120,5120.0,5120
4,16,gnmt,9bb3868f759bbe5a808ca0c16551dc6bcc5c10ed090846130f5af07347c08523,10368,11264.0,8448
4,16,gnmt,cf19f7bb79f922f4b1a719d121fab8a30eb755c235f3b333f030984491c7be37,9088,9216.0,7168
4,16,googlenet,6296884e0c05b7b0066135b3c834d7eda7c4d4778f5d939a47f803ab8922b9ff,9216,9216.0,8704
4,16,googlenet,c34f3b52caa2f79284b951c6ef08eb55eb52f9bbb382cda3c80408a47d0f60b9,8192,8192.0,8192
4,16,googlenet,ebc1fa08bca5c803f8e77cd4b9843479f56096a7cd22a001f93b81ab6ce6fc59,8192,8192.0,8192
4,16,googlenet,86a90d07f1fbaf3aee2de48c40380d6d1f2df4577c8793db944f2c8784df0600,8192,8192.0,8192
4,16,gpt_decode_block,8ee12bfbee37f7f8d1a12defd7159a8a50a8ede2c4193c7b248f98bd6b2cb975,5376,6144.0,5376
4,16,gpt_decode_block,953d3737a572e8a8ca9b17b1f0b3151aed493a058920a58b603b016a036c0e9a,6272,7168.0,5952
4,16,gpt_decode_block,2d66556c57fd2822a45cb18eb6349e65f562c2d010b268e1418ec2bb9defc28b,6784,8192.0,6784
4,16,gpt_decode_block,68e72f0246b403f2e49a17f732e765a1b669d2b21821acb1fe933f4a01097b91,6016,8192.0,5632
4,16,gpt_decode_block,f1ad4990835946b1ebd795e460f87b70f2df54073dbb80ba8e2c86dc17cf9441,7168,8192.0,7040
4,16,gpt_prefill_block,fdf59d1760eec3e158d583b38e800fc76be11b2330c8e850891063b351398134,6144,6144.0,5120
4,16,gpt_prefill_block,a359bb21e3213314400bea1be6fef08602eb59313dfdae37b4e05a4b42abbc80,6144,6144.0,5632
4,16,inception_resnet_v1,eaca0e2bde933808a0b7a96ed3fdd2307e5610431311fd3b5ef885f95b95e149,8192,8192.0,7168
4,16,lstm,ba777a444b91329ee18b92bebeaec3f358777e552c519c698f40fa2a760ff2f0,10496,11264.0,8576
4,16,lstm,4b5fe2c9b4260d8cb4fe89e8002c8bb133c6abee196831c7fd36f87600b64014,5120,5120.0,5120
4,16,lstm,b38293c03b19f97b6606b29b094f6639817c60a6a86ce10ee3da7e26a584a306,8960,9216.0,7168
4,16,lstm,66d8231d55849ac3f1f3b646b0a7727960af78d14ab9da594db4fb7b217863f2,9344,10240.0,8960
4,16,lstm,678dd5469fcf3f21258f2d8468b0434e81da0f9a5e830aa06b95def85819edfb,9600,10240.0,9600
4,16,pnasnet,a8ff260f8c5ee76541d8a416f95c96ea9723d1c3e557ad1a148e0951f64358ab,8576,9216.0,8320
4,16,pnasnet,7b67dd96c7c562d8168c2cedeca7eff85605ddc9b192ca8cbbd488d33e29c4a2,8192,8192.0,7808
4,16,resnet101,8287c53e81ddeee4add4290bdfa9983e7df644d6781de199cc0a9f91e49357e8,9216,9216.0,7680
4,16,resnet152,7d9b2593a321bf5410ae09091406dfbb7d34e9fe1d93846a730956533b370903,9216,9216.0,7680
4,16,resnet152,4f10ebc0484721b1474d88ef9dcad16cb7d9254067c21c4ad6063b7bba6fbb7f,9216,9216.0,7680
4,16,resnet50,80a5fc87f502ff7eac8dc5bf4d6336e5e7197dcd75b85fc8a3429f1a7beee88a,9216,9216.0,7680
4,16,resnext50,bb04939f71bc129c33fee456f89be97bdedb1a8c8f83dae38d729d9179a2c242,9216,9216.0,7680
4,16,transformer,8202683b9075f0e86312fd1266f510ece0c6d759764d94ad28f1e4988e6e2862,6144,6144.0,5120
4,16,transformer,c241d00d8fd3ae7f8a0ca8bd5c591634fb002d93c1e8937471ae8c1b9528b6c8,6144,6144.0,5632
4,16,transformer,1447347ee0bf9056e453e59167fd1dac5510936e4c4c892a740bda411bc65634,6144,6144.0,5632
4,16,transformer_cell,c7f9638f1387eb5f887737db794a58a8a7c60d7d5561e50fb46c0610ebc5431a,6144,6144.0,5120
4,16,transformer_cell,a142cd8f7d90ebdf4c6e325e191c194762d22d1250c22d5911dbabc822720308,6144,6144.0,5632
4,16,vgg19,85a8ed9ffeb3acf58dccdd33608104b85e849c5f421588a50a83076f94fac171,5120,5120.0,4608
8,1,bert_block,77befa0c23b038ec8ff01595c6d250210e22294a6fc61b2b6d93ba9a6e0869ae,2560,2560.0,2560
8,1,darknet19,bca08b9bc6f921b8ea9c4b2794a5845ee2baee0b2f9f66143493c99799a1ef0c,2560,2560.0,2560
8,1,densenet,e599689258c785a1c3aaf70a05f8ff033f925cb1d050a7843ee0603697763efd,8192,10240.0,7168
8,1,gnmt,62407045e5392f9ab30ec72c32de3c9494f1695ea04bc778cdb4e44fd07aaf60,8192,10240.0,7168
8,1,googlenet,26b262e3c0f21665674a59b8be64da275a9bd7fa3e87b2a55c636921ae06d39c,8192,10240.0,7168
8,1,gpt_decode_block,f59b0284ac6c634ba5a37875b880fbc80928b173f1decec27ced97ef700ff3b7,8704,10240.0,8192
8,1,gpt_prefill_block,313ac5eb72be8dc00804987889956207e4d3fbb3f17ad4b66a47c04e38657a1d,2560,2560.0,2560
8,1,inception_resnet_v1,14d56f9085e51a59736b39640a2041c72435dbf875c162b01a22a005413c90a2,8192,10240.0,7168
8,1,lstm,b0b6e67e2a0c81c893267ed271d852054bd211d8108d3abab66624280b6bb046,8192,10240.0,7168
8,1,pnasnet,26287c6b162c21ded72eee03f5c89be0850cfc60c49a24f1c2a426f0b27b1950,8192,10240.0,7168
8,1,resnet101,ee7e5e09d2ce3f42cf21abc4e472e33e940adeaffda4a016e2d5f132ce5aad6d,8192,10240.0,7168
8,1,resnet152,c51f774b2295057c8b9f8adee3d42219c65ba624cf0a45e0b440a1740d76e13d,8192,10240.0,7168
8,1,resnet50,732aa97d2fae79f0e604252942af6d2fe95affe3ca7af8ee0d9ff836aab48718,8192,10240.0,7168
8,1,resnext50,c9de949d8ed80e03d19caf61c7eccdcfd43067b63bdc545d394cce51f7c9dae3,8192,10240.0,7168
8,1,transformer,e47fefa6347d1775f336e61687cb4a307dd8b26f0f56821621dc4ee1c657a06f,2560,2560.0,2560
8,1,transformer_cell,3f7626e916bda519ee2db32318459639e1e9a99d2b6729c83435eb759346b9d9,2560,2560.0,2560
8,1,vgg19,dde3d2607189a21e65d9574f8a5b6f47bce0c61a556658dc857c7a6931e6ebbe,2560,2560.0,2560
8,4,bert_block,0439dc90413fbf62331662f0d238b3b9f3dc492fb107cab825b1b27029fad690,5120,5120.0,5120
8,4,darknet19,77de3a88bda4a271c19a2103125c834ad84becbc61ef62a38ff98af0d6b5995d,6144,7680.0,5632
8,4,darknet19,a65f123b629563f266419ecdca6b9a5b22788081f37c295f8c9d530e2a095174,6144,7680.0,5632
8,4,darknet19,d5b9fa575a1dc24ce907c206cea33aef1c7cf0468d2625ce224c32d9ca0ca4cc,7680,10240.0,6656
8,4,darknet19,74082b913102e098ad963f7abd154479014a80bec618652d4bbf802717125b8e,7680,10240.0,6656
8,4,densenet,514dae0bb4f91a29149c4426592e7e9b3bd7627be2470417fd4064727e80297e,10752,12800.0,9728
8,4,densenet,33e630fbe5fa82fabc74d1e0de9efe43093a5daf2e57427156fed9e4a0ac3382,10752,12800.0,9728
8,4,gnmt,54cb68e961d45ad2bef18546a017d399b603c9c1066db35d115a1cfe2c800bff,10752,12800.0,9728
8,4,gnmt,c0aaac79ac07a30901d11f99ef76c37bbf5909bc1f0cd9840faa656405ea0c38,10752,12800.0,9728
8,4,googlenet,c8d68d8d1e9f0533a77821bba2a4f93d8cf7b84c83b547d0f137e2f64913562c,10752,12800.0,9728
8,4,gpt_decode_block,2c7b84261a445ae79882ccbd29d8fdefabce068160676aceb33e126061a23a1a,9088,10240.0,8960
8,4,gpt_decode_block,a5eaeb6fd5e786c5bb9c9a8001b39b7262a55e6dd332b70eabdc8159936306a4,10752,12800.0,9728
8,4,gpt_decode_block,b71b5e57c85cada30785d40b8941ef80131d1ed25c190470e9b487af7fd66fff,8704,10240.0,8448
8,4,gpt_decode_block,231bb19845645d451ae696f1b5ca3f596ff190086fb4a82b8db1409bfc118b4e,8960,10240.0,8704
8,4,gpt_decode_block,6d7b1dc9e3ddb68fb70d18557a28eb6095f973b7a56781b7df5dc3ac55b5208f,8960,10240.0,8704
8,4,gpt_prefill_block,e942000fb27b005221270ea39be000c3bbdbc4e4fb519f1a578e94b2ece4238e,5120,5120.0,5120
8,4,inception_resnet_v1,ccf1c128154862723d04d1fdad3abe9f57c35a138742c47a1b8b0f83b3244aa9,10752,12800.0,9728
8,4,lstm,d5b5d9fb2f55cc66be14b977712ab6d52ba514ae56d13850de7aa5f9cb05fb53,10752,12800.0,9728
8,4,lstm,1dfd3fb23122a1631d11d1d7d86f8c81d3d11e3be6a0f9f58261011dc37af412,10752,12800.0,9728
8,4,pnasnet,1eceaf8d1886b3f77c154f50819198e51103ec72abcc0ef8c233f78ccfa1c953,10752,12800.0,9728
8,4,resnet101,5c12e46e039d43300b8910082523ac8512b8c6e3cd0103eb522b01e7c86b109e,10752,12800.0,9728
8,4,resnet101,78823e186f55e3915bfc571227b82c41c14e6573562c67cf43db0c48dbb185a3,10752,12800.0,9728
8,4,resnet152,d11bb32df93464fd6106c7e499ee98bf11b38084b54e98ba0dcadc53a159318a,10752,12800.0,9728
8,4,resnet152,603760bc0298f4fc07036955ac87f764348d62b73d39006c4db6acedc0507640,10752,12800.0,9728
8,4,resnet50,3213e499fed8b4d93f1ff7678079fda3f9a1c6d27b8cbf6073b25cf1b33b8c4d,10752,12800.0,9728
8,4,resnet50,f36bf4d7aa3a265e901f097c37f41afb98e129c5d4e5a867eaceacd3533fd72f,10752,12800.0,9728
8,4,resnext50,9008a5466aaa97dad40fa029ba98fd9c0f0c9a2d8dad6cd5d9ee4f138831f384,10752,12800.0,9728
8,4,resnext50,65517a26b73dbc9c2f656d5750b6343e60e0b57f6937a736d139975ef0d730f1,10752,12800.0,9728
8,4,transformer,5780b708167d1bf1abacc627276b6c9fed2446e6c598360185006d7cbc9794bf,5120,5120.0,5120
8,4,transformer_cell,6eaab023f27d76aea9401425190e7ba69754a762c0ebf66c05e3a0a4cca933da,5120,5120.0,5120
8,4,vgg19,5caea1c7a8afe28b1e08db2cebdd9fb730af04ac0dc46a966730781dfdf4550b,5120,5120.0,5120
8,16,bert_block,a112bbdc09347af1215d14ffd3e6f690754673018032d9a42351d3c876485fc0,12800,15360.0,11264
8,16,bert_block,2bb8004ac25e3b651c4d8fdb07a6620813fcc9bd6ef7a298c98e61015af02a1b,15872,20480.0,13312
8,16,bert_block,f8a8fa1b24a914d2ff787429131b216e574eaef1fa14718e86b363551be19732,14848,20480.0,12288
8,16,bert_block,0d308b7aa8d0035fb333b19bac84fb941b3c44eea2de4367616f3865600b43b7,14848,20480.0,12288
8,16,bert_block,8de13e88ad6e4bf93e22ac2c3d76011a2edea0a9abc54cc7c4475117bac62f26,15872,20480.0,13312
8,16,darknet19,db0a582f3d0775cb7865ab0b8f331c5a524c3824ab7b2e1408dcb27c3e9248e2,16896,20480.0,14848
8,16,darknet19,f65eb1c571512017986d6c56ad874db22064532d8e487d94b0584d3ad57a4689,15360,17920.0,14592
8,16,darknet19,75a9ba5c90f5a97df10b266cd3961e58a215cceffd44e1a0c182a1b5240e5f01,17408,20480.0,15872
8,16,densenet,cf4c20389bc328439cbbf007e88a2b1fc81547ee61918ef7e32e0eb6d96f45f5,19200,23040.0,16896
8,16,densenet,074d075be3f1665e605020b3429e76ced5364045a606543df19c6b17f27a7a5a,18176,23040.0,17152
8,16,gnmt,139b29016bac5200febc9811c3eb46f4dd87cd0c473787167b4972a5cbc8555e,18432,25600.0,16128
8,16,gnmt,b0ec72cee84a0f56856ff6ab22134a5241f7395391073054f1c4622106ec7d0a,8192,10240.0,7168
8,16,gnmt,b8c6bf331e72b74c7b68a8f0da70fb50a57e05559bbb8c6af301ee87b49f4790,10752,12800.0,9728
8,16,gnmt,c4605a1450f1dc102b4d8db229895c877d9e7b2ddf6fe5961d7217b74b21636c,16384,20480.0,14592
8,16,gnmt,8a2cbbb53183428fc63b2960482a86593040d52490d666abd7e22fa33c8fbd3c,15424,20480.0,15424
8,16,googlenet,dfe8f171623a2d7efa2e8e32a47d9fa1d5c398792348b309156ec3e7f6c352d6,19328,23040.0,17152
8,16,gpt_decode_block,de472853076dbd5977476aa71affa0e0143a4d369d2a81be7fa4e259991e4a77,19264,23040.0,17536
8,16,gpt_decode_block,7cebc2ac419f6d64a0870514fab0f78da3e6764303b3c7c9bbc41dcd100f0f67,16576,20480.0,15616
8,16,gpt_decode_block,a8839ca674f6e7cfd25b4feb7c9229824598782e60a3ca634ae43cd5b31482db,16832,23040.0,16000
8,16,gpt_decode_block,19e2f3ff37381ae2fe7ec4571d95ac1bb88d410e686a071429ac62580914418e,16384,20480.0,14336
8,16,gpt_decode_block,878f5e0d528cca268229e3a4a4516995ff6ec1caa9f49bdaec77fe9d28b2c170,16320,20480.0,15360
8,16,gpt_prefill_block,e44dcfd20afba94472f76f68794c0d8a7cbc934bbf6ca2845ed670cf9f0c68ec,14848,20480.0,12288
8,16,gpt_prefill_block,81a6c1e51696a80e48085153474bdd6730f74334675a0b85e4e0382a151fd10b,15872,20480.0,13312
8,16,gpt_prefill_block,96da1c10349fb1d861b95572f7f2b97d1fdf5c1a6eeaf2ae685ae5f5131f492d,15360,20480.0,13184
8,16,inception_resnet_v1,5669b5af2e7d292b39f8f373f894f48f1115b219d7cbce331ae3b9b958a34f51,18944,23040.0,16896
8,16,inception_resnet_v1,4f242dc6a3ea8f20adee9d4f7ea16c01bdef005efafab5f4f2f38e993fe65f33,18688,23040.0,17920
8,16,lstm,90a15164708523df2fa10d2ee031bb0e8d17b715cb49572400572e8c132f867d,18048,25600.0,16128
8,16,lstm,b25bb2b4a699ba0621edce8e66d2b8765236783cfe5c6f293069ca64586c96a0,8192,10240.0,7168
8,16,lstm,d5a5e4ed7567d7f60758007762878a72f4c7dada0c1d5fd5cd87318da86377bb,10752,12800.0,9728
8,16,lstm,1b39da5065f65d1ecce00c4e13d63dd1bc64ea716a3255571bcfd5995c8e9efc,15360,17920.0,13056
8,16,lstm,263b18ccaa4bf347e6587a69eac5159c0490f5a3eb7301ba32a947a2ce056569,18048,23040.0,15488
8,16,pnasnet,44e3cd417bf8ceab6a5e0f2da959dda7c694245879ba09767783a9a1c05b2a3f,18048,25600.0,16128
8,16,pnasnet,c8d06e90af31ba45589765556046701cf14827b0a32706945883e2818a9eaee6,15424,20480.0,14784
8,16,pnasnet,544ae8948520b629bf3a8f9a31078f1c147f196da7fb617522a777bb63710b15,16256,20480.0,16256
8,16,resnet101,975035ad96de960072d552bcd53172541e239c477f964a625b3d336ed4f11abf,19200,23040.0,17408
8,16,resnet101,cdd1df9f354c519717e790dd2fc07cf817797e721d1726e5505d03b63db0d7ca,16896,20480.0,14848
8,16,resnet152,92a7d3d2324c0d2e93d47546842d21aefd17cff681d1bb1f73d1da9e9961ab85,19200,23040.0,17408
8,16,resnet50,fe6fe9ecb2f7e80f91ddd6b5a4789db615c4edf4887a354a7dac7efef4dbb1ca,19456,23040.0,17408
8,16,resnext50,df97ed584ab7a290862794cf93b46bdcbcd3b09ed2c353b2e261ef5e073f9759,18944,23040.0,16896
8,16,resnext50,5404c7141aa97f3df9a815b60e7f75f6470b13feeb87f7ce4a51ece5434bad11,16384,20480.0,14336
8,16,resnext50,a3f80269c5aa55e2d12631842eaf0dbb6ac626c29a92a8203d43aa124dc45843,16384,20480.0,14336
8,16,transformer,ec59af075c74e2fe2f5682f55e8447e125eb303d1c3111f05d5fdc788b5b98da,12800,15360.0,11264
8,16,transformer,f3f935e1010bc7e2fb45dd464c005e55663434c9f739897e9c56066ffe3ed897,14848,20480.0,12288
8,16,transformer_cell,ddbe0b294e32bb4e5774c5a9ffe295d569b2285a96415ab5db7226e7d704047f,12800,15360.0,11264
8,16,transformer_cell,e94dd8a8d22a46ec9323c58b37050becaa57ba6147d4a622b112592383f2cb5b,16000,20480.0,14080
8,16,transformer_cell,661e94ae42a834d58ea04fed5d43a4e8f153e82f002c12d66130884e78b3c51f,12800,15360.0,11264
8,16,transformer_cell,4e29f6bef127ae0ba2b514334fc47262e4953fff31471bd93b2992a7548378e9,14848,20480.0,12288
8,16,vgg19,506495881d83cdcd252f816570f599bb7abaf5dfab29727da1e821963e98c853,16384,20480.0,14336
16,1,bert_block,0e25d76e84fc9dacbc1bcb604827c8cd5976f1b533d7815ad8e88989676ee4cf,6144,6144.0,6144
16,1,bert_block,bda79f29e458af4ed80d3d02db353695059768dbd271eb358feb6e219be2dd17,13056,24576.0,13056
16,1,bert_block,96b6ba429d63dadf5452e0c88e0aed6f7fcdbf94f67561676be0f43d4feea513,13056,24576.0,13056
16,1,darknet19,e34517f3801a33b40a3a4003fa37a8b88d178e27ed6a2c55a0a7400f8e9a804a,6144,6144.0,6144
16,1,darknet19,5f97c80c46675a9ee7c46febf8ac0cd78280fc216b0e748e47bbd0fb85acd020,11264,18432.0,10496
16,1,darknet19,ee17bf238496b3fa77c9d51be118613984d84626f834cd8ca5a4fc940fc32cad,11264,18432.0,10240
16,1,darknet19,337ee8b036ced1322d292265b5def51af0f0cb4e122304febf051151857de884,13056,18432.0,11520
16,1,darknet19,ed782e86a8083199e4b31045f60978798e74b162ae00382e50dca0be7a316f6a,17408,24576.0,15360
16,1,densenet,6a86c47d89f91371c961c772163ab8c8c194c88133c0316ebf1c24e1350b8ab5,19456,24576.0,17920
16,1,densenet,1b414742cf9c1ee630ded902cd06a40eea8af99ee4850101c0e33e72b23267bf,20480,24576.0,18944
16,1,densenet,288713f02b5e941cbf8a55f95f79e63a82008ae4a332efe90cd2df07791640bf,20480,24576.0,19200
16,1,gnmt,f9aa80f2ac8b004f70585cc266b13c836435173c0fa9c76ad2f02d1f1c20c956,19456,24576.0,18432
16,1,googlenet,10b75e60e197ba806d4d928f2ae033765f2c8cec2ab3a31a43e6e674ffc770cf,19456,24576.0,17920
16,1,googlenet,9ebeefbbdcaaee29db41356f356e8ae9a3d4fee20057b19cbb3164f8445ce640,20480,24576.0,19200
16,1,googlenet,46b1e185ccad7e7a5277b1042687745628514664a0afb77035a039c30c09abe6,16640,18432.0,15872
16,1,googlenet,27fa36eaa98fce4d560eb4e9ef9b3280ccac536be7de23ae1a615b043c696706,16896,18432.0,16384
16,1,gpt_decode_block,a2fc5b9684596afb701ba56022511f6e9a075f490a9030b3c4cc555b885654e8,24832,36864.0,23040
16,1,gpt_decode_block,087419b796ba428086b3d45b5784d1f34bbc0499358aa368dd12412fb7cd9559,24320,36864.0,22784
16,1,gpt_decode_block,cf229f5ce0c9fa33ae7053d9cb89f9f68c40e4d20b3b85f37537f72e6ad0a165,24320,36864.0,22528
16,1,gpt_decode_block,bf864eec9eda8ad85cdfb5e36d20199e7e95f81c7ac43a003b75729dd7e123bb,24832,36864.0,23296
16,1,gpt_prefill_block,8a153872e3fbacef8fffea73af765d53cee231025f026d3f2ed25a78db7fc886,6144,6144.0,6144
16,1,gpt_prefill_block,7b233227d54bb21089f78ead04520bcb86dacb6b9e989787abce33a3aaea00bb,13056,24576.0,13056
16,1,gpt_prefill_block,89ae9ca27fc3eb976fc2e9125678a0bba6819dca82593b40bd2c48718f71eeed,13056,24576.0,13056
16,1,inception_resnet_v1,f4eb5fbb27af945ea08567c4f2026d04443fe72fd94add86568f148f11547607,19456,24576.0,18432
16,1,inception_resnet_v1,efc3fab37268caa53e250a107798e5469b0af31c19d0b6c049c9c2b65afd7aac,20480,24576.0,19200
16,1,inception_resnet_v1,1a208d71fdea97ba06b8b039c2edf313e68ef86046a80f0082f01562974a5d9e,19456,24576.0,18432
16,1,inception_resnet_v1,60ab32633fe1437bd874939e510f2aff2437ed27602f55677669487f2acd07f6,20480,24576.0,19712
16,1,lstm,12b879770ca261450d18737d272468e02438c9a0b8ec779a5f79819b76c28519,19456,24576.0,18432
16,1,lstm,4bbbdcd196b4185c31edf82b980b569f3c9057270d383aefde21d671c1f6b49a,19968,24576.0,18688
16,1,pnasnet,1ae0b5a32c200a35a23ecf3a6874f90e7ae76dce1439693e263b644fd9e083e1,19200,24576.0,17664
16,1,pnasnet,cf52d822869e25feea7bc388865cceab90ece2ecf323684b201e695697f37384,19456,24576.0,17664
16,1,resnet101,2f37063ce9d4b9fb9e1f12f4f343007763ef408d7f27e997d30ca0f1f77212ea,19456,24576.0,17920
16,1,resnet101,93e28f5dfe2718b01eb3786b858a8a7ef9dd7fe93f301e08fc9894ac7f0e8780,19456,24576.0,18432
16,1,resnet152,d34b763f04de61f55ce483eaea3c71f33d9bc57038d74a59cccc6049265ae425,19456,24576.0,17920
16,1,resnet50,d9586dee7c13ebb103155b0a6a8bb2b0bc2dfa8af83f10332f62cbf0c1f89df7,19456,24576.0,17920
16,1,resnet50,d25e25d9a5857cc2debc27b34c16ce6ee5d8ea9fb471f930c41d13bcf45ae530,19200,24576.0,17664
16,1,resnet50,ce628f523213f283c296cf3aaa00ec30d9ea44101304257c5d0b65f4dba98f68,19200,24576.0,17408
16,1,resnet50,5915c3ec7d38fa55d3b03deb06f93606a4a3136e97aa5e4f9bf97a6eaf869860,16640,18432.0,16384
16,1,resnet50,df8df26b9a2ba11b4c90dbfe931d57c29dde90f21a1b59927f01ca34f5b33379,19456,24576.0,17920
16,1,resnext50,3a2aa7e03bddce7c3de201004e30d4c1acdff8f6fd1daa0e1a90027816f5690e,19456,24576.0,17920
16,1,resnext50,f94cd68345081771da6a908fda525fd604c6f8f4056ed8b485a16dec52f3a9ea,16896,18432.0,16640
16,1,resnext50,c0bc6de4f278b248ddc907ff9721f5073bde5b00434080b8e5578baed54b1cc5,19456,24576.0,18432
16,1,resnext50,cddb63093e1ca922eca21423bad75251b9126418ed135a7cfb493a636e2d4719,19456,24576.0,17920
16,1,resnext50,501590a3024ea91a98347016dc7b744b98efd7aa50f20602c37f3c00b8bd63a7,19456,24576.0,18432
16,1,transformer,817db136f3e012c4c0348cb6acc9bc52bc59f25d5e9a91a6094235d21d00e31d,6144,6144.0,6144
16,1,transformer_cell,a0163ce5001601c5e5ce7f1c3f89633d56c3408b25a42439c058bdff6478d17e,6144,6144.0,6144
16,1,transformer_cell,efbecd35d6ef1a5cf82b9f42006316a9f58b4c9fc3118d9a190962843e728874,13056,24576.0,13056
16,1,transformer_cell,fbee63bf5f527c988fc86eedf8f4fe15bd785ffa11ba2c089dafd57f876590d0,13056,24576.0,13056
16,1,vgg19,02556a3a4a776ea0f8d1d1ceb85eba00f3c8d83b68cc150930356d3dd281b122,6144,6144.0,6144
16,1,vgg19,c71d96627f501506a875f3c6abed01de8eac4df148b711bcff1b808a9acb09c7,9984,18432.0,9984
16,1,vgg19,989fa4fe8aaf928e2d76d64a2125e00209e7649e6d75df95cc56dc954a8c1ffc,9984,18432.0,9984
16,1,vgg19,f04a8ce75cac78171858198d89f543fd2fdc6466d4c227cbc514f872f75287ba,17408,24576.0,15360
16,1,vgg19,15df9157e228c6950655fb8b1ff034f2a2126b6d3723b655643e17bb2bf92a42,12032,18432.0,9984
16,4,bert_block,130b9f54aef199dedd1969d61e62407fdb1e3754ab9a13566144454a3d54e5a2,19712,24576.0,18944
16,4,bert_block,6c04323ddc42f4c3295d24b7d525e6d071bd33a263b742856a3eb7a14cc331af,20480,24576.0,19712
16,4,darknet19,e51a719a0a8081a475dc2fd20ed8389c67bc9edd423e5379a8ba0f4a26bc364d,26368,30720.0,24064
16,4,darknet19,8e96648f02e0255f53532b3a5069f4d1a438dc5f03f56a299d130a756b8d38b4,26368,30720.0,24064
16,4,darknet19,63614c84ad7aa487b857e6764a7b9163bc83f28450f52d3da895b05af8a1a0c0,18432,24576.0,17920
16,4,darknet19,61b914099c59b2877d5d4d66131e4a59ec5cd97e4ae959989ff40731ec3a9bb0,19456,24576.0,17920
16,4,darknet19,6cd4239c95192ae44a7a1eca69ff55bed618059eacc8e3faf7beeed9ac8be4ac,19456,24576.0,18432
16,4,densenet,a8eb6442a987026511ff1093b771336676ce45309539dc7626ebfcda4243ccf9,20480,24576.0,19712
16,4,densenet,b3fb45011dc0a3e5310e2fc4bb91317be89762e16bbf70b1acfd8c36403cc3f8,23040,24576.0,22016
16,4,gnmt,f362af8317812f2584b9c326fc064ad608fdf913c50206b76901d61dc8068666,28672,36864.0,27392
16,4,gnmt,5332df17ede1df99b2c7644d48be59923b8e5a000b4ebd7261cddddf228a0036,19456,24576.0,18432
16,4,gnmt,98635ce430146742d0fff8efb4d3362018158ddaf8e7acd4de3a3ed82882a8bc,24832,30720.0,24832
16,4,gnmt,8a81fe427c07960bc4acd9c08213faab3f36bdfbebd9d88c6e75aeeef492e31a,26624,30720.0,25472
16,4,gnmt,a25b72a8ad5a1ecd5c075c022a86ffa3298ece48ed2cfe1947e2066ca5e69a5f,27520,30720.0,27264
16,4,googlenet,c3f9c9e23cdcf37b7cf5ee94d885c593ae540fd710fe6cebe045e9e16c816f9d,27776,30720.0,27392
16,4,gpt_decode_block,220e5a89e939e774b3b0229c5ab1bbf0316abcf6b5be95176e8546271f901600,20224,24576.0,19200
16,4,gpt_decode_block,984f90cebdeacb19a0697793c22222dc8899a6ee770bf5749ebe866a304e4ec4,20992,24576.0,19712
16,4,gpt_decode_block,d90f456ef67888b05a919f927ec1e84741008281045f5e681a543d4dc0c9dd9f,20736,24576.0,19712
16,4,gpt_decode_block,ec54a5b6b5651cd8d6635a57b18c8d1e6020fede6c2df9cb7a296222dabedd45,20992,24576.0,20352
16,4,gpt_decode_block,963ffee65ceb3ff81611b366aecb4c7cb0f7d50bfd935c7acb908aa87161ea46,20352,24576.0,19584
16,4,gpt_prefill_block,bc5c639bd9604879570194a5f3697215cf16028e8b277ad8d1e2f16a28b24cae,19712,24576.0,18944
16,4,gpt_prefill_block,c31e3f01ac0100c63534aa65aaddc6fa90ffafdc7790e6f157ea0e9aa5051597,20480,24576.0,19712
16,4,inception_resnet_v1,70430177ad5f3e277f0d6235b9fa8a05549767add45f129878163b5b53f6f5ae,22528,24576.0,21504
16,4,inception_resnet_v1,444f0c31702bd1544337c23ab665da240cb20d3bf038f63fe068e3c023b211f7,23808,24576.0,23040
16,4,lstm,eca71f260d09ccf7e170a1a0f0be7da5529706c510c0830741b1882afb4c3d77,29440,36864.0,27648
16,4,lstm,804e4c99c3e3af1b553d9b90f059db9ad49d6de03025c6855f9f7380210ac4b8,19456,24576.0,18432
16,4,lstm,bde1932d91604f32049f81c34d23b71c2fe6818560b511183ff417628088e770,26880,30720.0,25728
16,4,lstm,2dd3add88d022a88514bc49a113718bdaf906dfcfb939238dbbf920c4cb8a016,27648,30720.0,26880
16,4,pnasnet,71ab0ec1e444a403a5d80b5087181f8aeebd9928f499cae3235c183f7160cd79,25600,30720.0,25216
16,4,pnasnet,f2d71829e7377e227100c47b3fc61069658253b98d630dbfc5bbec08db787b7a,22656,24576.0,22144
16,4,resnet101,f527a913986c6babcf360d576479af6664152693331da80049b56976e4f90e2f,26368,30720.0,24576
16,4,resnet152,9a4a106c0f5e0219d828019bc96de66a4711b689e9819e854c1dfe48270a40e8,26368,30720.0,24576
16,4,resnet50,ffd2a81e0e74ff3a6c5fda9325b5d46fa13798ac5ddb7968be3322a26cfc13d8,26368,30720.0,24576
16,4,resnext50,4467f984a072d65b2b3770a2f227fc1cb3e4a2017990b92277a55fa7aa4820b3,26368,30720.0,24576
16,4,transformer,b0d24c97dbed74bbbd495c6dcf1999452a919fb590a0929b8fc09640a649bc7e,19712,24576.0,18944
16,4,transformer,827ce2f22ed339b76dbf7858df636869a2fea59bf739cd20173d9e5449e21a41,20480,24576.0,19712
16,4,transformer,c8e545e56dcc3c86446c0482b1eef224a30a1f0d706167afdee69ae2a9dc6b26,20736,24576.0,19968
16,4,transformer_cell,bc13290724dff92acc57e61c7a56c3254a66ab0ce9bffbe47f9eaeb1d267113d,19712,24576.0,18944
16,4,transformer_cell,52587e24635b06c6f9ac7e6b7dd544541390b8fcd79959adde6b7ae7136289c0,20480,24576.0,19712
16,4,vgg19,4ab4a9470720e877c514f35aff61a31fa8599a40e1964ce68311578230a44e9e,18432,24576.0,17920
16,16,bert_block,96366a72df312e88affddc1a3b02eb1bd0192c12caafee885c3024d7157d8d27,44032,55296.0,41984
16,16,bert_block,1a999df91aa8a1a18d9ee31104d68fde720000e820e0e95c51296e9c6d570537,34048,43008.0,34048
16,16,bert_block,e2ec857aa3913de7733c7e4fc9348c40417a59ee57685332affe0596697d9f38,31808,36864.0,31808
16,16,bert_block,652d585776902757715bcfc81f3f548eb81036131d7b18860dd0ac34bd8fc2a7,40128,49152.0,35776
16,16,darknet19,16c07e40e74fc58e9908b6b778a584cc5839170b80cf9e5ba0561ed0fceee0df,43392,49152.0,39296
16,16,darknet19,52a1749fe3b0e6126afaa8051dc08ac46024dba3c1edcdf228c65b92ff1f12f5,46336,55296.0,44096
16,16,darknet19,509afa567b3876989d1237f5bc43764a041c9d44cbc1648951a4e4547c7f404b,45056,49152.0,42240
16,16,darknet19,b7c8f586339a9c1c4e47d76fee10b7c41aaffc53a171faf0f0e4bee7abbb716c,46336,55296.0,42624
16,16,densenet,cb170db5f46465d8da0d5cc37c53205664adccd8394cfa8b54d7a1a6c6492325,47616,55296.0,44544
16,16,gnmt,180d7be47fd1332712292a36b6b7d74cf7174688ba63628bbd299bc2e1aead55,47104,55296.0,45376
16,16,gnmt,e46f84c214cd134d84bc45cd2533ab24d31a80a2d1432507ab6a7a62ce73fd57,14336,18432.0,13312
16,16,gnmt,a44d2667cc7f0a692696fa8f57e25c6374f0411f80e6bffcb627cac6b1207458,19456,24576.0,18432
16,16,gnmt,ecd8142fa83a5ec96a4220a4b891c0c2f240034fafef4da67bacd2439be1a6ff,40960,49152.0,40064
16,16,gnmt,ec4977e572120e9bab7eddd7bee44882c255dc177c4165a01d6a537d39258e5f,44224,49152.0,42368
16,16,googlenet,18183a900ea2f4ed31abe6c1fa1a426ca50cdf8e57e00257750b1df52df39eaf,48320,55296.0,45312
16,16,googlenet,f7d57dcad3cdd8bc3d39355751139d5eecbf789d2b50cdd9982a8f547984dd79,44288,49152.0,42496
16,16,googlenet,db14802cc4ccce870e8ac4850ce53373dea5d68d7f8077fda6a875dec3f83749,44288,49152.0,44288
16,16,gpt_decode_block,e7fb794e7cf4492e5a41ebbc83b6b6b1f3d3dbb1b7e630ded429f839bdf8b113,37696,49152.0,35712
16,16,gpt_decode_block,f174eb7b3c9a40c0f12143e74c869081e8092fbb4e6b777862e376c2ba456291,33344,36864.0,31872
16,16,gpt_decode_block,f987e9bdaa07fe2f5ec90721e6d49f9dd48830a49f86645a7404e0c190740635,40000,55296.0,39104
16,16,gpt_decode_block,b59231c42161a15d49c3d328743c10ee1534ebecc03a26df79706346ecfbe19e,34048,43008.0,32832
16,16,gpt_decode_block,3ce8ad563905177611e234da1aaf97ba0d4c7e8d61c6098871d330e2d683d4c0,32768,36864.0,31936
16,16,gpt_prefill_block,4cdbd5f8bbcd8489acdc52bf84eedc239f7c18823d49556f6d2ac959a4a06c89,44032,55296.0,41984
16,16,inception_resnet_v1,8971305db33408bde11bb2d8415930b4e1cefebd260e5c9629b7fa3206e408fd,51328,55296.0,49344
16,16,inception_resnet_v1,c1518cc3ce1b2ee84d2d7e995e4c41679b9357de05a84ac0f8a3eb493851293d,48448,55296.0,47168
16,16,inception_resnet_v1,4f121ba911408b5cad8336affd77c0038930159e3a10e05de1837f51dd935fff,44032,49152.0,44032
16,16,inception_resnet_v1,4ee5eb2ada69c022a66d993bd40678a21200d403a659f560ae88af42ebb56abe,44352,49152.0,43008
16,16,inception_resnet_v1,5a92480c25bd4afb36cdda16ce0788b29f244b27ea0360814a4378ad9064baf4,43584,49152.0,41536
16,16,lstm,c36f9b1c02d432b042d70eed83bf4f0450909c467d68ea3b510eea055ad310ac,46272,55296.0,43648
16,16,lstm,a54eebdede23e55937b940ab3ac1ade5dd5c9e14704a1b7e7f77248df6911f73,12288,12288.0,12032
16,16,lstm,aa2c2a25eaeb7da9cfc9bdd30b4f4ff18984b13e1d1fda2078ed8d312e3154bf,14336,18432.0,13312
16,16,lstm,0a8ff8c6cc0c1aa016d9a8e2fd1774df5380ff383aba7e1e7aee073dc6bddcd3,28864,30720.0,28096
16,16,lstm,1f1fe714541087aaa316a95c70e3d700c170cd1203a406588917310458463b97,43264,49152.0,42816
16,16,pnasnet,161ae541817fea502aae605110452a21de0451eb25dab2f446f9745839da084f,51008,55296.0,49216
16,16,pnasnet,cb86548788980058d50affd13d6d6cd9353019efd228be95a6ce4c868e4a6f15,37248,43008.0,36864
16,16,pnasnet,8fd012c7c9a168d76f269580cf6d3028e6ff818e792295a3d6571065034d82c8,37248,43008.0,36736
16,16,resnet101,6b363728928f7f35647d028e21067798da046450ac59c73a8a2e65a042e6230e,49344,55296.0,46336
16,16,resnet101,b2e3161edba27c5a7a344f17af9a23fefa1b6e7748674cbf903d51c6b63cd11a,44032,49152.0,44032
16,16,resnet101,64da2256696c5b7f7885e6794730021d55e5eb1a47ad1de081a318c625c93691,44032,49152.0,44032
16,16,resnet152,39c585c395f87574adf95a76b355c1bff52ea4b7fe18a5f98f2197d380195075,50880,55296.0,48576
16,16,resnet152,5057705d9c413255ebce2ba8f58fcf8a864de880cfedb2cc90be47e730871b37,44032,49152.0,44032
16,16,resnet152,c0daf9bb966b1ab0b81281f5544191f041ac0831247deabb40682b37893f9b73,50368,55296.0,47424
16,16,resnet50,2ee7c37da3e728afbe323da349305ce2ce54840de119c8051810b53698ce747c,50240,55296.0,47360
16,16,resnet50,db46eb8438bbe8cc42633137db6dc4803aea88f1804c7102acf9bc880936d2e0,43776,49152.0,43776
16,16,resnet50,60c93b33f0abf1e3f3258368cf4d90053f9bb50d062b51045bd1708c2df18060,43776,49152.0,41728
16,16,resnext50,8efb7a4e03bc25bea908293dcacc34034aabd7a6ce3c6f583da3dac288833870,49984,55296.0,46720
16,16,resnext50,e9a4cf2e5ab77a6ae2d8c160251c41fac18a4c58f35766a6bc651f5472058871,44032,49152.0,42496
16,16,resnext50,b18d9c2a42829b598443da9e3243d3792b04568f782a4edd599b98a7aa945cc1,43776,49152.0,42368
16,16,transformer,9dc3cfa9067f8f321a1c4acd3fb7ec7047c914c9dc5dad018f75aff6c6b582ca,44544,55296.0,42496
16,16,transformer_cell,23dc196ac62b49b4aa8702b6c7830984d4b3b213a3a3e1be574e9c28ea00ef3d,44544,55296.0,42496
16,16,transformer_cell,7a8616af77c9e617858da4d5d7e5a35138607b575e7fd3122751665da2e3dd76,41728,49152.0,40000
16,16,transformer_cell,d49e41c7d6344de8e932f303ac0a5c92bd5ea04f43d1de3175608fb0845dc720,43648,49152.0,41408
16,16,transformer_cell,fb0beb862d0d36e49966df43e529668558a4fee01c59ee8617717cdd7b4c629c,48704,55296.0,46720
16,16,vgg19,04e2b8dcf7e09c8e1bc73878486f3df681a6bb4340ce0cc45f9eed64b3572fdf,29440,36864.0,27392
32,1,bert_block,151f284cda79f191b443927a88daec03b8a7228cb8a1c1c6670f2ed8a063b195,13312,13312.0,13312
32,1,darknet19,b36066763db9e0b8f9ca4bcd3ff72b7c59853ce788459bee73b8e0acb58420f5,18944,26624.0,18432
32,1,darknet19,287434c489f258c119aac03a1bb81fbe0571b0a7b91b8b1cf651e8b07c6a3336,22528,26624.0,22528
32,1,darknet19,fd42a78be11ebd7c9dbc78d82ef02c9dcc242569d037ba8982363834180bb9a0,22528,26624.0,22528
32,1,darknet19,1316315c273bd32ad48c642b1ab2397f82c532901e9ea23b03b5de7651ae1a06,20480,26624.0,20480
32,1,darknet19,992f3675a84e92556ce5f4089d1d11c089c1e04f127dba0026364c4fd27f216c,20480,26624.0,20480
32,1,densenet,333b72e0012aa388dcdae618d08f405a00630bab698d59b2fe0785c455a0bf91,52736,66560.0,49408
32,1,gnmt,2d48458bffb1ccb03f97849d25c2d7ecde91a59c981992efd56fca6f57d0a414,55808,66560.0,55296
32,1,gnmt,9e08f9afc61502c69e35c89ef94908ea8360cd4dbc2dc69f5f397e9f9dc2b0b4,60160,79872.0,59648
32,1,gnmt,887e6852c176ec486358be4d0febf877048ccf8970de2bfd7833b88d822ae642,58880,79872.0,58112
32,1,gnmt,56809cc653f505e2c66c9024ab92302f41a638309c4244d5903f72e473864527,65792,93184.0,65792
32,1,googlenet,d252fa0a884c7cae000966890b22c1109d39275e5dae6fddfe3409023aee4ce1,52736,66560.0,49408
32,1,googlenet,55efc58d800037f60a5165fbf89a1dc8beba3ee1c610f8acf0673adeb92b2ab9,44800,53248.0,44800
32,1,googlenet,152ed2d94efedf7fc1b7429141feeb184199c94feef53d8db0bfaac4f317adf1,44800,53248.0,44800
32,1,googlenet,8e70abefea794043de47b17f970a2ea0d8ef410f4f15c3aed5a823d2bab65cc4,44800,53248.0,44800
32,1,gpt_decode_block,4b274ed7b0b12e6b07c0af48777fd1efc53d4c9418e9b9879410142712bda49e,46592,53248.0,45312
32,1,gpt_decode_block,31d2959a40468205c0033afa86cd3c34c45a7c498948f00e050dcdec2ba427ab,65536,79872.0,65280
32,1,gpt_decode_block,28ec1d47d076f4950a995ec49ab294357d0c16fb1f07222aee5dd7a5735d93b0,66816,79872.0,66304
32,1,gpt_decode_block,84f91f4f3b24590ec7ba7955258fce6907df4e51a52addbb35f5d96b8745d3d1,56064,66560.0,56064
32,1,gpt_decode_block,f2c8cd1a738617af513dc7fb1811b7307ba6ae699fcc3abb57ad14fba75761b3,60928,79872.0,60928
32,1,gpt_prefill_block,fc1ff0dbd9d639580dae2e0797a8e66faaa14c98ee6ca4e4276f32cc79946461,13312,13312.0,13312
32,1,inception_resnet_v1,de0734c9cdaaec62d9fa0271d3035460f060275d3a11bc0ea5c6cbf77a26e265,55040,66560.0,54528
32,1,lstm,b922596fbe13fe439689d9dc76ebf29e15f398c3c00789a5b8ea56dec12b2715,55808,66560.0,55296
32,1,lstm,4ca20c0e8cda27d9d4ac81dc43e10d1c23621336bee84d42ee98003c62991dbe,62976,79872.0,62720
32,1,lstm,b7f9b7f31f069cb748b2718f91617f5a8d1e7ee7394e8096524749ea29130250,60928,79872.0,60160
32,1,lstm,80d0fbb13a2c8bd7c20a5910ffd85821b1f7007a8435cb91ca7c77acfdb0b5f4,61440,93184.0,61184
32,1,pnasnet,33461db4219d9a125d97e9d3fbee769eefccff58026f32491d6b610973bdf6d3,62208,79872.0,59904
32,1,pnasnet,6216c2508eda50bb07d5b59c9001e277ccfb0dd7ff908585ca30f94d7cb724bc,42496,53248.0,42496
32,1,resnet101,484c35927bde7ad16b7ecf3e03f92a6f92a2db7f56681b8e41264363e27d0216,54272,66560.0,50944
32,1,resnet152,55876885fae274c5b4e0d4a06a2c23ec34da7b0d90519f08c8faccd857767c83,54272,66560.0,50944
32,1,resnet152,f80ac283a13b8cca288acea83f92d5b99a83a5cabc50253aa87da77f8483b649,54272,66560.0,50944
32,1,resnet50,d96e3260ff51011ee1995d4e02543c8dd51a5fbe6b1af968e3918b52e8022928,54272,66560.0,50944
32,1,resnext50,b0c5d6b16fdd501a6a6915f0c860383549f3b5202bb2675760b1814bc42a8ae5,54272,66560.0,50944
32,1,transformer,fbc7c109f7ccff07f4ed978ddfca0fbfbe4263713642f587aa31da0ec0e344d8,13312,13312.0,13312
32,1,transformer_cell,1389c48d0bf13fb810a27a3b6a5be0f329b169d2c8f350a4651d1b0da070754b,13312,13312.0,13312
32,1,vgg19,faeacdc744b2d16b4412b85a5cc334baa351140de70947c1f8be3694e5c82c32,13312,13312.0,13312
32,4,bert_block,aba25bf1d697b667b7a8265de5edb50ae3d8f44efe72729dd4ee36bc04691702,42496,53248.0,40448
32,4,bert_block,87035c437bbc92ebe0a8773d06f95f942aacfa8fc014c472b274b10204a16797,42496,53248.0,42240
32,4,bert_block,4e2c8ab312f0aabbff08d4589cd03d3b8b42be1477071ccbb232eae438cf7348,44032,53248.0,43520
32,4,bert_block,213ed8f8f22478474184e6dddadfe3a4d7b41a54c554165f62b591a65ca2b699,44032,53248.0,44032
32,4,bert_block,f5330432e54883fb9ccf93ef120eeef0ec941baf06affca4afe701fcd8a0b844,44032,53248.0,43008
32,4,darknet19,7ead3b3f1806efd663ec0bd96f03a4c2c912e0dd893c967584d8142fc347640d,45568,53248.0,45056
32,4,darknet19,f57ff8cfe79313bc617deb47cf2f6a27917ad51f3a43f08599f1af33be5d1f90,45568,53248.0,45568
32,4,darknet19,ae07c60bf0f4e5ebd64fcfabd792e56285dc6da48fb5d841b7e741204bfa3f90,45568,53248.0,45568
32,4,densenet,728b35af2fafcb7fbf3726e5345a6014565b4d3f3d9cfbf51cafbbdde97c4cc5,57088,66560.0,54144
32,4,densenet,dba2ab7839bc26341a0ea4d1c7c63c0cb8d77bc98894f50810c1d57eafe9ce8c,54272,66560.0,54272
32,4,gnmt,69a179931f600fbd27af3e0dd6af0029e2e8ab369e6caa4c2d81ce8332139e1f,56448,66560.0,53888
32,4,gnmt,559d94d57e9c0623c44fcac60705210490f088e373f154a01880d97af920b630,23552,26624.0,23552
32,4,gnmt,ea8219e95600062ab8601a21667e32d6e0460b81c7dbafe5b9d410541c381721,33792,39936.0,33792
32,4,gnmt,c42045a8cab844430d837b7da5090451296384dcf96af3816a50c13a9e379b93,54272,66560.0,53248
32,4,gnmt,8e9c377595136a2ddd939a6c7326d853ddce4ff04143364e98dec80c738f2d40,48256,66560.0,44032
32,4,googlenet,964b96ff0e34062fd23d89ee331ffef151a4165b22ecc621cf00ae0050268472,58368,66560.0,56448
32,4,googlenet,66c7b7c2f833d3a2e599bbe852010189887cb4393b5bf65b46667cb18b85186d,47104,53248.0,47104
32,4,gpt_decode_block,cb55a574942ae84f14dbeb703a546dda6bad87a67f3a23e51265e49564439337,58752,66560.0,58496
32,4,gpt_decode_block,059a917b9805414f301669951d2f42d868f9c985f9bfb83d4220ec906541b925,46336,53248.0,46208
32,4,gpt_decode_block,eb8a8ea37fef27a7b4362a57a1f895b9d7d9d952602692da68d5e87ed1e05d31,45568,53248.0,44928
32,4,gpt_decode_block,d456be3150fa3ffd1201e2145a733d62f9c59b024097682efc53192ad431ca0f,45824,53248.0,45184
32,4,gpt_decode_block,71ffec55b9b17fadac9c4154f08a8d48d87a898c5eb29c935b106910236bb688,57984,66560.0,56960
32,4,gpt_prefill_block,6acebe5cd8ecb3a4e0c2657cdc6fc6700058b795dd60d8ca79c3618a2351e365,44032,53248.0,43520
32,4,gpt_prefill_block,18f46ea719468267741ebac3a802ee30ebce07c7270edc652e17113f72cfee31,44032,53248.0,43520
32,4,inception_resnet_v1,ebce2a481bd365121eada5c7da3b8f7a3e501a8763d50d1a62fe54a2b35ad61e,55808,66560.0,55808
32,4,inception_resnet_v1,0184f4ff26c850badca5611ea2ad61aa3a2274cf42c8f433a510f6f920c2079a,51456,66560.0,51456
32,4,inception_resnet_v1,3d631a94166e70aba204e33a8dcbb15c88a6eea95a4a2daebba4f6f1a615005c,39424,53248.0,39424
32,4,lstm,5b16b46ca71bf9627413ff952a82216661fc2544af53c69893d015871a070ea0,56192,66560.0,52864
32,4,lstm,d6b2d0eb106f7ae0c9ec6a2f67d46660ff85e82dd6d06bd890d92262d97b9368,23552,26624.0,23552
32,4,lstm,c9928b8524c7a84770fd93aedd9839bdc303b74321ef7319d0a8df5f7c6e0d4d,24896,26624.0,24832
32,4,lstm,91209116860fa285f48435807b2a9ad2aeb1e91f117b3d9138099a1c029c2757,43008,53248.0,43008
32,4,lstm,a5afe80d0939f3bff5128134376cb93e549b34e7bfc72214fac8c24138bd7396,43264,53248.0,43136
32,4,pnasnet,9f19ac16911b46448a9d5ba2ff2e1c2e5ebf0a036c488f70662fd7181caae247,50688,66560.0,50304
32,4,pnasnet,d3d1ee1ead24cc1fceed5282f0a9b2ed07b65bea65ef810fdaaec13ee8c0098b,46336,53248.0,46336
32,4,pnasnet,49f11fd7f214caf3d7f703f795c51dcabc97c5b0e7b262ef294d56d550f136f4,49152,53248.0,49152
32,4,pnasnet,e84562cc66bfd2724ee39bdb854213fb88f967f4e91ca2785527559f37f7aab7,46720,53248.0,46720
32,4,pnasnet,9bdcc4b06285d7ec288e07ecddfec4456f25f0f27533e94bb4166a6bcaa6e606,48128,53248.0,47232
32,4,resnet101,0588fbdbcf5bc31ba4d970f7891e40c72e71272a70afe01e18e4b33bf101c7ac,55808,66560.0,53504
32,4,resnet152,1ea7b89f266db4fc972866ee73b747e571816357c50564c275a8f333cf248518,55808,66560.0,53504
32,4,resnet50,e32217050f5dfa58964a30cf9ff467f667d63e7a0b79747b3a70d40d3097860e,55808,66560.0,53504
32,4,resnext50,07ac3a4446ac64d34bcf91f5d240cdf701d94ab4c0629046593e3bee677d0682,55808,66560.0,53504
32,4,resnext50,d45e94287cca6d85fdaf6478ed235fcdf189fe550b843528a417b203d6389fbf,47104,53248.0,47104
32,4,transformer,1b5c77659cdf881bca9c760d3d889c66e899c54389a42f7819d6fe282db1b1af,42496,53248.0,40448
32,4,transformer,9c684bef319142645f512c8952a1c7cb2dd8003a45ee468bf79e918c4098af68,43520,53248.0,43264
32,4,transformer,14d08af9c3273573468c65b788ef6197d20f539096cb3f5abb27603813c57d70,44032,53248.0,43520
32,4,transformer,6d2db64245e27c5eb9aba6910ab4d04cf30a82a27e880ae5cbed98f8c68b943a,44288,53248.0,43776
32,4,transformer_cell,310b100ac659aba814629ed767bf06b7a58b00733e02af884bc599c5ef238ced,42496,53248.0,40448
32,4,transformer_cell,27eb8db3015f68936f16af149ab3b45d1331a34313873ac343c380c1e67e50c0,43904,53248.0,43776
32,4,transformer_cell,5cff99bc8a36241eafdc3d7ea01352a7a5e3089c287316b11bf08efe41744085,44032,53248.0,44032
32,4,transformer_cell,84dfe29145eef4d7727f1b04eb09b20e3bb2eea6895ee51624f8ebd1896f15f3,44288,53248.0,43776
32,4,transformer_cell,c5b269f393a3a7e5162daa513ba7b872221f5808fcafd12ac832a9f566ab2db3,43776,53248.0,43520
32,4,vgg19,4316b330c646bf10ca87a12d27b2991355775417cff49cfb104f72e096b8c239,44032,53248.0,43776
32,16,bert_block,49273f056523dea8492b8d21b046b2b785987926661255c5d5685704d3c5f372,81920,106496.0,80384
32,16,bert_block,2019bbfcef54390bd3e72232e5cb41b33ec77c841dbafddaf8796de7bb58ab6c,82496,106496.0,82304
32,16,bert_block,8c43bae37999d06d3c23e169e03a3ffbd86b9c1802467cf5458cfa55b6556248,82752,106496.0,82752
32,16,darknet19,16a3fd7c47426e870db12d3001fd17d2d2372d1bb10917248c5086e12a9afc9d,88576,119808.0,87104
32,16,darknet19,65f6f791aec5af60e2bfcb04bdc6e8de1d4395e79b6af4f4b8d56be2006e8681,72448,93184.0,72256
32,16,darknet19,bd89646be4f15ddcd8b4e74506c014196211c1b178366ea54db0ded22d4d9884,75584,93184.0,75392
32,16,darknet19,c2fe7a32fb38e7217500be844c2cdc6d0c09c3fb71080ed55b85474ef82cd4f4,84224,106496.0,82944
32,16,darknet19,28a745c9e7e3f76c96b7c37a50da104d64cd0636b84425c3fa0809e4860c96e8,85248,106496.0,85248
32,16,densenet,77132c8c69a2fc015475465f618917215f6a26c6125f4bc27e76ce37e7219cd9,92928,119808.0,89024
32,16,gnmt,c3337c219077a5652ca96688811e1b9dafcc3e63fad4b05e08de38cd9f38ff6b,88512,119808.0,85632
32,16,gnmt,cfec8dc81065558a59dab2231e1eeba7c128cc06a6fd840be7782e5d5d01e5d9,33792,39936.0,33280
32,16,gnmt,d60e9a9c1970d2c12b522288174a001d094a72c2df0a8dc9b0699128685838d1,51136,66560.0,51072
32,16,gnmt,196c3be805489ee49aad04d7c38d03686006dbb8b68ff75f4a549c66c99ad5bc,58944,79872.0,55168
32,16,gnmt,ee5aed8980bf24d17fae240fb18e83d6e5d0aea49dfcfaa530c602c1378bbce8,56768,79872.0,56384
32,16,googlenet,bf8bb5ed0a92c69159d1ed5c1a335c3602efa03820fb195ef440c6b5a473cd17,88576,119808.0,86848
32,16,googlenet,b235d41a08d43e3bcf96eb053032bb49db6825861f4e4bd3811d40946eb7daa5,80384,106496.0,80384
32,16,googlenet,7be7e2e93ab1397ad4aacae937d3da3df08d4b9c42b8eea00efaeb177ceaafc4,80384,106496.0,80384
32,16,gpt_decode_block,6b9c45f9c10cfc0328d9dd0503257f2cfe2366fa5a07946997235dd9c3a2c25f,80704,119808.0,76544
32,16,gpt_decode_block,f92859901101d9bf1bd8ecc5af73d9c5afecbe94a9625a92d40459b3388147b6,77760,119808.0,75136
32,16,gpt_decode_block,23bcca3b644a954f71c0f9a365a02df880946972c138cfc44e6524f4299830be,76544,106496.0,70976
32,16,gpt_decode_block,47ccb1846705a32bc3e80cb74c612fb179618876b01d76319553f8be65ff796d,88064,119808.0,84800
32,16,gpt_prefill_block,690954f4beb0bb6f62b0127aeeb8619785ff82009c8056e713d954d5a1a28572,81920,106496.0,80384
32,16,inception_resnet_v1,46cc222cda445b35129fe2d74df067074a096e1b93961afcaf902a908afe9368,94208,119808.0,93952
32,16,inception_resnet_v1,5b95010296133c32e380accbdd1dda85af17ef822eed277a3c6b6751932c7adf,82048,106496.0,82048
32,16,inception_resnet_v1,9c0510257cc0b2424a4bf55e7019fd78ca0c6d48226afebd1d6baf4a930b71f4,86144,106496.0,86144
32,16,lstm,75ebb40b1e896fbe2e58d932ef1ac03ede26c4849c949c9cb98ed84ab0fd3183,76480,106496.0,74880
32,16,lstm,3e53420a63d8e0340cf53b165197f8eb423d67ef0195e6ab1e42c834990e8218,20480,26624.0,20480
32,16,lstm,18ddbd5f046339555c1dd8fec45be1ec7ab2a434497cb527f33c0d03d4acab8f,45184,66560.0,44864
32,16,lstm,662f62c28cf31e4491268536231fa8ba77ed384af5b274bfb70603dd59b253f0,74560,106496.0,74560
32,16,lstm,0bdb0aa0012e66fedf9b60dba5e877c6d10055e284337ddf41a09c071d13a57e,79360,119808.0,79040
32,16,pnasnet,202aab22158afa164b44f20ea2fb4a9eccb0424762f66a0e366003e0ad77625e,102656,119808.0,100608
32,16,pnasnet,7c27486adef996df51f48c3475b4d368a23f21371e87791ca55705bfe4840484,86656,93184.0,86144
32,16,pnasnet,1e8cb847c50cc386e33a3005dfdc64aee3d907e1b0525008c0c1f6bf2dcadc6d,88192,106496.0,86976
32,16,pnasnet,226bd1a8ca3ed924d59df1de73e43d58102ec8ed8c229f68a061fbdf0b533540,82112,106496.0,82048
32,16,resnet101,3a5a7ca994f5583f7b64f578e28d0d50f880b981c0c73745d5003513c8451b9f,94080,119808.0,94080
32,16,resnet101,70760f729a43604fb2b763468862bcb9764d472f6cc6ba32c4ea73b9a39c6c94,82688,106496.0,82688
32,16,resnet152,9524552345ed0cd6e4f1cfd7cb0e75d28b5c8d62bb719249cabe3b4f63cc9ab0,94464,119808.0,91968
32,16,resnet50,0cde75a5e47a9fd901c556d3cb3f04a9e2fb6665ccc57a210c8016f65ffc367b,95808,119808.0,92416
32,16,resnet50,6d0bc2d6fec22f23f0af3aaaef7515b9c34f54735347b241d6b72aeafc5ca465,80384,106496.0,80384
32,16,resnet50,5b1b5622bc7fa87af2250e1e9184c746cfcd0406029439812a5f52aa06ac1003,82688,106496.0,82688
32,16,resnet50,a631e1cb85ea4ca0be9ac1575a1e85595f2f376bec36e3a89df9b4da020ae515,81920,106496.0,81728
32,16,resnext50,417feaedb74e688243a6a413478db80aa70e8d0e1d4d838fd18924c8be0da7d3,91776,119808.0,89600
32,16,resnext50,286ace5768d510f48b645a678ddbf4578a49dd0c633b1207b7e1b27f60bf8ace,82688,106496.0,82688
32,16,resnext50,97d761bff56288a1479a7015a11965dac9a7b865f05ec370b4a563bf8bafd2e0,83456,106496.0,83456
32,16,transformer,a722a03d3758b0cde3f29162d5b9c89d01bd8f9dd614a6434c3efdc84b2907ac,81920,106496.0,80384
32,16,transformer,3628c984729acddcf22abc4dc9a8b2d063fab8eb39272d237eaca566693dcf3f,88064,106496.0,88064
32,16,transformer,54c47622bd4890a227c93947b5f7085e02f70a421731a8ee75eb50c51fe3f431,84032,93184.0,83712
32,16,transformer,c1f94f1e2616b5f8ad9120f41d30fed3b6130cbc7d413dd091239de2f6736b7a,91712,106496.0,91712
32,16,transformer,2502889d8c792daac9877997c9a8e93c4b6e41dba9222524b47705017906a716,89024,106496.0,89024
32,16,transformer_cell,41e5351b72f91179f6058bfa40a0b8321eefd1c0eed6bd73b0a951b2988b935a,87104,106496.0,85760
32,16,transformer_cell,20c708c8657cc5eee2c76c9ae3135d69c49b42d108713cf2d95a85c812e9abf9,77696,93184.0,77312
32,16,transformer_cell,b0693426d735afa2186f925440e55236e70f041e8cb09238e20ccba1c2519fac,90496,106496.0,88704
32,16,transformer_cell,7721173153e70b3a77415ec4cb44dacbe2698e4034bfb0cac32e0b0532b99f33,87552,106496.0,87552
32,16,transformer_cell,ce228ca009586d91e3ba58df6be09623ffb786ffc0c2b93262625b16b8b143e4,87872,106496.0,87872
32,16,vgg19,5df2066d08f87c29b6b7d6024a17c7098cc2bce8f4a33b9376b7860ea8de7661,55808,66560.0,54144
32,16,vgg19,6e08566abdc7a22a1f7ccd7e6f35dd0e304a5c0cad28afd70f5370518c9837b3,55808,66560.0,55552
32,16,vgg19,a70f30726b9dddbe4dc841ce6ebd843b1b6e396fb202e7352d34d82a655d3672,55808,66560.0,54400
32,16,vgg19,19610fe21c3b2a1dda368ad0dcc70853e786c917ee391f98d1dddd7c3edeba6a,54272,66560.0,52992
64,1,bert_block,ea0f96c48789dc958e427e7e294b21fe866bc57a140e61a8fb04a5ac5ede2ad1,48128,57344.0,48128
64,1,bert_block,828e66433ca748f80e066f8e3d550354f224780e5c6f56b7dd503ff8a20612b2,52736,57344.0,52736
64,1,darknet19,2b8b6d9eab570ba9db2b096fcb2676f324213912b6cc912fd4614c044605c8c2,70656,86016.0,67584
64,1,darknet19,628d3777cb92ab6e67b2e9f9bb9f1a5094d4087a8b4ee61f21da96b690730722,74752,86016.0,69376
64,1,darknet19,f7d288b1a214701fecfb899a0fe678fc927f3b58e4c2e676fb9fdeef6383a7c2,55296,57344.0,55040
64,1,darknet19,da41c9512b750608bc166b6b2d1cffa0138de162aabc6a0e41b23b4701b2aae4,55296,57344.0,55040
64,1,darknet19,cd0870ed9bc777bcf346c05cd0c9a7eb7b810c8dccacb18e607c79107318e93d,70144,86016.0,67072
64,1,densenet,a05439dbf4cf5853dcbc022735efa087ff5bfb1d29a1b3f8508eef76caee85bc,93696,114688.0,93696
64,1,densenet,1fd0c24940751e6ab5655b9d2bff22b91bb0f40f611bc0d526b3db55fbde7cb8,95744,114688.0,94464
64,1,gnmt,dbd1251682161f0fed2112ba54937eefc54a3a39ceebad05bd275dca5b66a582,155648,200704.0,155136
64,1,gnmt,5ff06e830ce3d8afb1519b460ebc59a7a7f962f8eb8226dd163fd1189cfac39e,156416,200704.0,155904
64,1,gnmt,f36450c27cc4f39308dcc0c9a6e3034f09bdf7a23b6e7ad9dd582d11be59a111,155648,200704.0,155648
64,1,gnmt,087f9ca22c0d79b073397327060e35a9e826f215d18a0eeea8764ef989d4e2a6,137216,200704.0,133056
64,1,googlenet,dd54cf83ed4de3e39b89c601cb6db3239395f6dc86e5caa3109effebc57f06e6,93696,114688.0,93696
64,1,googlenet,7174ddc4bc3e96657200aad152da1e6261ce2732e7e379329646d9cd8b89d1bb,72704,86016.0,72704
64,1,googlenet,73bb79917b833bff7769f6757e218a19fdd74711cf085d0fcddc0bb4f5aec314,79360,86016.0,78592
64,1,gpt_decode_block,6018d088036d583c3e48ade001d52b19037b4adf905e2452a8211aaba4d90af6,85504,86016.0,84736
64,1,gpt_decode_block,118b529722b06e8cb007d5d623fc65bb4eb8caf543750fc264a102ef9533925f,92160,114688.0,92160
64,1,gpt_decode_block,0863b7e76bf7648076a1952aa7d197eaea6fee877ffe6c45c3f99d2219f40122,93696,114688.0,92672
64,1,gpt_decode_block,d70c451fb82885663928cabb7562278b006533c1fcf892ed3c5f4e021bb4a6db,108288,114688.0,108288
64,1,gpt_decode_block,2822edc6216a176d7fcc702528837574fc36595f63d2086c1dea29ad263788ef,83968,86016.0,83456
64,1,gpt_prefill_block,9fb020f0555bf792bdf64d2231511a0465bc1999254daeeec29c0e960521ab81,48128,57344.0,48128
64,1,gpt_prefill_block,e24e9402404c93aeda4c5389c15f7d3bf995cd97fb3effbfbc2d68550271e716,52736,57344.0,52736
64,1,inception_resnet_v1,997ca7cd4d8f08a68370dbb929626ef4a2e303e2d073174d050152348a8288a2,93696,114688.0,93696
64,1,inception_resnet_v1,a52ddebfa5115ce9b9f6c36ac60009a16f3ea8778619dd8a306944e0689cb1f2,95744,114688.0,94720
64,1,lstm,3044d9c277a7f3497d8f479579de020a7fedcf2f5bef347f611a8522b0311caa,155648,200704.0,155136
64,1,lstm,7b487bdeaabb7a903547425588a62c8532d4871db173a2275df8ef7fa227b7c4,156416,200704.0,155904
64,1,lstm,3755a1b39ad5ce0583958b3e9ed2e0883da3cdead57b1279ecd7744014df45c3,155648,200704.0,155648
64,1,lstm,914eca20063424db30ab4f9891896f6ff1c70edb9a04549db0a7c7cdcfb1b04b,137216,200704.0,133056
64,1,pnasnet,58f837a56b9bdc074c0b852bc9162718f6cc9bed3284c22df110e31451ec6987,154112,200704.0,154112
64,1,resnet101,0307b73b3f7f4ac304166dc4bddfddda93a0ac99926355a42c4dc829adc8f279,93696,114688.0,93696
64,1,resnet101,76a6332c6ac71fdef8f5b1f79e522691233adc747f452f8d39a55de10791ce73,95744,114688.0,95744
64,1,resnet101,5e3460193c5797cfac83bc6cd2e995a3fb120c2aed2dd7739c4be049b064ceea,93696,114688.0,93696
64,1,resnet152,a66e4c0a27fb4fe6ef5e3528c5902be0c33a631ffe39744905e846435e39c9e8,93696,114688.0,93696
64,1,resnet152,b2e7a35120aee5b0101f040ad36d24241e8f04eb40495c606568ee84740958be,93696,114688.0,93696
64,1,resnet50,04495a3bbab1e543e7b6d34f544c6ab8c4fdb30069ebe323a936e2180fb7409a,93696,114688.0,93696
64,1,resnet50,41e8640c46f9b696acbe6d37ee4e0f68be6fd69bd284a0f0d1159241ec7f4480,93696,114688.0,93696
64,1,resnet50,3ee752bb23660382d6a3a423e21d579f8a1c4ae8a57f14c6771603d80583d6aa,95744,114688.0,95744
64,1,resnext50,de17c87cab01c7ad1fa1ebfbf20f27933a6cdba21978ee2f4abbae5d234d72a4,93696,114688.0,93696
64,1,resnext50,819a56a8465e2b4f256bfdd414a3160bc1b2cf5068a306874fed49d30fb87cd1,93696,114688.0,93696
64,1,resnext50,0b5aa3b4970c1e684afea802d473c3d53bf239979ae2ddadc3f36021a5b4320f,95744,114688.0,95744
64,1,resnext50,d6c74a123b5061659b20b52605463828db1f6462b416ff5544189cdd44711f7a,105472,114688.0,105472
64,1,transformer,175f752b8933c206899e602088e4947d370a95ec84a9bc02930e4cd9b5acd94f,48128,57344.0,48128
64,1,transformer,05953be7c58809375c012a1fe5b3f7df486a1db25e7d119304c3cf35159474da,52736,57344.0,52736
64,1,transformer,895c29d124f9a62fc1c4f7ae67c66977da845031f71e041f9271566d595e8774,57344,57344.0,57088
64,1,transformer,905d9dd360ca3e1251d3b4b6dab74f09227927a317b5a1ca72e1630c24448187,52736,57344.0,52736
64,1,transformer_cell,ace6a2df2a7d74ed72c55e5c200a25b52c1f3b2572e23b57bd8dfcc30cfbf2f2,48128,57344.0,48128
64,1,transformer_cell,0e228de48ca88f67295e8cbd606998c88d4089d14b05d7b08f7473244c7f338f,52736,57344.0,52736
64,1,transformer_cell,b410eecd9e89f0dee6bdb68383ed3e1d836a370631770c7c4d5f5d35d4ed0485,52736,57344.0,52736
64,1,vgg19,5d573aef717a615a225b9ddbeae461fab4bc4c14f832cde65c3bc32da3c0fb1e,46080,57344.0,46080
64,4,bert_block,cf9f5488ca712b08ad37bcb06fa9e5bba372c9f0e8d313c730db265d0d5b4cc7,118784,143360.0,118784
64,4,bert_block,d041d34a71b849da25fff9bb208ccbe6e701fe069491684e2433886200672ee7,77056,86016.0,77056
64,4,bert_block,000eb832d4955fbee8249befa861249842a24fe32264eb74a3d33db4a3e2f9bf,92288,114688.0,91776
64,4,bert_block,578f6350d46309bc4499ae4abdf1af29d025695e2729298941a37bc61666023c,92160,114688.0,91904
64,4,darknet19,213f87df4d5f8bcbbb2fab5db0bf80823858e6f1033e6aeff9ef64fe4b3a2c34,112384,114688.0,111232
64,4,darknet19,c6b920484193eca3f86fbb4c5988dc613368296e228f694e83adb9b961453b7a,120064,143360.0,120064
64,4,darknet19,2c6be093605df74136d9782bcd235d41a38c0afb7b51dbfaf60f787a4a549b0e,112384,114688.0,111232
64,4,densenet,5e3ef10fc1996e0eb46409a5674962b4f33953eff6165066f45849a8337f0f19,129792,143360.0,127360
64,4,densenet,2fbdf77949121cde348e3ebb1d2fc5cf540ea23c2bdd9d7d5c2200e3bbac3899,124672,143360.0,121728
64,4,densenet,d5892a8407e976f7b9ded4880e16b06e7483991dd72ccf4eadd7a99217bdc092,129792,143360.0,128512
64,4,gnmt,55b4f9306d035c65246947a0adcc89a07f557009cb1e588f9403c1c34dd113d5,122368,143360.0,119936
64,4,gnmt,e53439b2bbcedc061adec8be85006411c2eaa5efff20387852de7111c6782dd3,55296,57344.0,55040
64,4,gnmt,15e6335b7a7db7ad85f40cec7575e4f7c1691da17a4a4ac4d00cfcfe0e5f6ed6,65024,86016.0,65024
64,4,gnmt,4f66dcd97a65660d39041282ea20a310baedc04203653be39d857cf464693470,74752,86016.0,74624
64,4,gnmt,4696ca61c1a85ef92e3d306cb4d079ca5f42dc4a25d5d3556f243ec7a527331c,109184,143360.0,108160
64,4,googlenet,b925508ebe520497f05768fe6f1e252f4d4110c51d0b93b44bbcef405829a233,127744,143360.0,126592
64,4,googlenet,c9b4d51802a93ad05dff23e78155e4503f88e1467058ce31f9a9f285d30df818,103424,114688.0,103424
64,4,googlenet,094577c3a74cdfc62df5ec969d997874fc696c6de46547cdbaae014036435c31,103424,114688.0,103424
64,4,googlenet,0eddbdf26850fc00860a8cd25a350a211f119602113f0bde8d7f3eb50ca68277,103424,114688.0,103424
64,4,googlenet,92cd79cbdadc171582bcfa7ac8c31a7856e3bdae9558392826bbde4f96420239,103424,114688.0,103424
64,4,gpt_decode_block,64073f9a0044dc8ce3f341e40e5ebab30a391de0e77f4b76783c6ceee1bbbbe5,115584,143360.0,113920
64,4,gpt_decode_block,9cb4e599510cb01c377ea60006956ad73fcfd13b537b258f3c4d5eb502cde618,100864,114688.0,100608
64,4,gpt_decode_block,406165aef76d1201c8cd2854ff972b70124c4f88e333eb15db2fcc529b62d815,110336,114688.0,109312
64,4,gpt_decode_block,94f57ed144d0aee29a5d7bddc91ce346cce7bec8116c4941fdc0dc1fe7b596cc,109568,114688.0,108800
64,4,gpt_decode_block,3d9c11014f73c384520dcaada3c6a13b0872222b7ee9928c4e898545e769fdc6,108544,114688.0,107648
64,4,gpt_prefill_block,34af7c01a30d6e31af753ac5da6b25d430c2730ca2ee9a1a80b8b9377d5aa725,118784,143360.0,118784
64,4,inception_resnet_v1,0685c3df721a1e63a64fdd320cf218621f811c4a1a23f416423930a9eb621f31,127744,143360.0,127744
64,4,inception_resnet_v1,e84940efd3a901a46df99ec7997384e1f19cb2a2d109bbf87ee6fb54ddba422b,110080,114688.0,110080
64,4,inception_resnet_v1,88f9e4658227a3afa2a04ba6e9e9973bbc6cf6678618431ed71ddbd5b519215f,110080,114688.0,110080
64,4,inception_resnet_v1,190270de61de84485d573756b3c6284f2c883177ff3c7a75e9c1920246e1823f,110080,114688.0,110080
64,4,lstm,3bd6bc763c65106ad9351ad8c86afdce6e9b4e70c147cff1e0286c0b245c8e72,123008,143360.0,120960
64,4,lstm,fbc83ddf92919353ef71bc4748530cf9e30a5e5abf6ea7b382215e92b6a7c5fe,42240,57344.0,42240
64,4,lstm,7e80f5277527f72910800b7cad00a0f4dfdf157b15fb4a9c05dd1c16ac8152a1,46080,57344.0,46080
64,4,lstm,2ba85a9c266ab83bafd1a17c540bd4307134ac86e37ad4dfa4236abbf1d55890,82816,86016.0,82560
64,4,lstm,d2de8dfc681a16c0c8af2955a8817421aa1fd8dda68ed9d15a4d95912ab2c4d5,116608,143360.0,114816
64,4,pnasnet,25101f65f236c0c01a6cf272c43c4a22f96422f16fef2678e6d7e84d2d69d1aa,131072,143360.0,131072
64,4,pnasnet,f9b59a1e24651c48797171c5d514437d4c576378b55d7a5a5096a92cf7ec5c73,88320,114688.0,88320
64,4,pnasnet,7c56232ce3da3cb5d10f7c15fd19852d32332128da33aa13b94867a882616cea,101376,114688.0,101376
64,4,pnasnet,f0b1b1cc8180d0f5fddbda5c6a4deb57ee8c2a9348f9432939b5c464ea5d4854,88320,114688.0,88320
64,4,resnet101,730090cce9df966b9f85db2175efaa70d3e9ef1a440cd399b292af3e8e42eaea,127744,143360.0,127744
64,4,resnet101,f1407dfccc21ff55017689bdda59759a1e7be53789363955f0975a00c14bd500,110080,114688.0,110080
64,4,resnet101,d3328e139721534cca692b80bfbe61436ef69295fa3be782b35ecf481d4b46f4,110080,114688.0,110080
64,4,resnet152,81f4b891dff0bf8983edbf122ef22b7222212687e4f253f625033316a648fa99,128896,143360.0,128896
64,4,resnet152,5158fb1cbf5ffa019b5db1fad98427a86a18d634462763f571f66fdcaf65cb09,110080,114688.0,110080
64,4,resnet152,5da7fb24f70fa407be0caff3e39629fa6b4d6f56c1d1847cb61fce9be9edfe03,112384,114688.0,112384
64,4,resnet50,3b15cc8508fa654d4115ce518563e49fd7e5325b070079bd0276660a03c0b0c3,127744,143360.0,126976
64,4,resnet50,b37041a7020d37d6e68d26dc51748b17d5a46b418bfcfafb367a36660e66badd,110080,114688.0,110080
64,4,resnet50,dfadd82b139974290e44f510d8b59b53781ff5d9464e1216151830eeed672d83,110080,114688.0,110080
64,4,resnext50,cfe9df9a7c305f9473084003604b39c14a95fa0ae73bb0e3484b58b3d5bfb0a7,127744,143360.0,126976
64,4,resnext50,d464500d9ff22311f5b407dff6be852fb95119563cf52e163e3f1a8479a39be6,110080,114688.0,110080
64,4,resnext50,ac5d59f80530915d6082030ec543e7aa9f07f4eea4aa2da2a5b382ca887e7418,110080,114688.0,110080
64,4,transformer,ea6f4be61ed9f0fc1ac01131f007b5ec6ec00c373e5c014727a796dc2d37e3c2,118784,143360.0,118784
64,4,transformer_cell,c5b6d97dc1a29529bdd110a308f3e2d737d19cc54aa8138b76e84f4676cba527,118784,143360.0,118784
64,4,transformer_cell,ecd07557a317d1d003405a0b58d558315bb046d410608632e1e700f4c6951703,105984,114688.0,105984
64,4,vgg19,8c6335b828f9e6a6eaa1548ba31e1392fad57de56bdcb3f94cce7c88075b7458,74752,86016.0,74752
64,4,vgg19,1c1d61ef8aa8c57c394a68ac06c009116578b21cf132e9e15929dc6273b5b6fc,83968,86016.0,83456
64,4,vgg19,4564a015ecfdbbe95b6f433a3c8a91cb411e7527e74cef0f2afb4d99685ece80,79360,86016.0,79360
64,16,bert_block,e35ac4b16302b28f18ba4cfb2c0a0d872f83073a0c88bb38ccce5d904027d7fd,203648,258048.0,201600
64,16,bert_block,622e92a08acb363f6b8f648cba8d5c40cc77cac6e75a05ee3aa7bb2c8a070586,200256,229376.0,198336
64,16,bert_block,9924000287e1602a94c1e66aca6722440a79a5949cf8e235ed51b004242ccf06,200128,229376.0,199744
64,16,bert_block,e523cc89220ccc72776bd56ce1da0c1f0f5913d7b3c52eab3cd92c1ddd388706,198656,229376.0,197248
64,16,bert_block,5af520fb059f39e11281e797fc31563abb6d0d739f25cbde013f3d2118427ba5,202176,258048.0,200832
64,16,darknet19,4e6a318cbecaa0b40b01c4806c781c2807754d8d687c7507758b26363059ccbe,202496,229376.0,202240
64,16,darknet19,d2b4edaf847de75df6f893e09b36d9b3205e34f89845adc364b5379a301a0ee9,197056,229376.0,195776
64,16,darknet19,3c59733831dad005d00333550ece11ee81c36ed24784e891e77fef155812308e,195264,229376.0,195264
64,16,darknet19,7b1aad00c89913898afd87ee794fc562588c607cf6c9b9ab7425bcd716934220,199040,229376.0,198912
64,16,darknet19,181f6e04180b341b806c150c2f9aa3935ff18dd5721fdf9bacca3216138bbf54,186880,229376.0,186880
64,16,densenet,e70be0560e70343cd9901530443c539c39a1c02e37055c20a3b90180676b16b4,202752,258048.0,199040
64,16,gnmt,9b6fd101f346d11c1cd89f984fe9b3a219da705e6c494195255a12f3d14688d9,180096,258048.0,174656
64,16,gnmt,fc77f273d5e3a998d3db2e65455e4913059061b31551ef4bd2806c56d5cf0ae2,179200,258048.0,176448
64,16,gnmt,f2188f2458d888cfd80c23efb9af893a0980d08de9b72efba8581d6299b3d805,177920,258048.0,175552
64,16,gnmt,bea0d638895d90641a985fd49df699aafcc59e2020239a70161b45d29dc182d5,174656,258048.0,173312
64,16,gnmt,a00cd52417d155b0f442ab0f142a6a94199c2645f17edec6f72c0d7c813a6ff5,176768,258048.0,173312
64,16,googlenet,d38d3c8b8e439cd8a5b04060d79375d96bb92ecd1de18333e5f4ac0003ff0305,196928,258048.0,196160
64,16,gpt_decode_block,268afe6a5efe661fba581dbd44a165b2737e8958b7d22b92024e6a8acf6d214e,150208,229376.0,145536
64,16,gpt_decode_block,14991e7b3e42b8fd03cccc809d0728eb6092f012db1e7ab9a0528fa369945126,159488,229376.0,153856
64,16,gpt_decode_block,1525719ca58e30919d1c319972326c030a0f1dee2f8298b036359c040753c005,148992,229376.0,142720
64,16,gpt_decode_block,410eceb5acef9a232e251ac248ceeffd93263f528014287e924655065f01cc2c,151808,258048.0,146624
64,16,gpt_decode_block,aaabd81df079b738f3941e14380566335f4af557563603b9e28aff9d6b9a1971,159552,258048.0,153408
64,16,gpt_prefill_block,7c60e8e7f62deded8b1a0fa054ec9a837536e3ce7f18e7ba8c410c99cd9748f6,207872,258048.0,204288
64,16,gpt_prefill_block,a134204802b6e8f96313190d998e81cae5cd32a81cc8694881205c974fb822de,206400,258048.0,204416
64,16,gpt_prefill_block,3f828be6acc622a6417266e25a05b4a398e6f5cac88db5f111310fdec62fa732,201536,229376.0,201088
64,16,gpt_prefill_block,7655b9b2dde17284392ac217e4f02aead795fd5835862b84c30bb3deff9b8a6c,202496,229376.0,199808
64,16,inception_resnet_v1,caf872e256e62fba252c95b3cd3093ba22801499e557dfe841cba090ce7743dd,193152,258048.0,193152
64,16,inception_resnet_v1,d6419d6867117e0c889968afe52ad955321b6aefcc81618e10830bdaae92174c,177664,229376.0,177664
64,16,inception_resnet_v1,e13d18b0e84b940e62647172c4c7518fe99a83ad83420a483d9324877986cf8d,175872,229376.0,175872
64,16,inception_resnet_v1,242113c32ea10f822c80931c73858d644b9d7e2f67b741dc8b34338418c60a78,188736,229376.0,177088
64,16,inception_resnet_v1,9246241b5643d58bb1646f6ed50c69cd99eb880b1679533b22b0fab80ac38ab4,176896,229376.0,176128
64,16,lstm,71bae4bf271cdc9038e9d0c5b55a8832cafcca954cf3b01f32631c6adf8c88ea,185472,258048.0,177856
64,16,lstm,5d0d8eb5ab37806b97852d73aa6e7a94679be729c4dc021d6bf6b3ff537dfabb,178752,258048.0,176832
64,16,lstm,635d23a1bcd435e6675742825f2b8162915e077be4e373fe2131cc84604719fe,174528,258048.0,171520
64,16,lstm,7542d78b26f5c7ee65c159ce63cafcd643cb9394d8e615e3bdbafb7a40e6a5e9,181504,258048.0,177472
64,16,lstm,03420388fdebce80e878eb71ceed94233eb3a2c0c15cf9cbd6043120e7aecc0f,179520,258048.0,178240
64,16,pnasnet,9f3437bf33553e5e3214f032d1923ca609010443d86045f5244c65efdb6d5143,230848,258048.0,227776
64,16,resnet101,cde32a6af1910132ddc477685067db7dd22511ae4d86b0b1295248a90aa60d22,190272,258048.0,190144
64,16,resnet101,0681da3d8753b48af5fa288831d48e1a834059a367c6af87f9e19cebc8c1e229,168960,229376.0,168960
64,16,resnet101,bb38885130386274ab126ba7375fa51f1a174eda5da250f44d7531c227e86a69,176640,229376.0,176640
64,16,resnet152,246afd885cc42f17d0542ab8af2cffb3cb92ae52c59dcd5db530a2e8a5585bac,194112,258048.0,193984
64,16,resnet152,f77f7363edf9cc4c51b8f0ca98628bf72faaba0f3b37a71983d06b9b126327c1,168960,229376.0,168960
64,16,resnet152,0be7174a32f8afc5b06cfce53371ae764e25da696c35264cb958f0c02a6f94a5,173056,229376.0,172800
64,16,resnet50,3d4e251e4ffa1d09bc7b73056d88a3a06a49150220c6f11c33d634bed051161c,188736,229376.0,188608
64,16,resnet50,21ae3bb1035e758f76e80ce4c9314691aea43489037aec68e328aaaa2217d48b,189824,229376.0,189568
64,16,resnext50,76f4f286242e919ebcb1561ba8090fbe4c048fcaff7d0c658e65c92b48322195,199296,258048.0,199168
64,16,resnext50,50c739525db1e86c2a9c5ae47b4c12453cd1d409ea5ed38e2442dfa072be5ce7,185472,229376.0,185472
64,16,resnext50,8ef9512ab727e0632df275c43b7864d807fa98ee146d3b9b3b010844dca0df9b,195200,258048.0,194944
64,16,transformer,87815df5b1464e4d6b645f1fdbb5b83a0344df4db81804fab830c1ba50df33e1,203520,258048.0,202368
64,16,transformer_cell,803a9c2bbadda0482e26add06d2adcd6d1e56da8daf5f9f1f03d99eadae7465e,201792,258048.0,201792
64,16,vgg19,33c482fe8766efaa486b11cb65c08f7802aa1b555a6c997946dfbde6eacf62be,151040,200704.0,149952
