chiplets,core,name,mapping,cycles,reference,reason
4,1,gpt_decode_block,830f568665cd141d4e61f8e060f64968a417e5de3d3bd067ba49f564707dee1d,32924,32912,exceeds unchanged archived exact reference
4,1,transformer,8668474d902a6ea0906c3e7c6e29fe00a97f57c424c4691fb619a4de83f3b377,14009856,13996032,exceeds unchanged archived exact reference
4,1,transformer,117d9c848affde32a4b38f6fd61262c75b415d8376a914416cb7ac688d444e27,14009856,13996032,exceeds unchanged archived exact reference
4,4,bert_block,cfd066750dc3a978fdf52051741d1bd6a4cb04959b19497f6e46a16a29e0cc02,670336,669696,exceeds unchanged archived exact reference
4,4,densenet,192555f293155d28876c0b373637049087c19fb37482a08c460ecf9f7c9b780a,361960,361813,exceeds unchanged archived exact reference
4,4,googlenet,771d563bf72cb46188aced5c367b92bd54a6fb00de6f87ed915d2c286e39fe6f,232261,232241,exceeds unchanged archived exact reference
4,4,gpt_decode_block,80075da652e73228dce64bb7f88713ce51749e5051f5209ba49251fa93b9ef4f,17950,17946,exceeds unchanged archived exact reference
4,4,inception_resnet_v1,ef363d4e7a2315adf1d08827de1d5ce863a48e02e35605cc2e004bc89d62a7a4,830126,830086,exceeds unchanged archived exact reference
4,4,pnasnet,3f0f010b5418b3361d11f334c4242f0f07a89731df8d4ac0f465c732ccfec63c,4783356,4781950,exceeds unchanged archived exact reference
4,4,pnasnet,a66acb6d72584c4b7acee09a0f8699008f259afdd72ee1bb1a863760a2f1adb1,4783356,4781950,exceeds unchanged archived exact reference
4,4,transformer_cell,bb2827b86d547886e42d82dfdd91e18ac35bb8863827eeaaf5067d3bf4202b5c,611648,611328,exceeds unchanged archived exact reference
4,4,transformer_cell,c92f3a94bd20f153340f6f1453e6f93cb912561dfa4bace86ed4f208fb1c9b95,611648,611328,exceeds unchanged archived exact reference
4,16,densenet,33ce132a75e11916306a02d56270ab36ee6435d3e95de821b73e63dfbe5d8c6a,96274,96246,exceeds unchanged archived exact reference
4,16,densenet,080afd17d2160bd4d3d357a8cac9f8a1e80193a047e78b7a7465a40f015c6025,96317,96246,exceeds unchanged archived exact reference
4,16,gnmt,ef737ecd75a30930b17896d6066f37da2f281b5dd7a635a0005489f2dc27a9e5,29339,29324,exceeds unchanged archived exact reference
4,16,googlenet,e62e5fcd11abc04eb7462b95f1962a18f08e7cbf9cf832c34da93311c5ab66d7,62134,62106,exceeds unchanged archived exact reference
4,16,gpt_prefill_block,f55fee1d568f9afc2e135409cf6c7a952718daf2ec3321fb94caa4fe3369e69c,323268,323200,exceeds unchanged archived exact reference
4,16,gpt_prefill_block,bbce0aec73799b9ed3230b9b910c12f14c95becf2786e0d227ad1f3e1a4a1400,323268,323200,exceeds unchanged archived exact reference
4,16,inception_resnet_v1,3499394c0aa6a2a8fad3f0ee0533fef5033660cb16ace435a646d2991fad0020,227457,227352,exceeds unchanged archived exact reference
4,16,pnasnet,5d1a11eee03c4d7ca84c46026644c8aa5b6ab224a878ca9507bb92f12a8d1ab3,1287975,1287329,exceeds unchanged archived exact reference
4,16,resnet101,9d53497accb3bae0d7264d23593f13ff2936fd114b05326681ca7c7bce982df6,261650,261395,exceeds unchanged archived exact reference
4,16,resnet50,b5ee67cf0382ea403429a1eea102a77b0e421c6b81f4342eb50537bbe5a02fd9,132526,132399,exceeds unchanged archived exact reference
4,16,resnext50,db096f639f15dfdc03fb3a0a6d99f1e3aad6e179fe0ae500015fe8d5d101c504,75050,74988,exceeds unchanged archived exact reference
8,1,densenet,a1652de2ecfb454092af324ddddeaff99fa6adc9ad27f001541f24b5fee3ca23,721868,721476,exceeds unchanged archived exact reference
8,1,densenet,134eb13102816e2dd37d43da75fbd0fe437b21166b7020d3cad02eba917157b8,722120,721476,exceeds unchanged archived exact reference
8,1,gnmt,837d8f5eed17bcf0d60c292a8de4916043d001e4ceb5f2d74c58995c6b87c4d8,31865,31864,exceeds unchanged archived exact reference
8,1,googlenet,ffe369130bb648c4c119c71e6afae9eeba8128cac72105e1df1fb969952b0475,457188,456859,exceeds unchanged archived exact reference
8,1,inception_resnet_v1,c255969fa11979b957867bcf394a37cc020a9a07e1fc5438dca40ba95ff859a7,1608088,1607136,exceeds unchanged archived exact reference
8,1,lstm,10f36675240e23524449fe9c440dbc3cfa07d58e11709d20720b5fbf67278e44,31801,31800,exceeds unchanged archived exact reference
8,1,lstm,ec87c20b8c11b2d7f33f0116346d1616e35395d58ee541267590b58623414eed,31801,31800,exceeds unchanged archived exact reference
8,1,pnasnet,9735c5c0a437b487a6e8368621e54bc7af8ab4315c98de9442be6066c479f1cf,9284346,9277801,exceeds unchanged archived exact reference
8,1,pnasnet,ea71fb8a063603d31bc8fa8c5e2c83493e4886fc7567bdef650be7ac6c7521ae,9285739,9277801,exceeds unchanged archived exact reference
8,1,pnasnet,141ce6f8c60e32d1793a117a27415bc28bc7aa14a58127a98b02d6784fe0661e,9286684,9277801,exceeds unchanged archived exact reference
8,1,resnet101,be33df7189b8b0c17156fed3fcbca25f0c24c39d71ccd74581204bb2ba01cbfc,1937320,1935528,exceeds unchanged archived exact reference
8,1,resnet152,42e554d97fad17f986745343e9f459cea7f13303d251ffe2fcb8b8fc2407f050,2876776,2874760,exceeds unchanged archived exact reference
8,1,resnet50,efa6bedfa100547b3ebc8d2bc5104349251208f8f4de150cdaa36664480d5235,1002808,1002568,exceeds unchanged archived exact reference
8,1,resnet50,1ad766083a52037263f80dcf7cfcf6918db2e901d3dc710a3a2a8c30d79cbb45,1003464,1002568,exceeds unchanged archived exact reference
8,1,resnext50,39492d338f7d4369abc9f3423fa25fe53fa3dd215cb7ff8144c8f7b3371017eb,578812,578560,exceeds unchanged archived exact reference
8,1,transformer_cell,8b1d2a53376ecee6833a91dfe947fbfc7fe5ccf6f9f91f96c03212639e257e90,1223848,1222656,exceeds unchanged archived exact reference
8,4,densenet,0a2b806fbbee37b50ecda1faa4ab60982ecafb9168d8ea5dc8b7ec751d3fe0e3,187466,187306,exceeds unchanged archived exact reference
8,4,googlenet,d319e2c5367f793acaaaec6c728d65faa63187ae169e706d9ac84980d60a92f0,117952,117848,exceeds unchanged archived exact reference
8,4,gpt_prefill_block,e316ea248e1930af9621e330d4f41dea31febff80895515dea1173f6e39386b8,638900,638400,exceeds unchanged archived exact reference
8,4,inception_resnet_v1,6e41ef78f39e1c53cb8c8a4719b181e6b85bb33c77b34be6512573e16b41c57e,430143,429735,exceeds unchanged archived exact reference
8,4,pnasnet,f780998d2fb86da50129a080f8e45f79cf6238b84cbb01a53b3b9cfc8a80a473,2465487,2463974,exceeds unchanged archived exact reference
8,4,pnasnet,5abf71db3b3012bbf5af2fbf7493f441925d0bb0b8a55c0aaed2f95c00e70afb,2465790,2463974,exceeds unchanged archived exact reference
8,4,pnasnet,7d6f059b291fad4a94a68fd7df5f883148d1dfe0391ccfeae636b344e11a4dac,2466039,2463974,exceeds unchanged archived exact reference
8,4,pnasnet,b556ac53d079b8a51ef520ac24d4fee826759588409c91aa10c59efed72fa4f7,2466389,2463974,exceeds unchanged archived exact reference
8,4,resnet101,6718fd2496dd2199b519fe45c7a0241baa67d80bb1faf1a79f2a07fb7ae33b27,489172,488724,exceeds unchanged archived exact reference
8,4,resnet101,0f0375a7be4d39578b9405e71afb920b547725f0630c921530adfa635d9c77e2,488734,488724,exceeds unchanged archived exact reference
8,4,resnet50,7e0c39a4ffb97186dc501ac77209f68969b19be32be191ad7560fa0513c68297,255680,255484,exceeds unchanged archived exact reference
8,4,resnet50,4c84d25abe438eeef67878520e3112e41fe9b24b1b49bae227a23497f0be6c94,255494,255484,exceeds unchanged archived exact reference
8,4,resnext50,d68c6995712a1cd4f3bf474e838e0af4feae31df44370f0b5af37333d1e5b058,146584,146458,exceeds unchanged archived exact reference
8,4,resnext50,610b0c9c67d6cbfd9c6985859217c1ca8fb850c5455bac012484d90f87fa937d,146468,146458,exceeds unchanged archived exact reference
8,4,transformer_cell,402d12ae868a598fda42df7349d264879d57b224e11cb6acdace61a8c921fae0,305824,305664,exceeds unchanged archived exact reference
8,4,transformer_cell,e05e92db7bcd1d10391f2c010a7d5c3e806bc04ff8f899a1123edbba73a25ded,305824,305664,exceeds unchanged archived exact reference
8,16,darknet19,dd631aaf0d69bfd7882d4e5d0300f11060d1c788065c50801e1d7df3c23b98b8,47980,47948,exceeds unchanged archived exact reference
8,16,densenet,792147412a242a95c5603d5a00da877b0ee3bb9e77d160b4a8b3c5ade60e582a,54106,54056,exceeds unchanged archived exact reference
8,16,googlenet,04dfbd04945fc5746034e0af22e6a4475607e02d835de7d58ec8e4a41d613860,32852,32827,exceeds unchanged archived exact reference
8,16,gpt_prefill_block,eb7cfc9de78db5c555aebb3c1787c3d8fa9e799ffeee8359b239bb11e760243f,166468,166400,exceeds unchanged archived exact reference
8,16,inception_resnet_v1,442744e01696656c3b6a651ef63dd7f74f0be38700ef7da688cbca26a230d06b,129160,129035,exceeds unchanged archived exact reference
8,16,resnet101,906194d7e81d1dc00bbd9d1c9949b4bc6aafa36171ed93d6883ad894bb141e99,137557,137443,exceeds unchanged archived exact reference
8,16,resnet152,f65c93d7f43a5166aa420316ffe48bcbf47474de59f36d6fdf3520ec8eec81d8,204525,204391,exceeds unchanged archived exact reference
8,16,resnet50,0d148a62c550f4cdcd56efb1392f7fe15639b27ef5927b11844fdeeaadbddd43,71328,71279,exceeds unchanged archived exact reference
8,16,transformer,190dc7a3758d2c88c3375c9280421985021a1d476bb31c3426debd5eaca49bf1,476448,476160,exceeds unchanged archived exact reference
8,16,transformer,ed073b73fbb7dc6cde3de2eb95c0301a8c06661e540d451add2d7aa5f3ba73c7,476223,476160,exceeds unchanged archived exact reference
8,16,transformer,a001f0e1e492f4d8875ad13a9ca7aafcf7ed8adf33e63d19721414b20b8a3ac6,476412,476160,exceeds unchanged archived exact reference
8,16,transformer_cell,935e44d06b8ae96b870b1ff278cf631d97aee6a6f3221f05a34be32a3cae4572,83263,83200,exceeds unchanged archived exact reference
8,16,vgg19,0fe11998fb7253d7bdd9140c77796f5f997395375065207a1584f8ed318efe85,305665,305389,exceeds unchanged archived exact reference
16,1,bert_block,cbc27c92a326c6cd2cdb8d989f57639f39385e3ef5295644a520708f438a3991,670016,669696,exceeds unchanged archived exact reference
16,1,bert_block,a1d2f534b2d8fe69f1007c1d8a4e9c886649881c32545e416415010238ed5389,670016,669696,exceeds unchanged archived exact reference
16,1,densenet,51ec0d766876a68b7244964601322dff91054061a0621d3a3b373fccb6ac64eb,361687,361563,exceeds unchanged archived exact reference
16,1,densenet,e59ed8e6d2b722bf631ffe53fad9aa07019ce4baf4f1fd839d68fe38f7086ea6,361687,361563,exceeds unchanged archived exact reference
16,1,gnmt,3d1378663f3aab440ed720a2dd855c1eea32c4b66152485e91297b409971bcc5,31476,31468,exceeds unchanged archived exact reference
16,1,gnmt,c7db807919211ae54aa07f8c60fc84020121c5a3a6a2436df77d2ab618f83fe3,31492,31468,exceeds unchanged archived exact reference
16,1,gnmt,2641224488e8a3f3d1967021a3a66583c14680e35ebfe35ccf683803e2829d79,31495,31468,exceeds unchanged archived exact reference
16,1,gnmt,26591d59f7643884ad2f2353fa8d6d851605e90f0565636442b9091c9f7a4111,31470,31468,exceeds unchanged archived exact reference
16,1,googlenet,70cd03ce96cd5bcfc348ccfc2daebd1fd8e60ce5785fecef757b51e7bd9583fd,232222,231991,exceeds unchanged archived exact reference
16,1,gpt_decode_block,d6c8dd85f6e0f73182cd48cb8edaac02f10ccf8aafde79489ba840e508678e56,13283,13274,exceeds unchanged archived exact reference
16,1,gpt_prefill_block,07299e1fcaf04ce0bb527e79f6a8ee3bdfc17dddb168dd7d4c8cb77d220520da,1277336,1276800,exceeds unchanged archived exact reference
16,1,gpt_prefill_block,c9ec0aed119d7397a3d0827d952b49ab56de2ce7ed34da4fd98284ca0f0f98e9,1277336,1276800,exceeds unchanged archived exact reference
16,1,inception_resnet_v1,f941a00dde4ee3ed0f9f7e368508ad5004cea3f025c38bf7a4ac289986196944,828867,828861,exceeds unchanged archived exact reference
16,1,lstm,f6d394fa66c53de6941c8696b1533369fc640f8d584664dad04791b908b45131,31444,31436,exceeds unchanged archived exact reference
16,1,lstm,bb404bbc773e4d1197b309e47d24ebd7d45bac1c3055711ca3be903689edbcfb,31452,31436,exceeds unchanged archived exact reference
16,1,lstm,0093e30a1e3c128b520fd6beaae8d26238518b9d1bfb0bba3bbb7c4c452ee140,31463,31436,exceeds unchanged archived exact reference
16,1,pnasnet,68bb41cdeab603523494ffac4569d5054cdc418e443bb2294b45ef35e1a2593d,4783210,4780895,exceeds unchanged archived exact reference
16,1,pnasnet,5f4f2b222569454c6ace327749b383806023b5617397c4aa847cdd5cd9945611,4784616,4780895,exceeds unchanged archived exact reference
16,1,pnasnet,aac3ec4185b774ca5544ae4581395c61c4753474ef7d677727257cc955883470,4782301,4780895,exceeds unchanged archived exact reference
16,1,resnet101,51ca1d6a8d29dd4acb624353b6435032feeff86ec8c7c43f3366298fd16e3fa5,969157,968261,exceeds unchanged archived exact reference
16,1,resnet101,887fa614097573ec969f08fe390bf921e16f7100a9f2820962246e74819dc2af,969221,968261,exceeds unchanged archived exact reference
16,1,resnet101,d37b36c41988b660080e811c76afd429ac8fe362bb45849eceb31f2073e89ff9,969221,968261,exceeds unchanged archived exact reference
16,1,resnet152,156615ce75e348b6f885db4d2bf389a9f7ee648ff9288a09a4c8db583fc0bbf1,1438885,1437877,exceeds unchanged archived exact reference
16,1,resnet152,ef16a0151c8c44486b7cfc8fb01a9c5de0c40a7ccf5536dbee1f40c6384de35b,1437880,1437877,exceeds unchanged archived exact reference
16,1,resnet152,c5dc5bf46cc738904fe4048815b89f6d6f37e525550d60a7323bf0090716a3af,1437880,1437877,exceeds unchanged archived exact reference
16,1,resnet152,e54f1658e217f14e87fd6adbd4ffb517af3e410bf2fc91b5bfd2a4d36eebcd9e,1437880,1437877,exceeds unchanged archived exact reference
16,1,transformer,e2752878df9b1ba22227876a51d2509f5b7c7ab93cd9778bdd2e13b7d5246cc4,3501376,3499008,exceeds unchanged archived exact reference
16,1,transformer,78a2b94e0179a7c4d069877176ab53111c8704e497a62fa9818c8c2d9fe836f8,3501376,3499008,exceeds unchanged archived exact reference
16,1,transformer,d1a1ef612210456c4b78b8caca155e812d240191e35db548531794edc94f71ed,3501376,3499008,exceeds unchanged archived exact reference
16,1,transformer,1dbd47aeda7c44b3406565a9e904368fe055e573fa2444b5aa4a0ec0ef8e3585,3501376,3499008,exceeds unchanged archived exact reference
16,1,transformer_cell,c91b337ba4780f3b520792e2c61b12c5287c3e70e5d8e55b6d228d12598f452c,611840,611328,exceeds unchanged archived exact reference
16,1,transformer_cell,93a7437d12214b604ca09634b1c89ea8107f7ed903c661d2fd9fbca487a495c8,611924,611328,exceeds unchanged archived exact reference
16,4,densenet,75b5b7d622db7558c09c397bead88b55b42c8efd94b8777f7da9c64d7924bd62,96271,96246,exceeds unchanged archived exact reference
16,4,googlenet,d2d8767efdc208beafc95c7b809004f3a5be2920f44b83ca5d929c28258bc602,62154,62110,exceeds unchanged archived exact reference
16,4,googlenet,e72aa29c899aef73ac08446619fb93cc4dba0c176bce7fb8fc394891d3a3deb0,62134,62110,exceeds unchanged archived exact reference
16,4,googlenet,4e0927c11f22176174649d5294739fd1aece4aa71b45506fcf47ff3caad96dbc,62172,62110,exceeds unchanged archived exact reference
16,4,googlenet,e95332f88ec8c4e462b1b096540a2f7c434ffa454fa9978d25362010c647680e,62116,62110,exceeds unchanged archived exact reference
16,4,gpt_prefill_block,80c9412879c47c07dbae8595662a7983b0b9ca8742f929296b6b3d97f17350e4,323268,323200,exceeds unchanged archived exact reference
16,4,gpt_prefill_block,ecc7d8baf61e63bc09137abac68e0a116472d22418b5517ddb76d98cf0043d7d,323268,323200,exceeds unchanged archived exact reference
16,4,inception_resnet_v1,18ec4fe52aff9e7719f1ed9676e54164229ba5b9c7433f5ce8c90ec9eda7e558,227498,227352,exceeds unchanged archived exact reference
16,4,lstm,b0c7ab51ad96c12319b9d65cd92b1787c7bcd23b4d5a9af10020f4f230b42656,30352,30327,exceeds unchanged archived exact reference
16,4,pnasnet,6b00202c68a46d99fcb5f487f9ac795cf1a65617472ce292272311688e5a7c23,1288127,1287329,exceeds unchanged archived exact reference
16,4,pnasnet,4f52e61cc2ad7050a28dd3738112425092234801b795054149a67ce1cf0ccae8,1288266,1287329,exceeds unchanged archived exact reference
16,4,pnasnet,518fc9891330cec8640ea5fe8b646df45308688ba06865b607d2c3e4309b38f8,1288428,1287329,exceeds unchanged archived exact reference
16,4,resnet101,d788ddeaa84f817add3ecc7b8a15340890d49eec98241f884a2eb83bb5976183,261650,261395,exceeds unchanged archived exact reference
16,4,resnet50,e24bd62042952b553edec9a6e3f8385b197352cb3a24811b3d5c0f236cb22b05,132526,132399,exceeds unchanged archived exact reference
16,4,resnet50,9ab8e10ab747b8c4a07736aabc4a2e1b3492acf39bfca5bd80eb5959f358df6d,132442,132399,exceeds unchanged archived exact reference
16,4,resnext50,4bf6d755b14df20dfea26e6d44db7dbb8283bd308421c838edb1f055557f60fc,75050,74988,exceeds unchanged archived exact reference
16,4,resnext50,f09f55532127f2d4f198040b27a999284782a6950c7e09dda6da86876a05c2e2,75016,74988,exceeds unchanged archived exact reference
16,4,transformer,fb7859f4d5fb31d27c1fdb9d997e62731619bb9cea1e48edfb5bb4d7e6b22ac0,898592,898048,exceeds unchanged archived exact reference
16,4,vgg19,96a6b536df436e0937bebd0edfe67fafcdf229eaf5eccf916732e5dbfe3a0489,599613,599221,exceeds unchanged archived exact reference
16,16,bert_block,ab38fc605ad18d89c68b58f09fc60aeea13dbc7383e816a938b5f7782393e7e4,49662,49632,exceeds unchanged archived exact reference
16,16,darknet19,c7c6f80abdd834efccacbe40fdc1faf504c8c41d41410ef4336387e4108c525d,25916,25900,exceeds unchanged archived exact reference
16,16,densenet,7b092f89723eb93b8385143e3cd835cea246b1eb9d71db980c7d7dd63de5013d,31930,31905,exceeds unchanged archived exact reference
16,16,densenet,2391c00e53b42d48bbfd3d13bbd207b8dbac5e9195fe4e8691113c3df25479d3,31922,31905,exceeds unchanged archived exact reference
16,16,densenet,9ad1ed0d24abf41ec39f421020e6663a692f883cf695fcc983b2b7bfc7c2e4c1,31921,31905,exceeds unchanged archived exact reference
16,16,googlenet,b85cd61b7e5f6b14c6f43a2a430dc797b539a807570bee3cc150fc51a7aa9f7f,18901,18887,exceeds unchanged archived exact reference
16,16,googlenet,80f3695bf6f586eb64d2e5dc17ab9fdc8f9b22519de7a23f145ae7c004e308d4,18904,18887,exceeds unchanged archived exact reference
16,16,gpt_prefill_block,27690ccbc9bd9864427c5af0e71e88a86c9c00c3a47b1ea0ea65c6484a2e6e89,92550,92503,exceeds unchanged archived exact reference
16,16,gpt_prefill_block,bd721bd65de22365759fd4fd96d2cb5f05f1a22856c29e2cb3f179ea41d62e41,92535,92503,exceeds unchanged archived exact reference
16,16,resnet101,35a7ff3cbbdb7d5cc8cf611e09d80120850944a0ad0a328f4d26dc30699762be,79475,79398,exceeds unchanged archived exact reference
16,16,resnet101,61c8198ca4a61b9ce04d3eb71a3739963d5848aac34c4d8ae7b37714113c34f2,79477,79398,exceeds unchanged archived exact reference
16,16,resnet152,ade9a335f7e8181ccdfe3d8d72c44af25f6f09ec0eaff022ce28e973e87f968e,116597,116486,exceeds unchanged archived exact reference
16,16,resnet152,10cf3e5d578ed6bebf75964097b9e66525a357f43b8f744e803615b5d84d7945,116595,116486,exceeds unchanged archived exact reference
16,16,resnet50,a23bf832de00990fdfaf2db17f5985fcf8d99125732e43afa73ba5666a127078,42682,42643,exceeds unchanged archived exact reference
16,16,resnet50,750cbd5f0fa4b240dc103cc053ddb852ef32edb6c3ebda36f1e7c381ae90cebd,42681,42643,exceeds unchanged archived exact reference
16,16,resnext50,979ef0a1924326640e31b619604670319d081ccd56f7e3b7d3314ccc50646c19,27524,27498,exceeds unchanged archived exact reference
16,16,resnext50,e12f8a3dbca25fc4f19778fb2c7215a6a2d06b59fa59f0737cd4085ecc649a9d,27524,27498,exceeds unchanged archived exact reference
16,16,transformer,a0bdd94b9b4462d9217d1aec6d6de69d1f92b3475f9d985170766246e011c2d8,282608,282352,exceeds unchanged archived exact reference
16,16,transformer_cell,685742a85f39e89980091c8f522caddf5fcbc7cf93af2f41c4cd7d1c51a95c82,49240,49192,exceeds unchanged archived exact reference
16,16,vgg19,bc6c699b4e6f1e1c947de971f41885ce2652fc2afcd06db51d2864ed3039e02f,155271,155197,exceeds unchanged archived exact reference
32,1,bert_block,663b7cc007b4eac34f7b668eb3bb32b0f4c77fad044dbcbebb399e673150091e,334976,334848,exceeds unchanged archived exact reference
32,1,bert_block,f9303914fc3eda4ee9190947e49ddf5c9dc78224df76cea07e6b1f78a8cf610f,334976,334848,exceeds unchanged archived exact reference
32,1,bert_block,9759b00fa266f20ec03a8760a026a6ab4204db693caae7593d97a5c7894fb5f1,335072,334848,exceeds unchanged archived exact reference
32,1,bert_block,57af1e281634ba2613182f1ab5c9640debe3bec97db2c8ac428450f6a43eed25,335072,334848,exceeds unchanged archived exact reference
32,1,densenet,f0e66a07e1d64ef23ebc54fc2898bba1f6af17a6961d4be5d8d584900723efd9,187194,187082,exceeds unchanged archived exact reference
32,1,densenet,364f1ca4e265557c99a8934fbfa48b84e098ea43ec27f56e060abdb81e67aad0,187158,187082,exceeds unchanged archived exact reference
32,1,densenet,19482c01db52f2235549efdeaed4940c20fdf8a89590b91c2d340a1936b0e5ac,187158,187082,exceeds unchanged archived exact reference
32,1,densenet,4b8def8336f053dc8be7116fc153445b99966c45ba213935d88f3a54428e6604,187231,187082,exceeds unchanged archived exact reference
32,1,gnmt,0ae6cf9e9d1abcead739380034582ae3ef00e59cafcb336887c73ddcbed50ab1,15738,15730,exceeds unchanged archived exact reference
32,1,googlenet,84888e7c3d687f919018a6734e16df19cf6d1f3590179401892b01956661505a,117728,117624,exceeds unchanged archived exact reference
32,1,gpt_prefill_block,ed25e65973ceb042f8644bb1961c2df63e11e0f30b0b0cfcc42f6f0445eb60ed,638600,638400,exceeds unchanged archived exact reference
32,1,gpt_prefill_block,1c7d65e54b31379124cde495f9d0e8a45684f236669fe005f6c66561eca892d1,638600,638400,exceeds unchanged archived exact reference
32,1,gpt_prefill_block,d11237a2fbd49241cc8632c89f07436740f2a65e808fa0dc6ceae0e960f1b2e6,638768,638400,exceeds unchanged archived exact reference
32,1,gpt_prefill_block,c6df65fbe437180a265d2024c48c43fdac9883eb63ced09b962551f997ad96e2,638768,638400,exceeds unchanged archived exact reference
32,1,inception_resnet_v1,0a71c1fc43a1956998f62c2902b7b051c0228659943cc950e93beb3f19a9db68,428986,428640,exceeds unchanged archived exact reference
32,1,inception_resnet_v1,580661fa27aeb527d87e61e476b26c8c6d580cce0afb0aa9bf405286bc916ef5,428912,428640,exceeds unchanged archived exact reference
32,1,inception_resnet_v1,aacdaba3d4c03efc8db2d55d54333c3b50a547db00fd01c5bb600baf477a4ed1,428668,428640,exceeds unchanged archived exact reference
32,1,inception_resnet_v1,58fe5e80308bc3931aeb578500c9940d9923f00242f6a00d19d04b1ba7ba1bc2,428986,428640,exceeds unchanged archived exact reference
32,1,lstm,9e8fda598ae1ff535ca81d3a872d4b0ccaa6da4a102a64ca20ff0dd01f4d39f8,15722,15714,exceeds unchanged archived exact reference
32,1,pnasnet,40579f7df14f32a63baea3c2a539f5d8404c6a2b3edfe363cdb5e7b47e54ad02,2465569,2464435,exceeds unchanged archived exact reference
32,1,pnasnet,fbb1eb1232eeab5d7a846d8b1cdb39c698c4e085fd403a48abb1b0d00ff631f3,2466871,2464435,exceeds unchanged archived exact reference
32,1,pnasnet,b5f5c7d59675d1b72bd991c57012098ea882228b86d50d855f5c75c85ee2f4fc,2465119,2464435,exceeds unchanged archived exact reference
32,1,resnet101,ea12afc1a38173045881d63e6d2d8efa7040cddc643d07fb3d1a18434c0b0144,488723,488275,exceeds unchanged archived exact reference
32,1,resnet101,abd0f5dd9e3ebe727ef78ffcb2fab64332ae4e725b9dd984be1fbc2113f2527c,488499,488275,exceeds unchanged archived exact reference
32,1,resnet152,dd8be1999129f89df61910b95db5d77e6c146a842ebb411e6507c667d6f86d5c,723531,723083,exceeds unchanged archived exact reference
32,1,resnet152,867c310a6864453df915826eb73614ea505e17b90209453e97ba84ff21484736,723651,723083,exceeds unchanged archived exact reference
32,1,resnet50,eb734d5fa3f9e367c6158cf886a4547f8e2876d7f68bef01d7829d1168a80870,255155,255035,exceeds unchanged archived exact reference
32,1,resnet50,ed67e1831b6515010fba8bb1d9acb31f2d1a78148c43f0dd3e06dd0d6b02ac21,255259,255035,exceeds unchanged archived exact reference
32,1,transformer,c1a798a73ad6d9617f54543bd7775775dd84736e11316a39b4350e75903250e6,1750752,1749504,exceeds unchanged archived exact reference
32,1,transformer,3438340e3c6d71cccfc7f414735697c1611018e642706b4f11baa27b30ee56eb,1750752,1749504,exceeds unchanged archived exact reference
32,1,transformer,669a766d2ded8f853bbdfe258c5397c41850ed744a5c53529ea0a52a454207ea,1750752,1749504,exceeds unchanged archived exact reference
32,1,transformer,282f08c1310b750bd811cb778b971bdfc09b6537b956f6f6d4ed829c81221b2e,1750752,1749504,exceeds unchanged archived exact reference
32,1,transformer_cell,1daa1d99f1eafb74198dc6c2bb1049d5efa017e6900b92b3589127741081d460,305728,305664,exceeds unchanged archived exact reference
32,1,transformer_cell,6e9b6b2e4da9197e17b2b59a7c2d55cbbc66fde04de19331a3006019db5f7d0c,305728,305664,exceeds unchanged archived exact reference
32,1,transformer_cell,032e027c014ed90d4988a09c69566a13b83468537eec775f1812bbf71a4e3da9,305792,305664,exceeds unchanged archived exact reference
32,1,transformer_cell,19d60560b27d9607ae2227583e5868351cf858d0183e9d73414b52532677f328,305792,305664,exceeds unchanged archived exact reference
32,1,vgg19,5fdb8711506d5983a4aeb99e95cfc98c0a534c1625e8b7ee01d00157e29d3249,1198638,1198442,exceeds unchanged archived exact reference
32,1,vgg19,9403569b046f98388a6f6a756d9d141a25ff664227e85d426ecfa4625aca0a75,1198638,1198442,exceeds unchanged archived exact reference
32,1,vgg19,72d04acf2ca42406da00c6cb7dc0afed66e1d4cd96a5fb69fd8e8e6a1a2ffec1,1198540,1198442,exceeds unchanged archived exact reference
32,1,vgg19,a6d47f04032447e234596ff84b5a8d9f2eb4d2b51671f4a88f2aac7566f19243,1198540,1198442,exceeds unchanged archived exact reference
32,4,densenet,37d94ef92554b7c3ceb81e96a461414fcc47b33e292c4184acced650974c0fc6,54044,54030,exceeds unchanged archived exact reference
32,4,densenet,fc086a9df04b3faa5084eb969ed1fd7c3ffc1c88f2de57ad76fd03a7743ba16e,54068,54030,exceeds unchanged archived exact reference
32,4,googlenet,b3916aef8dddab3156ad462c783a2507a7bc85155bd33b36ed71748f84281bb3,32831,32807,exceeds unchanged archived exact reference
32,4,googlenet,3815573a3b69de948d1259e4ccc2e0dc189300c168bb812e64f9c721f677567e,32825,32807,exceeds unchanged archived exact reference
32,4,googlenet,6c710bd72e9c231e34a356968f2fe841eb7ab407674305222dc7f355b0a1fc59,32837,32807,exceeds unchanged archived exact reference
32,4,gpt_prefill_block,d210a1ce6bff4f9ba5dbe6b0fceb416dad3ae1d88bc4327c708ae91fc070ad30,166468,166400,exceeds unchanged archived exact reference
32,4,gpt_prefill_block,f242a45529f71aafdd25d26e644444059894cb2de0181f6c7c7b873d88141c63,166416,166400,exceeds unchanged archived exact reference
32,4,gpt_prefill_block,d82fa6b5d23cd89d0a5b21c30ec68dae5ccf5ddf3d8540f945a619e48a8116e2,166416,166400,exceeds unchanged archived exact reference
32,4,inception_resnet_v1,67e2aca58fc1b2b5e5b9d3dbb5e4804c98772a07b8e9495e486940db8aff9a76,129160,129035,exceeds unchanged archived exact reference
32,4,inception_resnet_v1,bc73d4620c88144e76c009fd9320e788488251a9b41b1bdc48c67f27984c5c08,129039,129035,exceeds unchanged archived exact reference
32,4,resnet101,abde5350933c01b27a85486db5bd2e8c49140e62119aab5b31432c1aa561b189,137557,137443,exceeds unchanged archived exact reference
32,4,resnet101,2cb37978a2b9b2fd56a4d5a43294b7b306982c260f8b4caabcf23cc27fe7c71a,137480,137443,exceeds unchanged archived exact reference
32,4,resnet152,25598dddfcc94fd502cba0f85cc37dd6ab4474f26ad634fb249a7d44142d004d,204525,204391,exceeds unchanged archived exact reference
32,4,resnet152,ed2d9d8e5175e519658bde8b87a54e33ececf288803b6c3cf3a3328b45d8c0a4,204428,204391,exceeds unchanged archived exact reference
32,4,resnet50,a7b1dfc690c59bce76e65cbc78f6371d79881e8c079c02d761e390b172380452,71328,71279,exceeds unchanged archived exact reference
32,4,resnet50,b5e4e2914c2da2509fc2598135f4cc17d817a76602ae6301150dcb8bcc8bb49d,71281,71279,exceeds unchanged archived exact reference
32,4,resnext50,9323fac83959da35375ed717df7d856731b8a79aee4aeb0160106bac53ed3d8b,41694,41660,exceeds unchanged archived exact reference
32,4,transformer,bb8dcbf669704c0e0479f390a76b1f50f548aaef2fa1a7db3edf7ac933282eb1,476223,476160,exceeds unchanged archived exact reference
32,4,vgg19,cc8d0c0da2de5466a56a01f77c80f09c8856f9339e487e117fbff9472f462632,305665,305389,exceeds unchanged archived exact reference
32,4,vgg19,2a3d053379593cb6ab6e58ae0c3a0b277951b94bdcb4d23117b15ccee7c3e0a2,305658,305389,exceeds unchanged archived exact reference
32,16,googlenet,e4ace1ba79c9eabebb550a6be8408f3cf53e14e4b70577fb7029f38066b2f2e7,13773,13767,exceeds unchanged archived exact reference
32,16,gpt_decode_block,cc4cd40dda8430dc6eb5cc01ccc6a544ce2f1bcd1bde56ac7df2e8be45085c97,6116,6112,exceeds unchanged archived exact reference
32,16,gpt_prefill_block,38b221c9aaf354ed9ce0c2b7c27655dbc990984f8fde8a4bb5a18d6ba73ee61e,61355,61298,exceeds unchanged archived exact reference
32,16,resnet152,00fb30ba4a6433999f4cb67b14996f13963435b29075a8db179987085be3377b,78506,78445,exceeds unchanged archived exact reference
64,1,bert_block,7fe641a73597a415c55335cc80e6e4fa2459fe7d12a1c35c94f72f735b2790ea,170112,169984,exceeds unchanged archived exact reference
64,1,bert_block,d715829b938821db28db2f07efa646056fdd02c62023fa80ceb1659f7210fcc9,170112,169984,exceeds unchanged archived exact reference
64,1,bert_block,8550a63a4db9b6ab0b8f8a9d1364fbd8acfa816b3f5306e134b80b9c52f65136,170128,169984,exceeds unchanged archived exact reference
64,1,densenet,41ffc1cbebbdde5225aaf1f94c01d197b5b524a0816e80f0d933fd24c437b96c,96115,96059,exceeds unchanged archived exact reference
64,1,densenet,de0ec3c491c8daba8c645e1ae2c353ebe640682f138170dc01be8b0c693d1ea2,96151,96059,exceeds unchanged archived exact reference
64,1,gnmt,ef23e05f3aab24c1917df92b474083f7f37e6eac1f848ca3b7feec3090231dd4,15675,15674,exceeds unchanged archived exact reference
64,1,googlenet,f9e25d4babea01415738279c4f68f391453751d46c15979565d942cda12500ad,61955,61911,exceeds unchanged archived exact reference
64,1,googlenet,edea4c95bf9fcd83c79a3da83017997ac80adf7af08f012eaf848ea0d4e3473b,61949,61911,exceeds unchanged archived exact reference
64,1,gpt_prefill_block,d727140d83ba95df787395368c902d93501bddd5d436441436828213a7ef0d0b,323400,323200,exceeds unchanged archived exact reference
64,1,gpt_prefill_block,7dca62731ccc25301ea1aada823b816284ec214655f8400e3a84382d115ef8c7,323400,323200,exceeds unchanged archived exact reference
64,1,gpt_prefill_block,b2fc9507b4241750635f6fcaadbb4f7ba9c58c0cd6d812006e326d8293907e5b,323400,323200,exceeds unchanged archived exact reference
64,1,inception_resnet_v1,9c375f6352d025c19a1a77f0a5b9118a35d55e47b6632c94de2b509a1fac4d7d,226549,226437,exceeds unchanged archived exact reference
64,1,inception_resnet_v1,8e1b6d31ac308624982234408d9e72ed639323fcae12c67618884d12a77fbaaa,226441,226437,exceeds unchanged archived exact reference
64,1,inception_resnet_v1,095b869066b033b9db9f99399b8b2629f4ded92e7c297d2be87f302ecbcc3f96,226451,226437,exceeds unchanged archived exact reference
64,1,lstm,33931c455e8dce15bf98a64351627be0e687562d4bd8c301936a87429360632a,15673,15666,exceeds unchanged archived exact reference
64,1,pnasnet,50bd213446d5fdcfec523e5d7f9795958bd6e4e2ac18575e8f0e247da505ca2e,1287199,1286539,exceeds unchanged archived exact reference
64,1,pnasnet,2ad24c87b13468a95dfd51d1d1eb5a0719703bca0810085b2f826a3aa0cb7cfa,1286788,1286539,exceeds unchanged archived exact reference
64,1,pnasnet,a52371c5424519994077a1faa002ff091d46afc6a223875d88ef0162fd1bfd98,1287532,1286539,exceeds unchanged archived exact reference
64,1,pnasnet,da7eb0e188fa9d79f2fdd4656b6464f54acf9826c687f3e047079a772b22ecc2,1287234,1286539,exceeds unchanged archived exact reference
64,1,resnet101,afc6f2c889c0ae3d5e6ca5b94113ee753e83f982421e7235b9d74f06545f3769,261244,261020,exceeds unchanged archived exact reference
64,1,resnet101,9cd7e43edf93ac39b60b85cb4c39624ff3d0ab65c189e11981f730d0d98e54f4,261276,261020,exceeds unchanged archived exact reference
64,1,resnet152,21481a47f9c35fec614a7b8b789aafb958dcd113a2f59994bbc948610b74e959,388144,387888,exceeds unchanged archived exact reference
64,1,resnet152,5c318927e43051261ba33842016f02e21539577c4854455a830df1cb878f9608,388231,387888,exceeds unchanged archived exact reference
64,1,resnet50,d305dae9e85474998d76cf2b2e9c3f9f65ced4959bf4d26dc0fd6ece16b6750f,132084,132024,exceeds unchanged archived exact reference
64,1,resnet50,a25f95bcb52cb43a08826c6e43642ce32b59c3d89ddd0835ea2b98a347fdaddb,132152,132024,exceeds unchanged archived exact reference
64,1,resnext50,61a3eaaba89840417a6ba391707886235ce1246a9946f16a6fceeba91110a0b1,74614,74613,exceeds unchanged archived exact reference
64,1,transformer,92bd450c92d2c7b9040ad4dceab577a554e3ec691d338ff623531757005d879d,898720,898048,exceeds unchanged archived exact reference
64,1,transformer_cell,8808f22f18736311d8722cbac454ff062e8ff15f3e6f73920ebae0cbe9d64604,156992,156928,exceeds unchanged archived exact reference
64,1,transformer_cell,9ec59f853b55b841963e0a0c13af7d7f05cea1f8bf4e1cbeff6927fc215326ac,156992,156928,exceeds unchanged archived exact reference
64,1,vgg19,f42d8ad93917fb7b10526b57678e4c08c5277da40946f969cccf54a38b468643,599662,599221,exceeds unchanged archived exact reference
64,1,vgg19,c707397de242c3aea682cf532da413b7a1c21aa20a4d15c3895d7d19620e5632,599662,599221,exceeds unchanged archived exact reference
64,4,bert_block,de09c31648df01cc409c08c1ed99ab85debf5332b75199b2693ac76095d086ba,49662,49632,exceeds unchanged archived exact reference
64,4,gpt_prefill_block,4ff273c3a71edef0021d1552fbf41a804bc262dee4268562560f222b7b4137a5,92524,92503,exceeds unchanged archived exact reference
64,4,inception_resnet_v1,acb5cb39d9b5b26e90eb06d8184b388d6174c74693a6fcc92dd97f766e075419,84560,84514,exceeds unchanged archived exact reference
64,4,resnet101,f72206b4eb9b8879a082479bbeb6215e0043bf581e9b2cc6b643a82125da9ba9,79477,79398,exceeds unchanged archived exact reference
64,4,resnet101,7a7b554c5bde867c397f7c20a4a48b08ce309378d9d9678ab61495190fb51b91,79469,79398,exceeds unchanged archived exact reference
64,4,resnet152,37a60dc126f5f770d4527cbc396b81d4cb43b335261d560b7d62597698a05e5e,116597,116486,exceeds unchanged archived exact reference
64,4,resnet152,954fae52c66e38a4000ab36cb7b097638a42aff6e103fbf31f03acd09bc27008,116597,116486,exceeds unchanged archived exact reference
64,4,resnet50,f7bf4a9ce4d6dfb6bf5e325528e1950b7f702f631cc14e0e70c32efc9eb10623,42678,42643,exceeds unchanged archived exact reference
64,4,resnet50,f800820115e399138b265edab36c8601ae71f95592865dbc40a7662f59373576,42682,42643,exceeds unchanged archived exact reference
64,4,resnext50,62e9eeff2793db62699a5cf32572798534248edaf41144ab5467452e9520052e,27519,27498,exceeds unchanged archived exact reference
64,4,resnext50,60bbe43c2c52369acda4b122b95cabcaa74cf1845d76caf94cfb3895c2b00233,27524,27498,exceeds unchanged archived exact reference
64,4,transformer,36eef299b02f301868c0c975039f9521148376b12d73d6878357778a11dfa1e7,282608,282352,exceeds unchanged archived exact reference
64,4,transformer_cell,ac3336d81ba40100dcd47a8b9db97c635479152bfc8b48ec8b31ada722c93640,49240,49192,exceeds unchanged archived exact reference
64,16,gpt_prefill_block,735db2e513b2fde0d661a197ec97c3bfea1f98e2f8626d4aca4848d1baf2cd18,35105,35072,exceeds unchanged archived exact reference
64,16,resnext50,a1191d34f92f2675dc239ce4e9253cc4f874c91a780abd3a310a68950d37ff4f,21759,21755,exceeds unchanged archived exact reference
64,16,transformer_cell,2d9827e3768de0f8f5546756fa50580e1c6d08d4946ba3a592540052b120893b,27652,27642,exceeds unchanged archived exact reference
64,16,vgg19,4c6307aaa375da142440bd9f1fe6a77488531456fb953a8304830efbdc668e90,46698,46656,exceeds unchanged archived exact reference
