chiplets,cores_per_chiplet,target,old_baseline2_Bpc,new_baseline2_Bpc,old_rotation_Bpc,new_rotation_Bpc,old_reflection_Bpc,new_reflection_Bpc,old_rotation_saving_pct,new_rotation_saving_pct,old_reflection_saving_pct,new_reflection_saving_pct,selected_count,candidate_count
16,4,RNN,36864.0,24576,29696.0,19456,27904.0,17920,19.444444444444443,20.833333333333336,24.305555555555557,27.083333333333336,2,10
4,1,ALL17,3072.0,2048,3072.0,2048,2560.0,2048,0.0,0.0,16.666666666666668,0.0,17,20
4,1,CNN,2048.0,2048,2048.0,2048,2048.0,2048,0.0,0.0,0.0,0.0,10,10
4,1,RNN,2048.0,2048,2048.0,2048,2048.0,2048,0.0,0.0,0.0,0.0,2,2
4,1,Transformer,3072.0,2048,3072.0,2048,2560.0,2048,0.0,0.0,16.666666666666668,0.0,5,8
4,1,bert_block,1024.0,1024,1024.0,1024,1024.0,1024,0.0,0.0,0.0,0.0,1,1
4,1,darknet19,1024.0,1024,1024.0,1024,1024.0,1024,0.0,0.0,0.0,0.0,1,1
4,1,densenet,2048.0,1024,2048.0,1024,2048.0,1024,0.0,0.0,0.0,0.0,1,1
4,1,gnmt,2048.0,2048,2048.0,2048,2048.0,2048,0.0,0.0,0.0,0.0,1,1
4,1,googlenet,2048.0,2048,2048.0,2048,2048.0,2048,0.0,0.0,0.0,0.0,1,1
4,1,gpt_decode_block,3072.0,2048,3072.0,2048,2560.0,2048,0.0,0.0,16.666666666666668,0.0,1,2
4,1,gpt_prefill_block,1024.0,1024,1024.0,1024,1024.0,1024,0.0,0.0,0.0,0.0,1,1
4,1,inception_resnet_v1,2048.0,2048,2048.0,2048,2048.0,2048,0.0,0.0,0.0,0.0,1,1
4,1,lstm,2048.0,2048,2048.0,2048,2048.0,2048,0.0,0.0,0.0,0.0,1,1
4,1,pnasnet,2048.0,1024,2048.0,1024,2048.0,1024,0.0,0.0,0.0,0.0,1,1
4,1,resnet101,2048.0,1024,2048.0,1024,2048.0,1024,0.0,0.0,0.0,0.0,1,1
4,1,resnet152,2048.0,1024,2048.0,1024,2048.0,1024,0.0,0.0,0.0,0.0,1,1
4,1,resnet50,2048.0,1024,2048.0,1024,2048.0,1024,0.0,0.0,0.0,0.0,1,1
4,1,resnext50,2048.0,2048,2048.0,2048,2048.0,2048,0.0,0.0,0.0,0.0,1,1
4,1,transformer,1024.0,1024,1024.0,1024,1024.0,1024,0.0,0.0,0.0,0.0,1,3
4,1,transformer_cell,1024.0,1024,1024.0,1024,1024.0,1024,0.0,0.0,0.0,0.0,1,1
4,1,vgg19,1024.0,1024,1024.0,1024,1024.0,1024,0.0,0.0,0.0,0.0,1,1
4,4,ALL17,8192.0,5120,6400.0,5120,5632.0,4608,21.875,0.0,31.25,9.999999999999998,17,39
4,4,CNN,3072.0,3072,3072.0,3072,3072.0,3072,0.0,0.0,0.0,0.0,10,17
4,4,RNN,5120.0,5120,4608.0,4096,4352.0,3584,10.0,19.999999999999996,15.0,30.000000000000004,2,10
4,4,Transformer,8192.0,5120,6400.0,5120,5632.0,4608,21.875,0.0,31.25,9.999999999999998,5,12
4,4,bert_block,2048.0,2048,2048.0,2048,1536.0,1536,0.0,0.0,25.0,25.0,1,2
4,4,darknet19,2048.0,2048,2048.0,2048,2048.0,1536,0.0,0.0,0.0,25.0,1,3
4,4,densenet,3072.0,2048,3072.0,2048,3072.0,2048,0.0,0.0,0.0,0.0,1,2
4,4,gnmt,5120.0,5120,4608.0,3840,4352.0,3584,10.0,25.0,15.0,30.000000000000004,1,5
4,4,googlenet,3072.0,3072,3072.0,3072,3072.0,3072,0.0,0.0,0.0,0.0,1,2
4,4,gpt_decode_block,8192.0,5120,6400.0,5120,5632.0,4608,21.875,0.0,31.25,9.999999999999998,1,5
4,4,gpt_prefill_block,2048.0,2048,2048.0,2048,1536.0,1536,0.0,0.0,25.0,25.0,1,1
4,4,inception_resnet_v1,3072.0,3072,3072.0,3072,3072.0,3072,0.0,0.0,0.0,0.0,1,2
4,4,lstm,5120.0,5120,4608.0,4096,4352.0,3584,10.0,19.999999999999996,15.0,30.000000000000004,1,5
4,4,pnasnet,3072.0,2048,3072.0,2048,3072.0,2048,0.0,0.0,0.0,0.0,1,3
4,4,resnet101,3072.0,2048,3072.0,2048,3072.0,2048,0.0,0.0,0.0,0.0,1,1
4,4,resnet152,3072.0,2048,3072.0,2048,3072.0,2048,0.0,0.0,0.0,0.0,1,1
4,4,resnet50,3072.0,3072,3072.0,3072,3072.0,2560,0.0,0.0,0.0,16.666666666666664,1,1
4,4,resnext50,3072.0,3072,3072.0,3072,3072.0,3072,0.0,0.0,0.0,0.0,1,1
4,4,transformer,2048.0,2048,2048.0,2048,1536.0,1536,0.0,0.0,25.0,25.0,1,1
4,4,transformer_cell,2048.0,2048,2048.0,2048,1536.0,1536,0.0,0.0,25.0,25.0,1,3
4,4,vgg19,2048.0,2048,2048.0,2048,1536.0,1536,0.0,0.0,25.0,25.0,1,1
4,16,ALL17,11264.0,8192,10624.0,8192,9600.0,7168,5.681818181818182,0.0,14.772727272727273,12.5,17,52
4,16,CNN,9216.0,8192,9216.0,8192,8704.0,7168,0.0,0.0,5.555555555555555,12.5,10,26
4,16,RNN,11264.0,5120,10624.0,5120,8576.0,5120,5.681818181818182,0.0,23.863636363636363,0.0,2,10
4,16,Transformer,7168.0,6144,6912.0,6144,6528.0,5888,3.5714285714285716,0.0,8.928571428571429,4.1666666666666625,5,16
4,16,bert_block,6144.0,6144,6144.0,6144,5120.0,5120,0.0,0.0,16.666666666666668,16.666666666666664,1,2
4,16,darknet19,9216.0,5120,9216.0,5120,7168.0,4608,0.0,0.0,22.22222222222222,9.999999999999998,1,4
4,16,densenet,6144.0,6144,6144.0,6144,5632.0,5632,0.0,0.0,8.333333333333334,8.333333333333337,1,3
4,16,gnmt,11264.0,5120,10240.0,5120,8448.0,5120,9.090909090909092,0.0,25.0,0.0,1,5
4,16,googlenet,9216.0,8192,9216.0,7680,8704.0,6144,0.0,6.25,5.555555555555555,25.0,1,5
4,16,gpt_decode_block,7168.0,6144,6912.0,5376,6528.0,5376,3.5714285714285716,12.5,8.928571428571429,12.5,1,5
4,16,gpt_prefill_block,6144.0,5120,6144.0,5120,5120.0,4608,0.0,0.0,16.666666666666668,9.999999999999998,1,4
4,16,inception_resnet_v1,8192.0,7168,8192.0,7168,7168.0,6656,0.0,0.0,12.5,7.14285714285714,1,2
4,16,lstm,11264.0,5120,10496.0,5120,8576.0,5120,6.818181818181818,0.0,23.863636363636363,0.0,1,5
4,16,pnasnet,9216.0,7168,8576.0,7168,8320.0,7168,6.944444444444445,0.0,9.722222222222221,0.0,1,3
4,16,resnet101,9216.0,8192,9216.0,8192,7680.0,7168,0.0,0.0,16.666666666666668,12.5,1,2
4,16,resnet152,9216.0,7168,9216.0,7168,7680.0,6656,0.0,0.0,16.666666666666668,7.14285714285714,1,2
4,16,resnet50,9216.0,8192,9216.0,8192,7680.0,7168,0.0,0.0,16.666666666666668,12.5,1,2
4,16,resnext50,9216.0,8192,9216.0,8192,7680.0,7168,0.0,0.0,16.666666666666668,12.5,1,2
4,16,transformer,6144.0,6144,6144.0,6144,5120.0,5120,0.0,0.0,16.666666666666668,16.666666666666664,1,3
4,16,transformer_cell,6144.0,6144,6144.0,6144,5120.0,5120,0.0,0.0,16.666666666666668,16.666666666666664,1,2
4,16,vgg19,5120.0,5120,5120.0,5120,4608.0,4608,0.0,0.0,10.0,9.999999999999998,1,1
8,1,ALL17,10240.0,10240,8704.0,8192,8192.0,7168,15.0,19.999999999999996,20.0,30.000000000000004,17,33
8,1,CNN,10240.0,7680,8192.0,6144,7168.0,5632,20.0,19.999999999999996,30.0,26.66666666666667,10,22
8,1,RNN,10240.0,10240,8192.0,8192,7168.0,7168,20.0,19.999999999999996,30.0,30.000000000000004,2,5
8,1,Transformer,10240.0,10240,8704.0,8192,8192.0,7168,15.0,19.999999999999996,20.0,30.000000000000004,5,6
8,1,bert_block,2560.0,2560,2560.0,2560,2560.0,2560,0.0,0.0,0.0,0.0,1,1
8,1,darknet19,2560.0,2560,2560.0,2560,2560.0,2560,0.0,0.0,0.0,0.0,1,1
8,1,densenet,10240.0,5120,8192.0,4608,7168.0,4096,20.0,9.999999999999998,30.0,19.999999999999996,1,3
8,1,gnmt,10240.0,10240,8192.0,8192,7168.0,7168,20.0,19.999999999999996,30.0,30.000000000000004,1,2
8,1,googlenet,10240.0,7680,8192.0,6144,7168.0,5632,20.0,19.999999999999996,30.0,26.66666666666667,1,2
8,1,gpt_decode_block,10240.0,10240,8704.0,8192,8192.0,7168,15.0,19.999999999999996,20.0,30.000000000000004,1,1
8,1,gpt_prefill_block,2560.0,2560,2560.0,2560,2560.0,2560,0.0,0.0,0.0,0.0,1,1
8,1,inception_resnet_v1,10240.0,7680,8192.0,6144,7168.0,5632,20.0,19.999999999999996,30.0,26.66666666666667,1,2
8,1,lstm,10240.0,10240,8192.0,8192,7168.0,7168,20.0,19.999999999999996,30.0,30.000000000000004,1,3
8,1,pnasnet,10240.0,2560,8192.0,2560,7168.0,2560,20.0,0.0,30.0,0.0,1,4
8,1,resnet101,10240.0,5120,8192.0,4608,7168.0,4096,20.0,9.999999999999998,30.0,19.999999999999996,1,2
8,1,resnet152,10240.0,5120,8192.0,3584,7168.0,3072,20.0,30.000000000000004,30.0,40.0,1,2
8,1,resnet50,10240.0,5120,8192.0,4608,7168.0,4096,20.0,9.999999999999998,30.0,19.999999999999996,1,3
8,1,resnext50,10240.0,7680,8192.0,6144,7168.0,5632,20.0,19.999999999999996,30.0,26.66666666666667,1,2
8,1,transformer,2560.0,2560,2560.0,2560,2560.0,2560,0.0,0.0,0.0,0.0,1,1
8,1,transformer_cell,2560.0,2560,2560.0,2560,2560.0,2560,0.0,0.0,0.0,0.0,1,2
8,1,vgg19,2560.0,2560,2560.0,2560,2560.0,2560,0.0,0.0,0.0,0.0,1,1
8,4,ALL17,12800.0,12800,10752.0,10752,9728.0,9728,16.0,16.000000000000004,24.0,24.0,17,47
8,4,CNN,12800.0,10240,10752.0,8192,9728.0,7168,16.0,19.999999999999996,24.0,30.000000000000004,10,31
8,4,RNN,12800.0,12800,10752.0,10752,9728.0,9728,16.0,16.000000000000004,24.0,24.0,2,4
8,4,Transformer,12800.0,10240,10752.0,8704,9728.0,8448,16.0,15.000000000000002,24.0,17.500000000000004,5,12
8,4,bert_block,5120.0,5120,5120.0,5120,5120.0,5120,0.0,0.0,0.0,0.0,1,1
8,4,darknet19,7680.0,5120,6144.0,5120,5632.0,5120,20.0,0.0,26.666666666666668,0.0,1,4
8,4,densenet,12800.0,10240,10752.0,8192,9728.0,7168,16.0,19.999999999999996,24.0,30.000000000000004,1,3
8,4,gnmt,12800.0,12800,10752.0,10752,9728.0,9728,16.0,16.000000000000004,24.0,24.0,1,2
8,4,googlenet,12800.0,10240,10752.0,8192,9728.0,7168,16.0,19.999999999999996,24.0,30.000000000000004,1,2
8,4,gpt_decode_block,12800.0,10240,10752.0,8704,9728.0,8448,16.0,15.000000000000002,24.0,17.500000000000004,1,5
8,4,gpt_prefill_block,5120.0,5120,5120.0,5120,5120.0,5120,0.0,0.0,0.0,0.0,1,2
8,4,inception_resnet_v1,12800.0,10240,10752.0,8192,9728.0,7168,16.0,19.999999999999996,24.0,30.000000000000004,1,2
8,4,lstm,12800.0,12800,10752.0,10752,9728.0,9728,16.0,16.000000000000004,24.0,24.0,1,2
8,4,pnasnet,12800.0,7680,10752.0,6656,9728.0,6144,16.0,13.33333333333333,24.0,19.999999999999996,1,5
8,4,resnet101,12800.0,10240,10752.0,8192,9728.0,7168,16.0,19.999999999999996,24.0,30.000000000000004,1,4
8,4,resnet152,12800.0,10240,10752.0,7680,9728.0,6656,16.0,25.0,24.0,35.0,1,2
8,4,resnet50,12800.0,10240,10752.0,8192,9728.0,7168,16.0,19.999999999999996,24.0,30.000000000000004,1,4
8,4,resnext50,12800.0,10240,10752.0,8192,9728.0,7168,16.0,19.999999999999996,24.0,30.000000000000004,1,4
8,4,transformer,5120.0,5120,5120.0,5120,5120.0,5120,0.0,0.0,0.0,0.0,1,1
8,4,transformer_cell,5120.0,5120,5120.0,5120,5120.0,5120,0.0,0.0,0.0,0.0,1,3
8,4,vgg19,5120.0,5120,5120.0,5120,5120.0,5120,0.0,0.0,0.0,0.0,1,1
8,16,ALL17,25600.0,20480,20672.0,17408,18688.0,15360,19.25,15.000000000000002,27.0,25.0,17,61
8,16,CNN,25600.0,20480,19840.0,17408,19072.0,15360,22.5,15.000000000000002,25.5,25.0,10,27
8,16,RNN,25600.0,10240,19136.0,8192,16640.0,7168,25.25,19.999999999999996,35.0,30.000000000000004,2,10
8,16,Transformer,23040.0,20480,19584.0,17408,17664.0,15360,15.0,15.000000000000002,23.333333333333332,25.0,5,24
8,16,bert_block,15360.0,15360,12800.0,12800,11264.0,11264,16.666666666666668,16.666666666666664,26.666666666666668,26.66666666666667,1,5
8,16,darknet19,20480.0,17920,16896.0,14912,14848.0,13440,17.5,16.78571428571428,27.5,25.0,1,4
8,16,densenet,23040.0,20480,19200.0,17152,16896.0,15360,16.666666666666668,16.249999999999996,26.666666666666668,25.0,1,3
8,16,gnmt,25600.0,10240,18432.0,8192,16128.0,7168,28.0,19.999999999999996,37.0,30.000000000000004,1,5
8,16,googlenet,23040.0,20480,19328.0,17408,17152.0,15360,16.11111111111111,15.000000000000002,25.555555555555557,25.0,1,2
8,16,gpt_decode_block,23040.0,20480,19264.0,16320,17536.0,14336,16.38888888888889,20.3125,23.88888888888889,30.000000000000004,1,5
8,16,gpt_prefill_block,20480.0,20480,14848.0,14848,12288.0,12288,27.5,27.500000000000004,40.0,40.0,1,4
8,16,inception_resnet_v1,23040.0,20480,18944.0,16896,16896.0,14848,17.77777777777778,17.500000000000004,26.666666666666668,27.500000000000004,1,3
8,16,lstm,25600.0,10240,18048.0,8192,16128.0,7168,29.5,19.999999999999996,37.0,30.000000000000004,1,5
8,16,pnasnet,25600.0,17920,18048.0,15168,16128.0,14400,29.5,15.357142857142858,37.0,19.64285714285714,1,3
8,16,resnet101,23040.0,17920,19200.0,15872,17408.0,14592,16.666666666666668,11.428571428571432,24.444444444444443,18.571428571428573,1,3
8,16,resnet152,23040.0,20480,19200.0,15872,17408.0,13312,16.666666666666668,22.499999999999996,24.444444444444443,35.0,1,2
8,16,resnet50,23040.0,20480,19456.0,16896,17408.0,14848,15.555555555555555,17.500000000000004,24.444444444444443,27.500000000000004,1,2
8,16,resnext50,23040.0,17920,18944.0,15872,16896.0,13312,17.77777777777778,11.428571428571432,26.666666666666668,25.71428571428571,1,3
8,16,transformer,15360.0,15360,12800.0,12800,11264.0,11264,16.666666666666668,16.666666666666664,26.666666666666668,26.66666666666667,1,5
8,16,transformer_cell,15360.0,15360,12800.0,12800,11264.0,11264,16.666666666666668,16.666666666666664,26.666666666666668,26.66666666666667,1,5
8,16,vgg19,20480.0,15360,16384.0,13312,14336.0,12288,20.0,13.33333333333333,30.0,19.999999999999996,1,2
16,1,ALL17,36864.0,24576,24832.0,22016,23040.0,20480,32.638888888888886,10.416666666666663,37.5,16.666666666666664,17,85
16,1,CNN,24576.0,18432,19456.0,14336,18432.0,13312,20.833333333333332,22.22222222222222,25.0,27.77777777777778,10,50
16,1,RNN,24576.0,18432,19456.0,16384,18432.0,15872,20.833333333333332,11.111111111111116,25.0,13.888888888888884,2,10
16,1,Transformer,36864.0,24576,24832.0,22016,23040.0,20480,32.638888888888886,10.416666666666663,37.5,16.666666666666664,5,25
16,1,bert_block,6144.0,6144,6144.0,6144,6144.0,6144,0.0,0.0,0.0,0.0,1,5
16,1,darknet19,6144.0,6144,6144.0,6144,6144.0,6144,0.0,0.0,0.0,0.0,1,5
16,1,densenet,24576.0,12288,19456.0,10752,17920.0,10240,20.833333333333332,12.5,27.083333333333332,16.666666666666664,1,5
16,1,gnmt,24576.0,18432,19456.0,16384,18432.0,15872,20.833333333333332,11.111111111111116,25.0,13.888888888888884,1,5
16,1,googlenet,24576.0,18432,19456.0,14336,17920.0,13312,20.833333333333332,22.22222222222222,27.083333333333332,27.77777777777778,1,5
16,1,gpt_decode_block,36864.0,24576,24832.0,22016,23040.0,20480,32.638888888888886,10.416666666666663,37.5,16.666666666666664,1,5
16,1,gpt_prefill_block,6144.0,6144,6144.0,6144,6144.0,6144,0.0,0.0,0.0,0.0,1,5
16,1,inception_resnet_v1,24576.0,18432,19456.0,14336,18432.0,13312,20.833333333333332,22.22222222222222,25.0,27.77777777777778,1,5
16,1,lstm,24576.0,18432,19456.0,16384,18432.0,15872,20.833333333333332,11.111111111111116,25.0,13.888888888888884,1,5
16,1,pnasnet,24576.0,6144,19200.0,6144,17664.0,6144,21.875,0.0,28.125,0.0,1,5
16,1,resnet101,24576.0,12288,19456.0,10752,17920.0,10240,20.833333333333332,12.5,27.083333333333332,16.666666666666664,1,5
16,1,resnet152,24576.0,12288,19456.0,8448,17920.0,7680,20.833333333333332,31.25,27.083333333333332,37.5,1,5
16,1,resnet50,24576.0,12288,19456.0,12032,17920.0,11776,20.833333333333332,2.083333333333337,27.083333333333332,4.1666666666666625,1,5
16,1,resnext50,24576.0,18432,19456.0,14336,17920.0,13312,20.833333333333332,22.22222222222222,27.083333333333332,27.77777777777778,1,5
16,1,transformer,6144.0,6144,6144.0,6144,6144.0,6144,0.0,0.0,0.0,0.0,1,5
16,1,transformer_cell,6144.0,6144,6144.0,6144,6144.0,6144,0.0,0.0,0.0,0.0,1,5
16,1,vgg19,6144.0,6144,6144.0,6144,6144.0,6144,0.0,0.0,0.0,0.0,1,5
16,4,ALL17,36864.0,24576,30208.0,23808,28800.0,23040,18.055555555555557,3.125,21.875,6.25,17,59
16,4,CNN,30720.0,24576,27776.0,23808,27520.0,23040,9.583333333333334,3.125,10.416666666666666,6.25,10,32
16,4,Transformer,24576.0,24576,22784.0,20736,22144.0,19456,7.291666666666667,15.625,9.895833333333334,20.833333333333336,5,17
16,4,bert_block,24576.0,24576,19712.0,19712,18944.0,18432,19.791666666666668,19.791666666666664,22.916666666666668,25.0,1,2
16,4,darknet19,30720.0,24576,26368.0,18432,24064.0,16896,14.166666666666666,25.0,21.666666666666668,31.25,1,5
16,4,densenet,24576.0,18432,20480.0,18176,19712.0,17408,16.666666666666668,1.388888888888884,19.791666666666668,5.555555555555558,1,3
16,4,gnmt,36864.0,24576,28672.0,19456,27392.0,17920,22.22222222222222,20.833333333333336,25.694444444444443,27.083333333333336,1,5
16,4,googlenet,30720.0,24576,27776.0,23552,27392.0,22528,9.583333333333334,4.1666666666666625,10.833333333333334,8.333333333333337,1,5
16,4,gpt_decode_block,24576.0,24576,22784.0,20224,22144.0,19200,7.291666666666667,17.708333333333336,9.895833333333334,21.875,1,5
16,4,gpt_prefill_block,24576.0,18432,19712.0,17408,18944.0,16896,19.791666666666668,5.555555555555558,22.916666666666668,8.333333333333337,1,4
16,4,inception_resnet_v1,24576.0,24576,22528.0,22528,21504.0,21504,8.333333333333334,8.333333333333337,12.5,12.5,1,3
16,4,lstm,36864.0,24576,29440.0,19456,27648.0,17920,20.13888888888889,20.833333333333336,25.0,27.083333333333336,1,5
16,4,pnasnet,30720.0,24576,25600.0,22528,25216.0,21760,16.666666666666668,8.333333333333337,17.916666666666668,11.458333333333337,1,5
16,4,resnet101,30720.0,24576,26368.0,22528,24576.0,22272,14.166666666666666,8.333333333333337,20.0,9.375,1,2
16,4,resnet152,30720.0,24576,26368.0,22272,24576.0,21760,14.166666666666666,9.375,20.0,11.458333333333337,1,1
16,4,resnet50,30720.0,24576,26368.0,22528,24576.0,22272,14.166666666666666,8.333333333333337,20.0,9.375,1,3
16,4,resnext50,30720.0,24576,26368.0,22528,24576.0,21504,14.166666666666666,8.333333333333337,20.0,12.5,1,3
16,4,transformer,24576.0,24576,19712.0,19712,18944.0,18432,19.791666666666668,19.791666666666664,22.916666666666668,25.0,1,4
16,4,transformer_cell,24576.0,24576,19712.0,19712,18944.0,18432,19.791666666666668,19.791666666666664,22.916666666666668,25.0,1,2
16,4,vgg19,24576.0,18432,18432.0,16128,17920.0,15360,25.0,12.5,27.083333333333332,16.666666666666664,1,2
16,16,ALL17,55296.0,49152,52736.0,43648,51520.0,41216,4.62962962962963,11.197916666666663,6.828703703703703,16.145833333333336,17,74
16,16,CNN,55296.0,49152,52672.0,43648,51456.0,41216,4.74537037037037,11.197916666666663,6.944444444444445,16.145833333333336,10,44
16,16,RNN,55296.0,18432,48512.0,14336,45888.0,13312,12.268518518518519,22.22222222222222,17.01388888888889,27.77777777777778,2,10
16,16,Transformer,55296.0,49152,46592.0,41792,43264.0,38720,15.74074074074074,14.973958333333337,21.75925925925926,21.223958333333336,5,20
16,16,bert_block,55296.0,36864,44032.0,31808,41984.0,29824,20.37037037037037,13.715277777777779,24.074074074074073,19.09722222222222,1,5
16,16,darknet19,49152.0,49152,43392.0,40960,39296.0,37376,11.71875,16.666666666666664,20.052083333333332,23.958333333333336,1,5
16,16,densenet,55296.0,49152,47616.0,43520,44544.0,40960,13.88888888888889,11.458333333333337,19.444444444444443,16.666666666666664,1,4
16,16,gnmt,55296.0,18432,47104.0,14336,45376.0,13312,14.814814814814815,22.22222222222222,17.939814814814813,27.77777777777778,1,5
16,16,googlenet,55296.0,49152,48320.0,43520,45312.0,40960,12.61574074074074,11.458333333333337,18.055555555555557,16.666666666666664,1,5
16,16,gpt_decode_block,49152.0,36864,37696.0,32384,35712.0,31424,23.307291666666668,12.152777777777779,27.34375,14.756944444444443,1,5
16,16,gpt_prefill_block,55296.0,49152,44032.0,41728,41984.0,38400,20.37037037037037,15.104166666666663,24.074074074074073,21.875,1,3
16,16,inception_resnet_v1,55296.0,49152,51328.0,43200,49344.0,41216,7.175925925925926,12.109375,10.76388888888889,16.145833333333336,1,5
16,16,lstm,55296.0,12288,46272.0,12032,43648.0,11776,16.319444444444443,2.083333333333337,21.064814814814813,4.1666666666666625,1,5
16,16,pnasnet,55296.0,36864.0,51008.0,36096,49216.0,35840,7.75462962962963,2.083333333333337,10.99537037037037,2.777777777777779,1,3
16,16,resnet101,55296.0,49152,49344.0,43264,46336.0,40960,10.76388888888889,11.979166666666663,16.203703703703702,16.666666666666664,1,5
16,16,resnet152,55296.0,49152,50880.0,43520,48576.0,41216,7.986111111111111,11.458333333333337,12.152777777777779,16.145833333333336,1,5
16,16,resnet50,55296.0,49152,50240.0,43264,47360.0,40960,9.143518518518519,11.979166666666663,14.351851851851851,16.666666666666664,1,5
16,16,resnext50,55296.0,49152,49984.0,43264,46720.0,41216,9.606481481481481,11.979166666666663,15.50925925925926,16.145833333333336,1,5
16,16,transformer,55296.0,49152,44544.0,41728,42496.0,38400,19.444444444444443,15.104166666666663,23.14814814814815,21.875,1,2
16,16,transformer_cell,55296.0,49152,44544.0,41216,42496.0,38400,19.444444444444443,16.145833333333336,23.14814814814815,21.875,1,5
16,16,vgg19,36864.0,30720,29440.0,24576,27392.0,23040,20.13888888888889,19.999999999999996,25.694444444444443,25.0,1,2
32,1,ALL17,93184.0,66560,70144.0,56576,70144.0,52224,24.725274725274726,15.000000000000002,24.725274725274726,21.53846153846154,17,76
32,1,CNN,79872.0,53248,65280.0,44032,64256.0,41472,18.26923076923077,17.307692307692314,19.55128205128205,22.115384615384613,10,41
32,1,RNN,66560.0,66560,55808.0,54272,55296.0,50944,16.153846153846153,18.461538461538463,16.923076923076923,23.461538461538467,2,10
32,1,Transformer,93184.0,53248,66816.0,46592,66304.0,44800,28.296703296703296,12.5,28.846153846153847,15.865384615384615,5,25
32,1,bert_block,13312.0,13312,13312.0,13312,13312.0,13312,0.0,0.0,0.0,0.0,1,5
32,1,darknet19,26624.0,13312,18944.0,13312,18432.0,13312,28.846153846153847,0.0,30.76923076923077,0.0,1,5
32,1,densenet,66560.0,39936,52736.0,33792,49408.0,33536,20.76923076923077,15.384615384615385,25.76923076923077,16.025641025641026,1,5
32,1,gnmt,66560.0,66560,55808.0,54272,55296.0,50944,16.153846153846153,18.461538461538463,16.923076923076923,23.461538461538467,1,5
32,1,googlenet,66560.0,39936,52736.0,36864,49408.0,36352,20.76923076923077,7.692307692307687,25.76923076923077,8.974358974358976,1,5
32,1,gpt_decode_block,93184.0,53248,66816.0,46592,66304.0,44800,28.296703296703296,12.5,28.846153846153847,15.865384615384615,1,5
32,1,gpt_prefill_block,13312.0,13312,13312.0,13312,13312.0,13312,0.0,0.0,0.0,0.0,1,5
32,1,inception_resnet_v1,66560.0,39936,55040.0,36864,54528.0,36352,17.307692307692307,7.692307692307687,18.076923076923077,8.974358974358976,1,5
32,1,lstm,66560.0,66560,55808.0,54272,55296.0,50944,16.153846153846153,18.461538461538463,16.923076923076923,23.461538461538467,1,5
32,1,pnasnet,79872.0,39936,62208.0,32256,59904.0,32256,22.115384615384617,19.23076923076923,25.0,19.23076923076923,1,5
32,1,resnet101,66560.0,39936.0,54272.0,30720,50944.0,28416,18.46153846153846,23.076923076923073,23.46153846153846,28.846153846153843,1,3
32,1,resnet152,66560.0,26624,54272.0,23552,50944.0,23296,18.46153846153846,11.538461538461542,23.46153846153846,12.5,1,4
32,1,resnet50,66560.0,39936,54272.0,33792,50944.0,33536,18.46153846153846,15.384615384615385,23.46153846153846,16.025641025641026,1,3
32,1,resnext50,66560.0,53248,54272.0,44032,50944.0,39936,18.46153846153846,17.307692307692314,23.46153846153846,25.0,1,1
32,1,transformer,13312.0,13312,13312.0,13312,13312.0,13312,0.0,0.0,0.0,0.0,1,5
32,1,transformer_cell,13312.0,13312,13312.0,13312,13312.0,13312,0.0,0.0,0.0,0.0,1,5
32,1,vgg19,13312.0,13312,13312.0,13312,13312.0,13312,0.0,0.0,0.0,0.0,1,5
32,4,ALL17,66560.0,53248,60416.0,47104,59136.0,46336,9.23076923076923,11.538461538461542,11.153846153846153,12.98076923076923,17,72
32,4,CNN,66560.0,53248,59392.0,47104,58496.0,46336,10.76923076923077,11.538461538461542,12.115384615384615,12.98076923076923,10,37
32,4,RNN,66560.0,26624,57472.0,23552,54656.0,23552,13.653846153846153,11.538461538461542,17.884615384615383,11.538461538461542,2,10
32,4,Transformer,66560.0,53248,58752.0,47104,57984.0,46336,11.73076923076923,11.538461538461542,12.884615384615385,12.98076923076923,5,25
32,4,bert_block,53248.0,53248,42496.0,41728,40448.0,38656,20.192307692307693,21.634615384615387,24.03846153846154,27.403846153846157,1,5
32,4,darknet19,53248.0,53248,45568.0,45568,45056.0,45056,14.423076923076923,14.423076923076927,15.384615384615385,15.384615384615385,1,3
32,4,densenet,66560.0,53248,57088.0,47104,54144.0,46336,14.23076923076923,11.538461538461542,18.653846153846153,12.98076923076923,1,4
32,4,gnmt,66560.0,26624,56448.0,23552,53888.0,23552,15.192307692307692,11.538461538461542,19.03846153846154,11.538461538461542,1,5
32,4,googlenet,66560.0,53248,58368.0,47104,56448.0,46080,12.307692307692308,11.538461538461542,15.192307692307692,13.461538461538458,1,5
32,4,gpt_decode_block,66560.0,53248,58752.0,45568,58496.0,44928,11.73076923076923,14.423076923076927,12.115384615384615,15.625,1,5
32,4,gpt_prefill_block,53248.0,53248,44032.0,44032,43520.0,43520,17.307692307692307,17.307692307692314,18.26923076923077,18.26923076923077,1,5
32,4,inception_resnet_v1,66560.0,39936,55808.0,38400,55808.0,37888,16.153846153846153,3.8461538461538436,16.153846153846153,5.128205128205132,1,5
32,4,lstm,66560.0,26624,56192.0,23552,52864.0,23552,15.576923076923077,11.538461538461542,20.576923076923077,11.538461538461542,1,5
32,4,pnasnet,66560.0,53248,50688.0,45568,50304.0,45568,23.846153846153847,14.423076923076927,24.423076923076923,14.423076923076927,1,5
32,4,resnet101,66560.0,53248,55808.0,47104,53504.0,46336,16.153846153846153,11.538461538461542,19.615384615384617,12.98076923076923,1,3
32,4,resnet152,66560.0,53248,55808.0,47104,53504.0,46336,16.153846153846153,11.538461538461542,19.615384615384617,12.98076923076923,1,3
32,4,resnet50,66560.0,53248,55808.0,47104,53504.0,46336,16.153846153846153,11.538461538461542,19.615384615384617,12.98076923076923,1,3
32,4,resnext50,66560.0,53248,55808.0,47104,53504.0,46336,16.153846153846153,11.538461538461542,19.615384615384617,12.98076923076923,1,3
32,4,transformer,53248.0,53248,42496.0,41728,40448.0,38656,20.192307692307693,21.634615384615387,24.03846153846154,27.403846153846157,1,5
32,4,transformer_cell,53248.0,53248,42496.0,41728,40448.0,38656,20.192307692307693,21.634615384615387,24.03846153846154,27.403846153846157,1,5
32,4,vgg19,53248.0,39936,44032.0,36864,43776.0,36608,17.307692307692307,7.692307692307687,17.78846153846154,8.333333333333337,1,3
32,16,ALL17,119808.0,106496,108800.0,87488,106048.0,87488,9.188034188034187,17.848557692307686,11.485042735042734,17.848557692307686,17,62
32,16,CNN,119808.0,106496,106880.0,87488,104896.0,87488,10.790598290598291,17.848557692307686,12.446581196581196,17.848557692307686,10,32
32,16,RNN,119808.0,39936,93440.0,33792,90816.0,32512,22.00854700854701,15.384615384615385,24.19871794871795,18.58974358974359,2,10
32,16,Transformer,119808.0,106496,89088.0,83840,85568.0,82368,25.641025641025642,21.27403846153846,28.57905982905983,22.65625,5,20
32,16,bert_block,106496.0,106496,81920.0,81920,80384.0,80384,23.076923076923077,23.076923076923073,24.51923076923077,24.51923076923077,1,3
32,16,darknet19,119808.0,93184,88576.0,72064,87104.0,71680,26.068376068376068,22.66483516483516,27.29700854700855,23.076923076923073,1,5
32,16,densenet,119808.0,106496,92928.0,84992,89024.0,83456,22.435897435897434,20.192307692307686,25.694444444444443,21.634615384615387,1,1
32,16,gnmt,119808.0,39936,88512.0,33792,85632.0,32512,26.121794871794872,15.384615384615385,28.525641025641026,18.58974358974359,1,5
32,16,googlenet,119808.0,106496,88576.0,80384,86848.0,80384,26.068376068376068,24.51923076923077,27.51068376068376,24.51923076923077,1,4
32,16,gpt_decode_block,119808.0,106496,80704.0,71680,76544.0,67584,32.638888888888886,32.692307692307686,36.111111111111114,36.53846153846154,1,5
32,16,gpt_prefill_block,106496.0,106496,81920.0,81920,80384.0,80384,23.076923076923077,23.076923076923073,24.51923076923077,24.51923076923077,1,2
32,16,inception_resnet_v1,119808.0,106496,94208.0,81856,93952.0,81856,21.367521367521366,23.13701923076923,21.581196581196583,23.13701923076923,1,3
32,16,lstm,119808.0,26624,89024.0,20480,85952.0,20480,25.694444444444443,23.076923076923073,28.25854700854701,23.076923076923073,1,5
32,16,pnasnet,119808.0,93184,102656.0,81920,100608.0,81792,14.316239316239317,12.08791208791209,16.025641025641026,12.225274725274726,1,4
32,16,resnet101,119808.0,106496,94080.0,82688,94080.0,82688,21.474358974358974,22.35576923076923,21.474358974358974,22.35576923076923,1,2
32,16,resnet152,119808.0,106496,94464.0,87488,91968.0,86720,21.153846153846153,17.848557692307686,23.237179487179485,18.56971153846154,1,2
32,16,resnet50,119808.0,106496,95808.0,80384,92416.0,80384,20.03205128205128,24.51923076923077,22.863247863247864,24.51923076923077,1,4
32,16,resnext50,119808.0,106496,91776.0,82688,89600.0,82688,23.397435897435898,22.35576923076923,25.213675213675213,22.35576923076923,1,3
32,16,transformer,106496.0,93184,81920.0,81920,80384.0,80384,23.076923076923077,12.08791208791209,24.51923076923077,13.736263736263732,1,5
32,16,transformer_cell,106496.0,93184,81920.0,76864,80384.0,76480,23.076923076923077,17.51373626373627,24.51923076923077,17.92582417582418,1,5
32,16,vgg19,66560.0,53248,55808.0,47104,54144.0,46336,16.153846153846153,11.538461538461542,18.653846153846153,12.98076923076923,1,4
64,1,ALL17,200704.0,200704,160256.0,137216,160256.0,133120,20.153061224489797,31.63265306122449,20.153061224489797,33.673469387755105,17,81
64,1,CNN,200704.0,114688,154112.0,95488,154112.0,93184,23.214285714285715,16.74107142857143,23.214285714285715,18.75,10,46
64,1,RNN,200704.0,200704,155648.0,137216,155136.0,133056,22.448979591836736,31.63265306122449,22.70408163265306,33.70535714285714,2,10
64,1,Transformer,114688.0,86016,106752.0,83968,105216.0,83712,6.919642857142857,2.3809523809523836,8.258928571428571,2.67857142857143,5,25
64,1,bert_block,57344.0,57344,48128.0,46080,48128.0,46080,16.071428571428573,19.64285714285714,16.071428571428573,19.64285714285714,1,5
64,1,darknet19,86016.0,57344,70656.0,46080,67584.0,46080,17.857142857142858,19.64285714285714,21.428571428571427,19.64285714285714,1,5
64,1,densenet,114688.0,86016,93696.0,74752,93696.0,73984,18.303571428571427,13.095238095238093,18.303571428571427,13.988095238095234,1,4
64,1,gnmt,200704.0,200704,155648.0,137216,155136.0,133056,22.448979591836736,31.63265306122449,22.70408163265306,33.70535714285714,1,5
64,1,googlenet,114688.0,86016,93696.0,71680,93696.0,67072,18.303571428571427,16.666666666666664,18.303571428571427,22.023809523809522,1,5
64,1,gpt_decode_block,114688.0,86016,106752.0,83968,104192.0,83456,6.919642857142857,2.3809523809523836,9.151785714285714,2.9761904761904767,1,5
64,1,gpt_prefill_block,57344.0,57344,48128.0,46080,48128.0,46080,16.071428571428573,19.64285714285714,16.071428571428573,19.64285714285714,1,5
64,1,inception_resnet_v1,114688.0,86016,93696.0,74752,93696.0,74240,18.303571428571427,13.095238095238093,18.303571428571427,13.690476190476186,1,5
64,1,lstm,200704.0,200704,155648.0,137216,155136.0,132864,22.448979591836736,31.63265306122449,22.70408163265306,33.80102040816326,1,5
64,1,pnasnet,200704.0,86016,154112.0,85760,154112.0,85248,23.214285714285715,0.29761904761904656,23.214285714285715,0.8928571428571397,1,5
64,1,resnet101,114688.0,86016,93696.0,79360,93696.0,77824,18.303571428571427,7.738095238095233,18.303571428571427,9.523809523809524,1,5
64,1,resnet152,114688.0,57344,93696.0,57344,93696.0,57088,18.303571428571427,0.0,18.303571428571427,0.44642857142856984,1,4
64,1,resnet50,114688.0,86016,93696.0,74752,93696.0,74752,18.303571428571427,13.095238095238093,18.303571428571427,13.095238095238093,1,5
64,1,resnext50,114688.0,114688,93696.0,84480,93696.0,83712,18.303571428571427,26.339285714285708,18.303571428571427,27.00892857142857,1,5
64,1,transformer,57344.0,57344,48128.0,48128,48128.0,47616,16.071428571428573,16.07142857142857,16.071428571428573,16.964285714285708,1,5
64,1,transformer_cell,57344.0,57344,48128.0,48128,48128.0,47616,16.071428571428573,16.07142857142857,16.071428571428573,16.964285714285708,1,5
64,1,vgg19,57344.0,57344,46080.0,46080,46080.0,45824,19.642857142857142,19.64285714285714,19.642857142857142,20.089285714285708,1,3
64,4,ALL17,143360.0,114688,136704.0,110080,135808.0,110080,4.642857142857143,4.01785714285714,5.267857142857143,4.01785714285714,17,70
64,4,CNN,143360.0,114688,136704.0,110080,135808.0,110080,4.642857142857143,4.01785714285714,5.267857142857143,4.01785714285714,10,43
64,4,RNN,143360.0,57344,130944.0,55296,127872.0,55040,8.660714285714286,3.57142857142857,10.803571428571429,4.01785714285714,2,10
64,4,Transformer,143360.0,114688,128000.0,109568,125696.0,109568,10.714285714285714,4.46428571428571,12.321428571428571,4.46428571428571,5,17
64,4,bert_block,143360.0,86016,118784.0,74752,118784.0,74752,17.142857142857142,13.095238095238093,17.142857142857142,13.095238095238093,1,5
64,4,darknet19,114688.0,114688,112384.0,103424,111232.0,103424,2.0089285714285716,9.82142857142857,3.013392857142857,9.82142857142857,1,3
64,4,densenet,143360.0,114688,129792.0,110080,127360.0,110080,9.464285714285714,4.01785714285714,11.160714285714286,4.01785714285714,1,3
64,4,gnmt,143360.0,57344,122368.0,55296,119936.0,55040,14.642857142857142,3.57142857142857,16.339285714285715,4.01785714285714,1,5
64,4,googlenet,143360.0,114688,127744.0,103424,126592.0,103424,10.892857142857142,9.82142857142857,11.696428571428571,9.82142857142857,1,5
64,4,gpt_decode_block,143360.0,114688,115584.0,99712,113920.0,98432,19.375,13.05803571428571,20.535714285714285,14.174107142857139,1,5
64,4,gpt_prefill_block,143360.0,114688,118784.0,103424,118784.0,102656,17.142857142857142,9.82142857142857,17.142857142857142,10.49107142857143,1,2
64,4,inception_resnet_v1,143360.0,114688,127744.0,110080,127744.0,110080,10.892857142857142,4.01785714285714,10.892857142857142,4.01785714285714,1,5
64,4,lstm,143360.0,57344,123008.0,42240,120960.0,40320,14.196428571428571,26.339285714285708,15.625,29.6875,1,5
64,4,pnasnet,143360.0,86016,131072.0,86016,131072.0,85632,8.571428571428571,0.0,8.571428571428571,0.44642857142856984,1,4
64,4,resnet101,143360.0,114688,127744.0,103424,127744.0,103424,10.892857142857142,9.82142857142857,10.892857142857142,9.82142857142857,1,5
64,4,resnet152,143360.0,114688,128896.0,103424,128896.0,103424,10.089285714285714,9.82142857142857,10.089285714285714,9.82142857142857,1,5
64,4,resnet50,143360.0,114688,127744.0,110080,126976.0,110080,10.892857142857142,4.01785714285714,11.428571428571429,4.01785714285714,1,5
64,4,resnext50,143360.0,114688,127744.0,103424,126976.0,103424,10.892857142857142,9.82142857142857,11.428571428571429,9.82142857142857,1,5
64,4,transformer,143360.0,114688,118784.0,103424,118784.0,102656,17.142857142857142,9.82142857142857,17.142857142857142,10.49107142857143,1,2
64,4,transformer_cell,143360.0,114688,118784.0,103424,118784.0,102656,17.142857142857142,9.82142857142857,17.142857142857142,10.49107142857143,1,3
64,4,vgg19,86016.0,86016,74752.0,74752,74752.0,74240,13.095238095238095,13.095238095238093,13.095238095238095,13.690476190476186,1,3
64,16,ALL17,258048.0,258048,233920.0,221568,231616.0,220736,9.350198412698413,14.136904761904766,10.243055555555555,14.459325396825395,17,55
64,16,CNN,258048.0,258048,233920.0,221568,231616.0,219968,9.350198412698413,14.136904761904766,10.243055555555555,14.756944444444443,10,27
64,16,RNN,258048.0,258048,186432.0,179072,182208.0,176128,27.75297619047619,30.60515873015873,29.389880952380953,31.746031746031743,2,10
64,16,Transformer,258048.0,258048,222336.0,211008,219968.0,208320,13.839285714285714,18.229166666666664,14.756944444444445,19.270833333333336,5,18
64,16,bert_block,258048.0,229376,203648.0,198592,201600.0,195776,21.081349206349206,13.42075892857143,21.875,14.6484375,1,5
64,16,darknet19,229376.0,229376,202496.0,185728,202240.0,185728,11.71875,19.02901785714286,11.830357142857142,19.02901785714286,1,5
64,16,densenet,258048.0,258048,202752.0,186880,199040.0,186048,21.428571428571427,27.579365079365083,22.86706349206349,27.901785714285708,1,1
64,16,gnmt,258048.0,229376,180096.0,174656,174656.0,172928,30.208333333333332,23.856026785714292,32.31646825396825,24.609375,1,5
64,16,googlenet,258048.0,258048,196928.0,187904,196160.0,186752,23.685515873015873,27.182539682539687,23.98313492063492,27.628968253968257,1,1
64,16,gpt_decode_block,229376.0,229376,150208.0,147264,145536.0,140992,34.51450892857143,35.79799107142857,36.551339285714285,38.53236607142857,1,5
64,16,gpt_prefill_block,258048.0,229376,207872.0,201536,204288.0,199680,19.444444444444443,12.13727678571429,20.833333333333332,12.94642857142857,1,5
64,16,inception_resnet_v1,258048.0,229376,193152.0,175424,193152.0,175040,25.148809523809526,23.52120535714286,25.148809523809526,23.68861607142857,1,5
64,16,lstm,258048.0,258048,185472.0,173760,177856.0,170752,28.125,32.663690476190474,31.07638888888889,33.82936507936508,1,5
64,16,pnasnet,258048.0,258048,230848.0,221568,227776.0,219968,10.540674603174603,14.136904761904766,11.731150793650794,14.756944444444443,1,1
64,16,resnet101,258048.0,229376,190272.0,168960,190144.0,168960,26.264880952380953,26.339285714285708,26.314484126984127,26.339285714285708,1,3
64,16,resnet152,258048.0,229376,194112.0,168960,193984.0,168960,24.776785714285715,26.339285714285708,24.82638888888889,26.339285714285708,1,3
64,16,resnet50,229376.0,229376,188736.0,185984,188608.0,185088,17.717633928571427,18.917410714285708,17.7734375,19.308035714285708,1,2
64,16,resnext50,258048.0,229376,199296.0,183424,199168.0,183424,22.767857142857142,20.03348214285714,22.817460317460316,20.03348214285714,1,4
64,16,transformer,258048.0,258048,203520.0,193536,202368.0,192384,21.13095238095238,25.0,21.577380952380953,25.44642857142857,1,1
64,16,transformer_cell,258048.0,229376,201792.0,183744,201792.0,183744,21.800595238095237,19.893973214285708,21.800595238095237,19.893973214285708,1,2
64,16,vgg19,200704.0,200704,151040.0,148992,149952.0,147968,24.744897959183675,25.765306122448983,25.286989795918366,26.27551020408163,1,2
