chiplets,cores_per_chiplet,target,old_rotation_Bpc,new_rotation_Bpc,old_reflection_Bpc,new_reflection_Bpc,old_baseline2_Bpc,new_baseline2_Bpc,old_allowance_pct,new_allowance_pct
16,4,RNN,19456,19456,18432,17920,24576,24576,0,0.1
4,1,ALL17,3072,2048,2560,2048,3072,2048,0,0.1
4,1,CNN,2048,2048,2048,2048,2048,2048,0,0.1
4,1,RNN,2048,2048,2048,2048,2048,2048,0,0.1
4,1,Transformer,3072,2048,2560,2048,3072,2048,0,0.1
4,1,bert_block,1024,1024,1024,1024,1024,1024,0,0.1
4,1,darknet19,1024,1024,1024,1024,1024,1024,0,0.1
4,1,densenet,2048,1024,2048,1024,2048,1024,0,0.1
4,1,gnmt,2048,2048,2048,2048,2048,2048,0,0.1
4,1,googlenet,2048,2048,2048,2048,2048,2048,0,0.1
4,1,gpt_decode_block,3072,2048,2560,2048,3072,2048,0,0.1
4,1,gpt_prefill_block,1024,1024,1024,1024,1024,1024,0,0.1
4,1,inception_resnet_v1,2048,2048,2048,2048,2048,2048,0,0.1
4,1,lstm,2048,2048,2048,2048,2048,2048,0,0.1
4,1,pnasnet,2048,1024,2048,1024,2048,1024,0,0.1
4,1,resnet101,2048,1024,2048,1024,2048,1024,0,0.1
4,1,resnet152,2048,1024,2048,1024,2048,1024,0,0.1
4,1,resnet50,2048,1024,2048,1024,2048,1024,0,0.1
4,1,resnext50,2048,2048,2048,2048,2048,2048,0,0.1
4,1,transformer,1024,1024,1024,1024,1024,1024,0,0.1
4,1,transformer_cell,1024,1024,1024,1024,1024,1024,0,0.1
4,1,vgg19,1024,1024,1024,1024,1024,1024,0,0.1
4,4,ALL17,5376,5120,5120,4608,8192,5120,0,0.1
4,4,CNN,3072,3072,3072,3072,3072,3072,0,0.1
4,4,RNN,4096,4096,3584,3584,5120,5120,0,0.1
4,4,Transformer,5376,5120,5120,4608,8192,5120,0,0.1
4,4,bert_block,2048,2048,1536,1536,2048,2048,0,0.1
4,4,darknet19,2048,2048,1536,1536,2048,2048,0,0.1
4,4,densenet,3072,2048,3072,2048,3072,2048,0,0.1
4,4,gnmt,3840,3840,3584,3584,5120,5120,0,0.1
4,4,googlenet,3072,3072,3072,3072,3072,3072,0,0.1
4,4,gpt_decode_block,5376,5120,5120,4608,8192,5120,0,0.1
4,4,gpt_prefill_block,2048,2048,1536,1536,2048,2048,0,0.1
4,4,inception_resnet_v1,3072,3072,3072,3072,3072,3072,0,0.1
4,4,lstm,4096,4096,3584,3584,5120,5120,0,0.1
4,4,pnasnet,3072,2048,3072,2048,3072,2048,0,0.1
4,4,resnet101,3072,2048,3072,2048,3072,2048,0,0.1
4,4,resnet152,3072,2048,3072,2048,3072,2048,0,0.1
4,4,resnet50,3072,3072,3072,2560,3072,3072,0,0.1
4,4,resnext50,3072,3072,3072,3072,3072,3072,0,0.1
4,4,transformer,2048,2048,1536,1536,2048,2048,0,0.1
4,4,transformer_cell,2048,2048,1536,1536,2048,2048,0,0.1
4,4,vgg19,2048,2048,1536,1536,2048,2048,0,0.1
4,16,ALL17,9216,8192,8320,7168,9216,8192,0,0.1
4,16,CNN,9216,8192,8320,7168,9216,8192,0,0.1
4,16,RNN,5120,5120,5120,5120,5120,5120,0,0.1
4,16,Transformer,6144,6144,5888,5888,6144,6144,0,0.1
4,16,bert_block,6144,6144,5120,5120,6144,6144,0,0.1
4,16,darknet19,5120,5120,4608,4608,5120,5120,0,0.1
4,16,densenet,6144,6144,5632,5632,6144,6144,0,0.1
4,16,gnmt,5120,5120,5120,5120,5120,5120,0,0.1
4,16,googlenet,8192,7680,6144,6144,8192,8192,0,0.1
4,16,gpt_decode_block,5376,5376,5376,5376,6144,6144,0,0.1
4,16,gpt_prefill_block,6144,5120,5120,4608,6144,5120,0,0.1
4,16,inception_resnet_v1,8192,7168,7168,6656,8192,7168,0,0.1
4,16,lstm,5120,5120,5120,5120,5120,5120,0,0.1
4,16,pnasnet,8192,7168,7808,7168,8192,7168,0,0.1
4,16,resnet101,9216,8192,7680,7168,9216,8192,0,0.1
4,16,resnet152,9216,7168,7680,6656,9216,7168,0,0.1
4,16,resnet50,9216,8192,7680,7168,9216,8192,0,0.1
4,16,resnext50,9216,8192,7680,7168,9216,8192,0,0.1
4,16,transformer,6144,6144,5120,5120,6144,6144,0,0.1
4,16,transformer_cell,6144,6144,5120,5120,6144,6144,0,0.1
4,16,vgg19,5120,5120,4608,4608,5120,5120,0,0.1
8,1,ALL17,8704,8192,8192,7168,10240,10240,0,0.1
8,1,CNN,8192,6144,7168,5632,10240,7680,0,0.1
8,1,RNN,8192,8192,7168,7168,10240,10240,0,0.1
8,1,Transformer,8704,8192,8192,7168,10240,10240,0,0.1
8,1,bert_block,2560,2560,2560,2560,2560,2560,0,0.1
8,1,darknet19,2560,2560,2560,2560,2560,2560,0,0.1
8,1,densenet,8192,4608,7168,4096,10240,5120,0,0.1
8,1,gnmt,8192,8192,7168,7168,10240,10240,0,0.1
8,1,googlenet,8192,6144,7168,5632,10240,7680,0,0.1
8,1,gpt_decode_block,8704,8192,8192,7168,10240,10240,0,0.1
8,1,gpt_prefill_block,2560,2560,2560,2560,2560,2560,0,0.1
8,1,inception_resnet_v1,8192,6144,7168,5632,10240,7680,0,0.1
8,1,lstm,8192,8192,7168,7168,10240,10240,0,0.1
8,1,pnasnet,8192,2560,7168,2560,10240,2560,0,0.1
8,1,resnet101,8192,4608,7168,4096,10240,5120,0,0.1
8,1,resnet152,8192,3584,7168,3072,10240,5120,0,0.1
8,1,resnet50,8192,4608,7168,4096,10240,5120,0,0.1
8,1,resnext50,8192,6144,7168,5632,10240,7680,0,0.1
8,1,transformer,2560,2560,2560,2560,2560,2560,0,0.1
8,1,transformer_cell,2560,2560,2560,2560,2560,2560,0,0.1
8,1,vgg19,2560,2560,2560,2560,2560,2560,0,0.1
8,4,ALL17,10752,10752,9728,9728,12800,12800,0,0.1
8,4,CNN,10752,8192,9728,7168,12800,10240,0,0.1
8,4,RNN,10752,10752,9728,9728,12800,12800,0,0.1
8,4,Transformer,8704,8704,8448,8448,10240,10240,0,0.1
8,4,bert_block,5120,5120,5120,5120,5120,5120,0,0.1
8,4,darknet19,6144,5120,5632,5120,7680,5120,0,0.1
8,4,densenet,10752,8192,9728,7168,12800,10240,0,0.1
8,4,gnmt,10752,10752,9728,9728,12800,12800,0,0.1
8,4,googlenet,10752,8192,9728,7168,12800,10240,0,0.1
8,4,gpt_decode_block,8704,8704,8448,8448,10240,10240,0,0.1
8,4,gpt_prefill_block,5120,5120,5120,5120,5120,5120,0,0.1
8,4,inception_resnet_v1,10752,8192,9728,7168,12800,10240,0,0.1
8,4,lstm,10752,10752,9728,9728,12800,12800,0,0.1
8,4,pnasnet,10752,6656,9728,6144,12800,7680,0,0.1
8,4,resnet101,10752,8192,9728,7168,12800,10240,0,0.1
8,4,resnet152,10752,7680,9728,6656,12800,10240,0,0.1
8,4,resnet50,10752,8192,9728,7168,12800,10240,0,0.1
8,4,resnext50,10752,8192,9728,7168,12800,10240,0,0.1
8,4,transformer,5120,5120,5120,5120,5120,5120,0,0.1
8,4,transformer_cell,5120,5120,5120,5120,5120,5120,0,0.1
8,4,vgg19,5120,5120,5120,5120,5120,5120,0,0.1
8,16,ALL17,19584,17408,17664,15360,23040,20480,0,0.1
8,16,CNN,19584,17408,17664,15360,23040,20480,0,0.1
8,16,RNN,8192,8192,7168,7168,10240,10240,0,0.1
8,16,Transformer,17408,17408,15360,15360,20480,20480,0,0.1
8,16,bert_block,12800,12800,11264,11264,15360,15360,0,0.1
8,16,darknet19,15360,14912,14592,13440,17920,17920,0,0.1
8,16,densenet,18176,17152,16896,15360,23040,20480,0,0.1
8,16,gnmt,8192,8192,7168,7168,10240,10240,0,0.1
8,16,googlenet,19328,17408,17152,15360,23040,20480,0,0.1
8,16,gpt_decode_block,16320,16320,14336,14336,20480,20480,0,0.1
8,16,gpt_prefill_block,14848,14848,12288,12288,20480,20480,0,0.1
8,16,inception_resnet_v1,18688,16896,16896,14848,23040,20480,0,0.1
8,16,lstm,8192,8192,7168,7168,10240,10240,0,0.1
8,16,pnasnet,15424,15168,14784,14400,20480,17920,0,0.1
8,16,resnet101,16896,15872,14848,14592,20480,17920,0,0.1
8,16,resnet152,19200,15872,17408,13312,23040,20480,0,0.1
8,16,resnet50,19456,16896,17408,14848,23040,20480,0,0.1
8,16,resnext50,16384,15872,14336,13312,20480,17920,0,0.1
8,16,transformer,12800,12800,11264,11264,15360,15360,0,0.1
8,16,transformer_cell,12800,12800,11264,11264,15360,15360,0,0.1
8,16,vgg19,16384,13312,14336,12288,20480,15360,0,0.1
16,1,ALL17,24320,22016,22528,20480,36864,24576,0,0.1
16,1,CNN,19456,14336,18432,13312,24576,18432,0,0.1
16,1,RNN,19456,16384,18432,15872,24576,18432,0,0.1
16,1,Transformer,24320,22016,22528,20480,36864,24576,0,0.1
16,1,bert_block,6144,6144,6144,6144,6144,6144,0,0.1
16,1,darknet19,6144,6144,6144,6144,6144,6144,0,0.1
16,1,densenet,19456,10752,17920,10240,24576,12288,0,0.1
16,1,gnmt,19456,16384,18432,15872,24576,18432,0,0.1
16,1,googlenet,16640,14336,15872,13312,18432,18432,0,0.1
16,1,gpt_decode_block,24320,22016,22528,20480,36864,24576,0,0.1
16,1,gpt_prefill_block,6144,6144,6144,6144,6144,6144,0,0.1
16,1,inception_resnet_v1,19456,14336,18432,13312,24576,18432,0,0.1
16,1,lstm,19456,16384,18432,15872,24576,18432,0,0.1
16,1,pnasnet,19200,6144,17664,6144,24576,6144,0,0.1
16,1,resnet101,19456,10752,17920,10240,24576,12288,0,0.1
16,1,resnet152,19456,8448,17920,7680,24576,12288,0,0.1
16,1,resnet50,16640,12032,16384,11776,18432,12288,0,0.1
16,1,resnext50,16896,14336,16640,13312,18432,18432,0,0.1
16,1,transformer,6144,6144,6144,6144,6144,6144,0,0.1
16,1,transformer_cell,6144,6144,6144,6144,6144,6144,0,0.1
16,1,vgg19,6144,6144,6144,6144,6144,6144,0,0.1
16,4,ALL17,27776,23808,27136,23040,30720,24576,0,0.1
16,4,CNN,27776,23808,27136,23040,30720,24576,0,0.1
16,4,Transformer,20736,20736,19456,19456,24576,24576,0,0.1
16,4,bert_block,19712,19712,18944,18432,24576,24576,0,0.1
16,4,darknet19,18432,18432,17920,16896,24576,24576,0,0.1
16,4,densenet,20480,18176,19712,17408,24576,18432,0,0.1
16,4,gnmt,19456,19456,18432,17920,24576,24576,0,0.1
16,4,googlenet,27776,23552,27136,22528,30720,24576,0,0.1
16,4,gpt_decode_block,20224,20224,19200,19200,24576,24576,0,0.1
16,4,gpt_prefill_block,19712,17408,18944,16896,24576,18432,0,0.1
16,4,inception_resnet_v1,22528,22528,21504,21504,24576,24576,0,0.1
16,4,lstm,19456,19456,18432,17920,24576,24576,0,0.1
16,4,pnasnet,22656,22528,22144,21760,24576,24576,0,0.1
16,4,resnet101,26368,22528,24576,22272,30720,24576,0,0.1
16,4,resnet152,26368,22272,24576,21760,30720,24576,0,0.1
16,4,resnet50,26368,22528,24576,22272,30720,24576,0,0.1
16,4,resnext50,26368,22528,24576,21504,30720,24576,0,0.1
16,4,transformer,19712,19712,18944,18432,24576,24576,0,0.1
16,4,transformer_cell,19712,19712,18944,18432,24576,24576,0,0.1
16,4,vgg19,18432,16128,17920,15360,24576,18432,0,0.1
16,16,ALL17,48384,43648,44928,41216,55296,49152,0,0.1
16,16,CNN,47744,43648,44928,41216,55296,49152,0,0.1
16,16,RNN,14336,14336,13312,13312,18432,18432,0,0.1
16,16,Transformer,44608,41792,41216,38720,55296,49152,0,0.1
16,16,bert_block,31808,31808,31808,29824,36864,36864,0,0.1
16,16,darknet19,43392,40960,39296,37376,49152,49152,0,0.1
16,16,densenet,47616,43520,44544,40960,55296,49152,0,0.1
16,16,gnmt,14336,14336,13312,13312,18432,18432,0,0.1
16,16,googlenet,44288,43520,42496,40960,49152,49152,0,0.1
16,16,gpt_decode_block,32768,32384,31872,31424,36864,36864,0,0.1
16,16,gpt_prefill_block,44032,41728,41216,38400,55296,49152,0,0.1
16,16,inception_resnet_v1,43584,43200,41536,41216,49152,49152,0,0.1
16,16,lstm,12288,12032,12032,11776,12288,12288,0,0.1
16,16,pnasnet,37248,36096,36736,35840,43008.0,36864.0,0,0.1
16,16,resnet101,44032,43264,44032,40960,49152,49152,0,0.1
16,16,resnet152,44032,43520,44032,41216,49152,49152,0,0.1
16,16,resnet50,43776,43264,41728,40960,49152,49152,0,0.1
16,16,resnext50,43776,43264,42368,41216,49152,49152,0,0.1
16,16,transformer,44544,41728,41216,38400,55296,49152,0,0.1
16,16,transformer_cell,41728,41216,40000,38400,49152,49152,0,0.1
16,16,vgg19,29440,24576,27392,23040,36864,30720,0,0.1
32,1,ALL17,57344,56576,57344,52224,66560.0,66560,0,0.1
32,1,CNN,56576,44032,54528,41472,66560.0,53248,0,0.1
32,1,RNN,55808,54272,55296,50944,66560,66560,0,0.1
32,1,Transformer,46592,46592,44800,44800,53248,53248,0,0.1
32,1,bert_block,13312,13312,13312,13312,13312,13312,0,0.1
32,1,darknet19,18944,13312,18432,13312,26624.0,13312,0,0.1
32,1,densenet,52736,33792,49408,33536,66560.0,39936,0,0.1
32,1,gnmt,55808,54272,55296,50944,66560,66560,0,0.1
32,1,googlenet,44800,36864,44800,36352,53248,39936,0,0.1
32,1,gpt_decode_block,46592,46592,44800,44800,53248,53248,0,0.1
32,1,gpt_prefill_block,13312,13312,13312,13312,13312,13312,0,0.1
32,1,inception_resnet_v1,55040,36864,54528,36352,66560,39936,0,0.1
32,1,lstm,55808,54272,55296,50944,66560,66560,0,0.1
32,1,pnasnet,42496,32256,42496,32256,53248,39936,0,0.1
32,1,resnet101,54272,30720,50944,28416,66560.0,39936.0,0,0.1
32,1,resnet152,54272,23552,50944,23296,66560.0,26624,0,0.1
32,1,resnet50,54272,33792,50944,33536,66560.0,39936,0,0.1
32,1,resnext50,54272,44032,50944,39936,66560.0,53248,0,0.1
32,1,transformer,13312,13312,13312,13312,13312,13312,0,0.1
32,1,transformer_cell,13312,13312,13312,13312,13312,13312,0,0.1
32,1,vgg19,13312,13312,13312,13312,13312,13312,0,0.1
32,4,ALL17,57344,47104,56320,46336,66560,53248,0,0.1
32,4,CNN,57344,47104,56320,46336,66560,53248,0,0.1
32,4,RNN,23552,23552,23552,23552,26624,26624,0,0.1
32,4,Transformer,47104,47104,47104,46336,53248,53248,0,0.1
32,4,bert_block,42496,41728,40448,38656,53248,53248,0,0.1
32,4,darknet19,45568,45568,45056,45056,53248,53248,0,0.1
32,4,densenet,54272,47104,54144,46336,66560,53248,0,0.1
32,4,gnmt,23552,23552,23552,23552,26624,26624,0,0.1
32,4,googlenet,47104,47104,47104,46080,53248,53248,0,0.1
32,4,gpt_decode_block,45568,45568,44928,44928,53248,53248,0,0.1
32,4,gpt_prefill_block,44032,44032,43520,43520,53248,53248,0,0.1
32,4,inception_resnet_v1,39424,38400,39424,37888,53248,39936,0,0.1
32,4,lstm,23552,23552,23552,23552,26624,26624,0,0.1
32,4,pnasnet,46336,45568,46336,45568,53248,53248,0,0.1
32,4,resnet101,55808,47104,53504,46336,66560,53248,0,0.1
32,4,resnet152,55808,47104,53504,46336,66560,53248,0,0.1
32,4,resnet50,55808,47104,53504,46336,66560,53248,0,0.1
32,4,resnext50,47104,47104,47104,46336,53248,53248,0,0.1
32,4,transformer,42496,41728,40448,38656,53248,53248,0,0.1
32,4,transformer_cell,42496,41728,40448,38656,53248,53248,0,0.1
32,4,vgg19,44032,36864,43776,36608,53248,39936,0,0.1
32,16,ALL17,97728,87488,95552,87488,119808,106496,0,0.1
32,16,CNN,94272,87488,94272,87488,119808,106496,0,0.1
32,16,RNN,33792,33792,32512,32512,39936,39936,0,0.1
32,16,Transformer,88704,83840,85248,82368,106496,106496,0,0.1
32,16,bert_block,81920,81920,80384,80384,106496,106496,0,0.1
32,16,darknet19,72448,72064,72256,71680,93184,93184,0,0.1
32,16,densenet,92928,84992,89024,83456,119808,106496,0,0.1
32,16,gnmt,33792,33792,32512,32512,39936,39936,0,0.1
32,16,googlenet,80384,80384,80384,80384,106496,106496,0,0.1
32,16,gpt_decode_block,76544,71680,70976,67584,106496.0,106496,0,0.1
32,16,gpt_prefill_block,81920,81920,80384,80384,106496,106496,0,0.1
32,16,inception_resnet_v1,82048,81856,82048,81856,106496,106496,0,0.1
32,16,lstm,20480,20480,20480,20480,26624,26624,0,0.1
32,16,pnasnet,82112,81920,82048,81792,93184,93184,0,0.1
32,16,resnet101,82688,82688,82688,82688,106496,106496,0,0.1
32,16,resnet152,94272,87488,91968,86720,119808,106496,0,0.1
32,16,resnet50,80384,80384,80384,80384,106496,106496,0,0.1
32,16,resnext50,82688,82688,82688,82688,106496,106496,0,0.1
32,16,transformer,81920,81920,80384,80384,93184,93184,0,0.1
32,16,transformer_cell,77696,76864,77312,76480,93184,93184,0,0.1
32,16,vgg19,54272,47104,52992,46336,66560,53248,0,0.1
64,1,ALL17,156416,137216,156416,133120,200704,200704,0,0.1
64,1,CNN,154112,95488,154112,93184,200704,114688,0,0.1
64,1,RNN,137216,137216,133056,133056,200704,200704,0,0.1
64,1,Transformer,83968,83968,83712,83712,86016,86016,0,0.1
64,1,bert_block,48128,46080,48128,46080,57344,57344,0,0.1
64,1,darknet19,55296,46080,55040,46080,57344,57344,0,0.1
64,1,densenet,93696,74752,93696,73984,114688,86016,0,0.1
64,1,gnmt,137216,137216,133056,133056,200704,200704,0,0.1
64,1,googlenet,72704,71680,72704,67072,86016,86016,0,0.1
64,1,gpt_decode_block,83968,83968,83456,83456,86016,86016,0,0.1
64,1,gpt_prefill_block,48128,46080,48128,46080,57344,57344,0,0.1
64,1,inception_resnet_v1,93696,74752,93696,74240,114688,86016,0,0.1
64,1,lstm,137216,137216,133056,132864,200704,200704,0,0.1
64,1,pnasnet,154112,85760,154112,85248,200704,86016,0,0.1
64,1,resnet101,93696,79360,93696,77824,114688,86016,0,0.1
64,1,resnet152,93696,57344,93696,57088,114688,57344,0,0.1
64,1,resnet50,93696,74752,93696,74752,114688,86016,0,0.1
64,1,resnext50,93696,84480,93696,83712,114688,114688,0,0.1
64,1,transformer,48128,48128,48128,47616,57344,57344,0,0.1
64,1,transformer_cell,48128,48128,48128,47616,57344,57344,0,0.1
64,1,vgg19,46080,46080,46080,45824,57344,57344,0,0.1
64,4,ALL17,127744,110080,126592,110080,143360,114688,0,0.1
64,4,CNN,124672,110080,123520,110080,143360,114688,0,0.1
64,4,RNN,55296,55296,55040,55040,57344,57344,0,0.1
64,4,Transformer,118784,109568,118784,109568,143360,114688,0,0.1
64,4,bert_block,77056,74752,77056,74752,86016,86016,0,0.1
64,4,darknet19,112384,103424,111232,103424,114688,114688,0,0.1
64,4,densenet,124672,110080,121728,110080,143360,114688,0,0.1
64,4,gnmt,55296,55296,55040,55040,57344,57344,0,0.1
64,4,googlenet,103424,103424,103424,103424,114688,114688,0,0.1
64,4,gpt_decode_block,100864,99712,100608,98432,114688,114688,0,0.1
64,4,gpt_prefill_block,118784,103424,118784,102656,143360,114688,0,0.1
64,4,inception_resnet_v1,110080,110080,110080,110080,114688,114688,0,0.1
64,4,lstm,42240,42240,42240,40320,57344,57344,0,0.1
64,4,pnasnet,88320,86016,88320,85632,114688,86016,0,0.1
64,4,resnet101,110080,103424,110080,103424,114688,114688,0,0.1
64,4,resnet152,110080,103424,110080,103424,114688,114688,0,0.1
64,4,resnet50,110080,110080,110080,110080,114688,114688,0,0.1
64,4,resnext50,110080,103424,110080,103424,114688,114688,0,0.1
64,4,transformer,118784,103424,118784,102656,143360,114688,0,0.1
64,4,transformer_cell,105984,103424,105984,102656,114688,114688,0,0.1
64,4,vgg19,74752,74752,74752,74240,86016,86016,0,0.1
64,16,ALL17,232960,221568,231808,220736,258048,258048,0,0.1
64,16,CNN,232960,221568,231808,219968,258048,258048,0,0.1
64,16,RNN,179072,179072,176128,176128,258048,258048,0,0.1
64,16,Transformer,222336,211008,218496,208320,258048,258048,0,0.1
64,16,bert_block,198656,198592,197248,195776,229376,229376,0,0.1
64,16,darknet19,186880,185728,186880,185728,229376,229376,0,0.1
64,16,densenet,202752,186880,199040,186048,258048,258048,0,0.1
64,16,gnmt,174656,174656,173312,172928,258048,229376,0,0.1
64,16,googlenet,196928,187904,196160,186752,258048,258048,0,0.1
64,16,gpt_decode_block,148992,147264,142720,140992,229376.0,229376,0,0.1
64,16,gpt_prefill_block,201536,201536,199808,199680,229376,229376,0,0.1
64,16,inception_resnet_v1,175872,175424,175872,175040,229376,229376,0,0.1
64,16,lstm,174528,173760,171520,170752,258048,258048,0,0.1
64,16,pnasnet,230848,221568,227776,219968,258048,258048,0,0.1
64,16,resnet101,168960,168960,168960,168960,229376,229376,0,0.1
64,16,resnet152,168960,168960,168960,168960,229376,229376,0,0.1
64,16,resnet50,188736,185984,188608,185088,229376,229376,0,0.1
64,16,resnext50,185472,183424,185472,183424,229376,229376,0,0.1
64,16,transformer,203520,193536,202368,192384,258048,258048,0,0.1
64,16,transformer_cell,201792,183744,201792,183744,258048,229376,0,0.1
64,16,vgg19,151040,148992,149952,147968,200704,200704,0,0.1
