chiplets,cores_per_chiplet,target,workload,mapping,reference
16,4,RNN,gnmt,5332df17ede1df99b2c7644d48be59923b8e5a000b4ebd7261cddddf228a0036,29942
16,4,RNN,lstm,804e4c99c3e3af1b553d9b90f059db9ad49d6de03025c6855f9f7380210ac4b8,30327
4,1,ALL17,darknet19,ae0b4439abdb33bb99b33dec2e89ed6025c07bee5c998ba2c388895978bd29bd,1395119
4,1,ALL17,vgg19,e1c2176018ca68cc1d4d5534be1d1e5fc1f2849a54555aa909c0c045b625145d,9587536
4,1,ALL17,resnet50,da6130a6a243757aa1c7ed1a24147d4e5833139c8f48d3ddb4dd9b2e44709119,2005136
4,1,ALL17,googlenet,dd3c56244f48aff3980a8608ec1c73df5a14bc6cd4911a92d2dad06fee23f67f,900793
4,1,ALL17,resnet101,c72ca7bd2782dec18a1b695e8afdbe5b1d5508e3043ad9ae460ee40d16e8c193,3871056
4,1,ALL17,densenet,51c40f2ff7f2b2012a51056ba515252931631b04abd3d53874f22e14803fed82,1425588
4,1,ALL17,inception_resnet_v1,d8b2fd1b52d93c6e03bcd98a266a3511ddd0c79b9a6b206543e255fdd37e18cd,3164480
4,1,ALL17,gnmt,7d4e66773a7ba137e97be0a143b6d13410c9d9fe37c17080d1c08726faaa7dd7,63720
4,1,ALL17,lstm,7faa4c65d9f0c1af6f789a61e6e24987174a09dbb8222ac9686f66e858894246,63592
4,1,ALL17,transformer,798464ff6590d70f35b820c12aa461e06c7352f0ed45d2b708a55583eba18ee3,13996032
4,1,ALL17,transformer_cell,8f4c9af434c2f18d47175618f42aae1069e16b11a4ba265db6a66d54f79e576e,2445312
4,1,ALL17,pnasnet,0bcea382b6b35d3c2fb385b5202a6a5d3769f92191b9231334df412712cc41a3,17869046
4,1,ALL17,resnext50,19f0c9fb8c8da62fa440b383fcf4ebd5e990bb09641392e2aef681213d5cb5f9,1157120
4,1,ALL17,resnet152,67716687a08e12e62827129f821aca7373dd36a1a0568ee63f049640f1efd66b,5749520
4,1,ALL17,bert_block,6fa5043fc8438663a549e045b1650fd4efb6aed15910914685ad4e5258db42f9,2678784
4,1,ALL17,gpt_prefill_block,c1a8b87e643a1b0e3168870bab468fa15af7c964dd1ec15cc1f8fb5055b2e8b4,5107200
4,1,ALL17,gpt_decode_block,1d923f3eac513a9a0e39baa578d8dce069195b4bc6c6a74d17e42b83823f7330,32912
4,1,CNN,darknet19,ae0b4439abdb33bb99b33dec2e89ed6025c07bee5c998ba2c388895978bd29bd,1395119
4,1,CNN,vgg19,e1c2176018ca68cc1d4d5534be1d1e5fc1f2849a54555aa909c0c045b625145d,9587536
4,1,CNN,resnet50,da6130a6a243757aa1c7ed1a24147d4e5833139c8f48d3ddb4dd9b2e44709119,2005136
4,1,CNN,googlenet,dd3c56244f48aff3980a8608ec1c73df5a14bc6cd4911a92d2dad06fee23f67f,900793
4,1,CNN,resnet101,c72ca7bd2782dec18a1b695e8afdbe5b1d5508e3043ad9ae460ee40d16e8c193,3871056
4,1,CNN,densenet,51c40f2ff7f2b2012a51056ba515252931631b04abd3d53874f22e14803fed82,1425588
4,1,CNN,inception_resnet_v1,d8b2fd1b52d93c6e03bcd98a266a3511ddd0c79b9a6b206543e255fdd37e18cd,3164480
4,1,CNN,pnasnet,0bcea382b6b35d3c2fb385b5202a6a5d3769f92191b9231334df412712cc41a3,17869046
4,1,CNN,resnext50,19f0c9fb8c8da62fa440b383fcf4ebd5e990bb09641392e2aef681213d5cb5f9,1157120
4,1,CNN,resnet152,67716687a08e12e62827129f821aca7373dd36a1a0568ee63f049640f1efd66b,5749520
4,1,RNN,gnmt,7d4e66773a7ba137e97be0a143b6d13410c9d9fe37c17080d1c08726faaa7dd7,63720
4,1,RNN,lstm,7faa4c65d9f0c1af6f789a61e6e24987174a09dbb8222ac9686f66e858894246,63592
4,1,Transformer,transformer,798464ff6590d70f35b820c12aa461e06c7352f0ed45d2b708a55583eba18ee3,13996032
4,1,Transformer,transformer_cell,8f4c9af434c2f18d47175618f42aae1069e16b11a4ba265db6a66d54f79e576e,2445312
4,1,Transformer,bert_block,6fa5043fc8438663a549e045b1650fd4efb6aed15910914685ad4e5258db42f9,2678784
4,1,Transformer,gpt_prefill_block,c1a8b87e643a1b0e3168870bab468fa15af7c964dd1ec15cc1f8fb5055b2e8b4,5107200
4,1,Transformer,gpt_decode_block,1d923f3eac513a9a0e39baa578d8dce069195b4bc6c6a74d17e42b83823f7330,32912
4,1,bert_block,bert_block,6fa5043fc8438663a549e045b1650fd4efb6aed15910914685ad4e5258db42f9,2678784
4,1,darknet19,darknet19,ae0b4439abdb33bb99b33dec2e89ed6025c07bee5c998ba2c388895978bd29bd,1395119
4,1,densenet,densenet,51c40f2ff7f2b2012a51056ba515252931631b04abd3d53874f22e14803fed82,1425588
4,1,gnmt,gnmt,7d4e66773a7ba137e97be0a143b6d13410c9d9fe37c17080d1c08726faaa7dd7,63720
4,1,googlenet,googlenet,dd3c56244f48aff3980a8608ec1c73df5a14bc6cd4911a92d2dad06fee23f67f,900793
4,1,gpt_decode_block,gpt_decode_block,1d923f3eac513a9a0e39baa578d8dce069195b4bc6c6a74d17e42b83823f7330,32912
4,1,gpt_prefill_block,gpt_prefill_block,c1a8b87e643a1b0e3168870bab468fa15af7c964dd1ec15cc1f8fb5055b2e8b4,5107200
4,1,inception_resnet_v1,inception_resnet_v1,d8b2fd1b52d93c6e03bcd98a266a3511ddd0c79b9a6b206543e255fdd37e18cd,3164480
4,1,lstm,lstm,7faa4c65d9f0c1af6f789a61e6e24987174a09dbb8222ac9686f66e858894246,63592
4,1,pnasnet,pnasnet,0bcea382b6b35d3c2fb385b5202a6a5d3769f92191b9231334df412712cc41a3,17869046
4,1,resnet101,resnet101,c72ca7bd2782dec18a1b695e8afdbe5b1d5508e3043ad9ae460ee40d16e8c193,3871056
4,1,resnet152,resnet152,67716687a08e12e62827129f821aca7373dd36a1a0568ee63f049640f1efd66b,5749520
4,1,resnet50,resnet50,da6130a6a243757aa1c7ed1a24147d4e5833139c8f48d3ddb4dd9b2e44709119,2005136
4,1,resnext50,resnext50,19f0c9fb8c8da62fa440b383fcf4ebd5e990bb09641392e2aef681213d5cb5f9,1157120
4,1,transformer,transformer,798464ff6590d70f35b820c12aa461e06c7352f0ed45d2b708a55583eba18ee3,13996032
4,1,transformer_cell,transformer_cell,8f4c9af434c2f18d47175618f42aae1069e16b11a4ba265db6a66d54f79e576e,2445312
4,1,vgg19,vgg19,e1c2176018ca68cc1d4d5534be1d1e5fc1f2849a54555aa909c0c045b625145d,9587536
4,4,ALL17,darknet19,aa11aaf099f2dbbb536e71a9ab16e005ff5e3b218a53f8ad93ca0735588529f8,348781
4,4,ALL17,vgg19,2dcf47e6028e2d82b7af344446e0c1f5c3cd21090ddb38559a7ac78dd0cb4c00,2396884
4,4,ALL17,resnet50,3a9e1553b364dc9be75a7ab6b1da16af1d4e2ebc038b7d15bacf6f4ac980a564,502283
4,4,ALL17,googlenet,7dfd87e097d81f952bcba0ba535d6074928277023daa3701ed50bdd7de22d086,232241
4,4,ALL17,resnet101,2bd24c04a5d81a23ec717734b373599a1e433fc533946e17d5bd98d1abeea961,968762
4,4,ALL17,densenet,9d13afb632dece51d0d9aeaa8dae6991dfdf5dab42f773823ea51247cc5fa531,361813
4,4,ALL17,inception_resnet_v1,394f098dbeb6ad6848e375cc4559f6e68f8a63a7d5539d0a97d3815d41b7f45d,830086
4,4,ALL17,gnmt,0bb7811d0f970ba6b659c83d9f9da82a1f2e0e851c37a0bdefc2be4327a8806b,44928
4,4,ALL17,lstm,17dff18244e7e7d673dfb5a5b2942c911310425efa48ae1f75085fac5ca663ff,45102
4,4,ALL17,transformer,1936a2edce2ad47f29fa44c0daa4c0ce8a457f314792b2b9fe48f7c342ad1443,3499008
4,4,ALL17,transformer_cell,82f16fc51ccc3fbe0386da2cc6ae8c39c28fcf32bac271c398b384835fe1e458,611328
4,4,ALL17,pnasnet,7d1157398683c5f577f45bdef15453d48f515b02e46a148b778371ed48935de0,4781950
4,4,ALL17,resnext50,fea052ee3f64ccdf7218cc560493ce08c7472a9bc111cde9dbd7f2926bfbd5dc,290277
4,4,ALL17,resnet152,ae4b656ea1a6835f5f8402e2c908a4ac116286d69b41b67e8213d8fe2eaae1a2,1438378
4,4,ALL17,bert_block,f2b20996059d0430b8adf75d49e3cc33b63f6ec4c6dae01daceb69688649a313,669696
4,4,ALL17,gpt_prefill_block,fa235ca196985e1ebb6d93a37890a90bce437504281c1202a1bf14b48d8f4202,1276800
4,4,ALL17,gpt_decode_block,3e4086a570a0defbcd88e2855d8f90f11067c0acc4de5e586e76cf400eff6503,17946
4,4,CNN,darknet19,aa11aaf099f2dbbb536e71a9ab16e005ff5e3b218a53f8ad93ca0735588529f8,348781
4,4,CNN,vgg19,2dcf47e6028e2d82b7af344446e0c1f5c3cd21090ddb38559a7ac78dd0cb4c00,2396884
4,4,CNN,resnet50,3a9e1553b364dc9be75a7ab6b1da16af1d4e2ebc038b7d15bacf6f4ac980a564,502283
4,4,CNN,googlenet,7dfd87e097d81f952bcba0ba535d6074928277023daa3701ed50bdd7de22d086,232241
4,4,CNN,resnet101,2bd24c04a5d81a23ec717734b373599a1e433fc533946e17d5bd98d1abeea961,968762
4,4,CNN,densenet,9d13afb632dece51d0d9aeaa8dae6991dfdf5dab42f773823ea51247cc5fa531,361813
4,4,CNN,inception_resnet_v1,394f098dbeb6ad6848e375cc4559f6e68f8a63a7d5539d0a97d3815d41b7f45d,830086
4,4,CNN,pnasnet,7d1157398683c5f577f45bdef15453d48f515b02e46a148b778371ed48935de0,4781950
4,4,CNN,resnext50,fea052ee3f64ccdf7218cc560493ce08c7472a9bc111cde9dbd7f2926bfbd5dc,290277
4,4,CNN,resnet152,ae4b656ea1a6835f5f8402e2c908a4ac116286d69b41b67e8213d8fe2eaae1a2,1438378
4,4,RNN,gnmt,0bb7811d0f970ba6b659c83d9f9da82a1f2e0e851c37a0bdefc2be4327a8806b,44928
4,4,RNN,lstm,17dff18244e7e7d673dfb5a5b2942c911310425efa48ae1f75085fac5ca663ff,45102
4,4,Transformer,transformer,1936a2edce2ad47f29fa44c0daa4c0ce8a457f314792b2b9fe48f7c342ad1443,3499008
4,4,Transformer,transformer_cell,82f16fc51ccc3fbe0386da2cc6ae8c39c28fcf32bac271c398b384835fe1e458,611328
4,4,Transformer,bert_block,f2b20996059d0430b8adf75d49e3cc33b63f6ec4c6dae01daceb69688649a313,669696
4,4,Transformer,gpt_prefill_block,fa235ca196985e1ebb6d93a37890a90bce437504281c1202a1bf14b48d8f4202,1276800
4,4,Transformer,gpt_decode_block,3e4086a570a0defbcd88e2855d8f90f11067c0acc4de5e586e76cf400eff6503,17946
4,4,bert_block,bert_block,f2b20996059d0430b8adf75d49e3cc33b63f6ec4c6dae01daceb69688649a313,669696
4,4,darknet19,darknet19,aa11aaf099f2dbbb536e71a9ab16e005ff5e3b218a53f8ad93ca0735588529f8,348781
4,4,densenet,densenet,9d13afb632dece51d0d9aeaa8dae6991dfdf5dab42f773823ea51247cc5fa531,361813
4,4,gnmt,gnmt,0bb7811d0f970ba6b659c83d9f9da82a1f2e0e851c37a0bdefc2be4327a8806b,44928
4,4,googlenet,googlenet,7dfd87e097d81f952bcba0ba535d6074928277023daa3701ed50bdd7de22d086,232241
4,4,gpt_decode_block,gpt_decode_block,3e4086a570a0defbcd88e2855d8f90f11067c0acc4de5e586e76cf400eff6503,17946
4,4,gpt_prefill_block,gpt_prefill_block,fa235ca196985e1ebb6d93a37890a90bce437504281c1202a1bf14b48d8f4202,1276800
4,4,inception_resnet_v1,inception_resnet_v1,394f098dbeb6ad6848e375cc4559f6e68f8a63a7d5539d0a97d3815d41b7f45d,830086
4,4,lstm,lstm,17dff18244e7e7d673dfb5a5b2942c911310425efa48ae1f75085fac5ca663ff,45102
4,4,pnasnet,pnasnet,7d1157398683c5f577f45bdef15453d48f515b02e46a148b778371ed48935de0,4781950
4,4,resnet101,resnet101,2bd24c04a5d81a23ec717734b373599a1e433fc533946e17d5bd98d1abeea961,968762
4,4,resnet152,resnet152,ae4b656ea1a6835f5f8402e2c908a4ac116286d69b41b67e8213d8fe2eaae1a2,1438378
4,4,resnet50,resnet50,3a9e1553b364dc9be75a7ab6b1da16af1d4e2ebc038b7d15bacf6f4ac980a564,502283
4,4,resnext50,resnext50,fea052ee3f64ccdf7218cc560493ce08c7472a9bc111cde9dbd7f2926bfbd5dc,290277
4,4,transformer,transformer,1936a2edce2ad47f29fa44c0daa4c0ce8a457f314792b2b9fe48f7c342ad1443,3499008
4,4,transformer_cell,transformer_cell,82f16fc51ccc3fbe0386da2cc6ae8c39c28fcf32bac271c398b384835fe1e458,611328
4,4,vgg19,vgg19,2dcf47e6028e2d82b7af344446e0c1f5c3cd21090ddb38559a7ac78dd0cb4c00,2396884
4,16,ALL17,darknet19,70af9b17570d1054ed78cfae4db332c869a3c30e1b3baba2dddd0a00000a1d48,90892
4,16,ALL17,vgg19,85a8ed9ffeb3acf58dccdd33608104b85e849c5f421588a50a83076f94fac171,599221
4,16,ALL17,resnet50,80a5fc87f502ff7eac8dc5bf4d6336e5e7197dcd75b85fc8a3429f1a7beee88a,132399
4,16,ALL17,googlenet,86a90d07f1fbaf3aee2de48c40380d6d1f2df4577c8793db944f2c8784df0600,62106
4,16,ALL17,resnet101,8287c53e81ddeee4add4290bdfa9983e7df644d6781de199cc0a9f91e49357e8,261395
4,16,ALL17,densenet,18033229fb0f8313085ad833ac5e29804953f799d0aa7cb0aaaa7e860ef313d5,96246
4,16,ALL17,inception_resnet_v1,eaca0e2bde933808a0b7a96ed3fdd2307e5610431311fd3b5ef885f95b95e149,227352
4,16,ALL17,gnmt,870b4a1e1e9f4590198b6420041115c8f6ba07cc38a53b4df1b66c9b22827e55,29324
4,16,ALL17,lstm,4b5fe2c9b4260d8cb4fe89e8002c8bb133c6abee196831c7fd36f87600b64014,29337
4,16,ALL17,transformer,1447347ee0bf9056e453e59167fd1dac5510936e4c4c892a740bda411bc65634,898048
4,16,ALL17,transformer_cell,a142cd8f7d90ebdf4c6e325e191c194762d22d1250c22d5911dbabc822720308,156928
4,16,ALL17,pnasnet,7b67dd96c7c562d8168c2cedeca7eff85605ddc9b192ca8cbbd488d33e29c4a2,1287329
4,16,ALL17,resnext50,bb04939f71bc129c33fee456f89be97bdedb1a8c8f83dae38d729d9179a2c242,74988
4,16,ALL17,resnet152,4f10ebc0484721b1474d88ef9dcad16cb7d9254067c21c4ad6063b7bba6fbb7f,388262
4,16,ALL17,bert_block,068ad9fcccb8a0d78b4dc670065ffea7b06ae6b93ae09b87697655845ca4a17d,169984
4,16,ALL17,gpt_prefill_block,a359bb21e3213314400bea1be6fef08602eb59313dfdae37b4e05a4b42abbc80,323200
4,16,ALL17,gpt_decode_block,8ee12bfbee37f7f8d1a12defd7159a8a50a8ede2c4193c7b248f98bd6b2cb975,11258
4,16,CNN,darknet19,70af9b17570d1054ed78cfae4db332c869a3c30e1b3baba2dddd0a00000a1d48,90892
4,16,CNN,vgg19,85a8ed9ffeb3acf58dccdd33608104b85e849c5f421588a50a83076f94fac171,599221
4,16,CNN,resnet50,80a5fc87f502ff7eac8dc5bf4d6336e5e7197dcd75b85fc8a3429f1a7beee88a,132399
4,16,CNN,googlenet,86a90d07f1fbaf3aee2de48c40380d6d1f2df4577c8793db944f2c8784df0600,62106
4,16,CNN,resnet101,8287c53e81ddeee4add4290bdfa9983e7df644d6781de199cc0a9f91e49357e8,261395
4,16,CNN,densenet,18033229fb0f8313085ad833ac5e29804953f799d0aa7cb0aaaa7e860ef313d5,96246
4,16,CNN,inception_resnet_v1,eaca0e2bde933808a0b7a96ed3fdd2307e5610431311fd3b5ef885f95b95e149,227352
4,16,CNN,pnasnet,7b67dd96c7c562d8168c2cedeca7eff85605ddc9b192ca8cbbd488d33e29c4a2,1287329
4,16,CNN,resnext50,bb04939f71bc129c33fee456f89be97bdedb1a8c8f83dae38d729d9179a2c242,74988
4,16,CNN,resnet152,4f10ebc0484721b1474d88ef9dcad16cb7d9254067c21c4ad6063b7bba6fbb7f,388262
4,16,RNN,gnmt,870b4a1e1e9f4590198b6420041115c8f6ba07cc38a53b4df1b66c9b22827e55,29324
4,16,RNN,lstm,4b5fe2c9b4260d8cb4fe89e8002c8bb133c6abee196831c7fd36f87600b64014,29337
4,16,Transformer,transformer,1447347ee0bf9056e453e59167fd1dac5510936e4c4c892a740bda411bc65634,898048
4,16,Transformer,transformer_cell,a142cd8f7d90ebdf4c6e325e191c194762d22d1250c22d5911dbabc822720308,156928
4,16,Transformer,bert_block,068ad9fcccb8a0d78b4dc670065ffea7b06ae6b93ae09b87697655845ca4a17d,169984
4,16,Transformer,gpt_prefill_block,a359bb21e3213314400bea1be6fef08602eb59313dfdae37b4e05a4b42abbc80,323200
4,16,Transformer,gpt_decode_block,8ee12bfbee37f7f8d1a12defd7159a8a50a8ede2c4193c7b248f98bd6b2cb975,11258
4,16,bert_block,bert_block,068ad9fcccb8a0d78b4dc670065ffea7b06ae6b93ae09b87697655845ca4a17d,169984
4,16,darknet19,darknet19,70af9b17570d1054ed78cfae4db332c869a3c30e1b3baba2dddd0a00000a1d48,90892
4,16,densenet,densenet,18033229fb0f8313085ad833ac5e29804953f799d0aa7cb0aaaa7e860ef313d5,96246
4,16,gnmt,gnmt,870b4a1e1e9f4590198b6420041115c8f6ba07cc38a53b4df1b66c9b22827e55,29324
4,16,googlenet,googlenet,86a90d07f1fbaf3aee2de48c40380d6d1f2df4577c8793db944f2c8784df0600,62106
4,16,gpt_decode_block,gpt_decode_block,8ee12bfbee37f7f8d1a12defd7159a8a50a8ede2c4193c7b248f98bd6b2cb975,11258
4,16,gpt_prefill_block,gpt_prefill_block,a359bb21e3213314400bea1be6fef08602eb59313dfdae37b4e05a4b42abbc80,323200
4,16,inception_resnet_v1,inception_resnet_v1,eaca0e2bde933808a0b7a96ed3fdd2307e5610431311fd3b5ef885f95b95e149,227352
4,16,lstm,lstm,4b5fe2c9b4260d8cb4fe89e8002c8bb133c6abee196831c7fd36f87600b64014,29337
4,16,pnasnet,pnasnet,7b67dd96c7c562d8168c2cedeca7eff85605ddc9b192ca8cbbd488d33e29c4a2,1287329
4,16,resnet101,resnet101,8287c53e81ddeee4add4290bdfa9983e7df644d6781de199cc0a9f91e49357e8,261395
4,16,resnet152,resnet152,4f10ebc0484721b1474d88ef9dcad16cb7d9254067c21c4ad6063b7bba6fbb7f,388262
4,16,resnet50,resnet50,80a5fc87f502ff7eac8dc5bf4d6336e5e7197dcd75b85fc8a3429f1a7beee88a,132399
4,16,resnext50,resnext50,bb04939f71bc129c33fee456f89be97bdedb1a8c8f83dae38d729d9179a2c242,74988
4,16,transformer,transformer,1447347ee0bf9056e453e59167fd1dac5510936e4c4c892a740bda411bc65634,898048
4,16,transformer_cell,transformer_cell,a142cd8f7d90ebdf4c6e325e191c194762d22d1250c22d5911dbabc822720308,156928
4,16,vgg19,vgg19,85a8ed9ffeb3acf58dccdd33608104b85e849c5f421588a50a83076f94fac171,599221
8,1,ALL17,darknet19,bca08b9bc6f921b8ea9c4b2794a5845ee2baee0b2f9f66143493c99799a1ef0c,697560
8,1,ALL17,vgg19,dde3d2607189a21e65d9574f8a5b6f47bce0c61a556658dc857c7a6931e6ebbe,4793768
8,1,ALL17,resnet50,732aa97d2fae79f0e604252942af6d2fe95affe3ca7af8ee0d9ff836aab48718,1002568
8,1,ALL17,googlenet,26b262e3c0f21665674a59b8be64da275a9bd7fa3e87b2a55c636921ae06d39c,456859
8,1,ALL17,resnet101,ee7e5e09d2ce3f42cf21abc4e472e33e940adeaffda4a016e2d5f132ce5aad6d,1935528
8,1,ALL17,densenet,e599689258c785a1c3aaf70a05f8ff033f925cb1d050a7843ee0603697763efd,721476
8,1,ALL17,inception_resnet_v1,14d56f9085e51a59736b39640a2041c72435dbf875c162b01a22a005413c90a2,1607136
8,1,ALL17,gnmt,62407045e5392f9ab30ec72c32de3c9494f1695ea04bc778cdb4e44fd07aaf60,31864
8,1,ALL17,lstm,b0b6e67e2a0c81c893267ed271d852054bd211d8108d3abab66624280b6bb046,31800
8,1,ALL17,transformer,e47fefa6347d1775f336e61687cb4a307dd8b26f0f56821621dc4ee1c657a06f,6998016
8,1,ALL17,transformer_cell,3f7626e916bda519ee2db32318459639e1e9a99d2b6729c83435eb759346b9d9,1222656
8,1,ALL17,pnasnet,26287c6b162c21ded72eee03f5c89be0850cfc60c49a24f1c2a426f0b27b1950,9277801
8,1,ALL17,resnext50,c9de949d8ed80e03d19caf61c7eccdcfd43067b63bdc545d394cce51f7c9dae3,578560
8,1,ALL17,resnet152,c51f774b2295057c8b9f8adee3d42219c65ba624cf0a45e0b440a1740d76e13d,2874760
8,1,ALL17,bert_block,77befa0c23b038ec8ff01595c6d250210e22294a6fc61b2b6d93ba9a6e0869ae,1339392
8,1,ALL17,gpt_prefill_block,313ac5eb72be8dc00804987889956207e4d3fbb3f17ad4b66a47c04e38657a1d,2553600
8,1,ALL17,gpt_decode_block,f59b0284ac6c634ba5a37875b880fbc80928b173f1decec27ced97ef700ff3b7,17623
8,1,CNN,darknet19,bca08b9bc6f921b8ea9c4b2794a5845ee2baee0b2f9f66143493c99799a1ef0c,697560
8,1,CNN,vgg19,dde3d2607189a21e65d9574f8a5b6f47bce0c61a556658dc857c7a6931e6ebbe,4793768
8,1,CNN,resnet50,732aa97d2fae79f0e604252942af6d2fe95affe3ca7af8ee0d9ff836aab48718,1002568
8,1,CNN,googlenet,26b262e3c0f21665674a59b8be64da275a9bd7fa3e87b2a55c636921ae06d39c,456859
8,1,CNN,resnet101,ee7e5e09d2ce3f42cf21abc4e472e33e940adeaffda4a016e2d5f132ce5aad6d,1935528
8,1,CNN,densenet,e599689258c785a1c3aaf70a05f8ff033f925cb1d050a7843ee0603697763efd,721476
8,1,CNN,inception_resnet_v1,14d56f9085e51a59736b39640a2041c72435dbf875c162b01a22a005413c90a2,1607136
8,1,CNN,pnasnet,26287c6b162c21ded72eee03f5c89be0850cfc60c49a24f1c2a426f0b27b1950,9277801
8,1,CNN,resnext50,c9de949d8ed80e03d19caf61c7eccdcfd43067b63bdc545d394cce51f7c9dae3,578560
8,1,CNN,resnet152,c51f774b2295057c8b9f8adee3d42219c65ba624cf0a45e0b440a1740d76e13d,2874760
8,1,RNN,gnmt,62407045e5392f9ab30ec72c32de3c9494f1695ea04bc778cdb4e44fd07aaf60,31864
8,1,RNN,lstm,b0b6e67e2a0c81c893267ed271d852054bd211d8108d3abab66624280b6bb046,31800
8,1,Transformer,transformer,e47fefa6347d1775f336e61687cb4a307dd8b26f0f56821621dc4ee1c657a06f,6998016
8,1,Transformer,transformer_cell,3f7626e916bda519ee2db32318459639e1e9a99d2b6729c83435eb759346b9d9,1222656
8,1,Transformer,bert_block,77befa0c23b038ec8ff01595c6d250210e22294a6fc61b2b6d93ba9a6e0869ae,1339392
8,1,Transformer,gpt_prefill_block,313ac5eb72be8dc00804987889956207e4d3fbb3f17ad4b66a47c04e38657a1d,2553600
8,1,Transformer,gpt_decode_block,f59b0284ac6c634ba5a37875b880fbc80928b173f1decec27ced97ef700ff3b7,17623
8,1,bert_block,bert_block,77befa0c23b038ec8ff01595c6d250210e22294a6fc61b2b6d93ba9a6e0869ae,1339392
8,1,darknet19,darknet19,bca08b9bc6f921b8ea9c4b2794a5845ee2baee0b2f9f66143493c99799a1ef0c,697560
8,1,densenet,densenet,e599689258c785a1c3aaf70a05f8ff033f925cb1d050a7843ee0603697763efd,721476
8,1,gnmt,gnmt,62407045e5392f9ab30ec72c32de3c9494f1695ea04bc778cdb4e44fd07aaf60,31864
8,1,googlenet,googlenet,26b262e3c0f21665674a59b8be64da275a9bd7fa3e87b2a55c636921ae06d39c,456859
8,1,gpt_decode_block,gpt_decode_block,f59b0284ac6c634ba5a37875b880fbc80928b173f1decec27ced97ef700ff3b7,17623
8,1,gpt_prefill_block,gpt_prefill_block,313ac5eb72be8dc00804987889956207e4d3fbb3f17ad4b66a47c04e38657a1d,2553600
8,1,inception_resnet_v1,inception_resnet_v1,14d56f9085e51a59736b39640a2041c72435dbf875c162b01a22a005413c90a2,1607136
8,1,lstm,lstm,b0b6e67e2a0c81c893267ed271d852054bd211d8108d3abab66624280b6bb046,31800
8,1,pnasnet,pnasnet,26287c6b162c21ded72eee03f5c89be0850cfc60c49a24f1c2a426f0b27b1950,9277801
8,1,resnet101,resnet101,ee7e5e09d2ce3f42cf21abc4e472e33e940adeaffda4a016e2d5f132ce5aad6d,1935528
8,1,resnet152,resnet152,c51f774b2295057c8b9f8adee3d42219c65ba624cf0a45e0b440a1740d76e13d,2874760
8,1,resnet50,resnet50,732aa97d2fae79f0e604252942af6d2fe95affe3ca7af8ee0d9ff836aab48718,1002568
8,1,resnext50,resnext50,c9de949d8ed80e03d19caf61c7eccdcfd43067b63bdc545d394cce51f7c9dae3,578560
8,1,transformer,transformer,e47fefa6347d1775f336e61687cb4a307dd8b26f0f56821621dc4ee1c657a06f,6998016
8,1,transformer_cell,transformer_cell,3f7626e916bda519ee2db32318459639e1e9a99d2b6729c83435eb759346b9d9,1222656
8,1,vgg19,vgg19,dde3d2607189a21e65d9574f8a5b6f47bce0c61a556658dc857c7a6931e6ebbe,4793768
8,4,ALL17,darknet19,77de3a88bda4a271c19a2103125c834ad84becbc61ef62a38ff98af0d6b5995d,174839
8,4,ALL17,vgg19,5caea1c7a8afe28b1e08db2cebdd9fb730af04ac0dc46a966730781dfdf4550b,1198442
8,4,ALL17,resnet50,3213e499fed8b4d93f1ff7678079fda3f9a1c6d27b8cbf6073b25cf1b33b8c4d,255484
8,4,ALL17,googlenet,c8d68d8d1e9f0533a77821bba2a4f93d8cf7b84c83b547d0f137e2f64913562c,117848
8,4,ALL17,resnet101,5c12e46e039d43300b8910082523ac8512b8c6e3cd0103eb522b01e7c86b109e,488724
8,4,ALL17,densenet,33e630fbe5fa82fabc74d1e0de9efe43093a5daf2e57427156fed9e4a0ac3382,187306
8,4,ALL17,inception_resnet_v1,ccf1c128154862723d04d1fdad3abe9f57c35a138742c47a1b8b0f83b3244aa9,429735
8,4,ALL17,gnmt,54cb68e961d45ad2bef18546a017d399b603c9c1066db35d115a1cfe2c800bff,30708
8,4,ALL17,lstm,1dfd3fb23122a1631d11d1d7d86f8c81d3d11e3be6a0f9f58261011dc37af412,30577
8,4,ALL17,transformer,5780b708167d1bf1abacc627276b6c9fed2446e6c598360185006d7cbc9794bf,1749504
8,4,ALL17,transformer_cell,6eaab023f27d76aea9401425190e7ba69754a762c0ebf66c05e3a0a4cca933da,305664
8,4,ALL17,pnasnet,1eceaf8d1886b3f77c154f50819198e51103ec72abcc0ef8c233f78ccfa1c953,2463974
8,4,ALL17,resnext50,65517a26b73dbc9c2f656d5750b6343e60e0b57f6937a736d139975ef0d730f1,146458
8,4,ALL17,resnet152,603760bc0298f4fc07036955ac87f764348d62b73d39006c4db6acedc0507640,723532
8,4,ALL17,bert_block,0439dc90413fbf62331662f0d238b3b9f3dc492fb107cab825b1b27029fad690,334848
8,4,ALL17,gpt_prefill_block,e942000fb27b005221270ea39be000c3bbdbc4e4fb519f1a578e94b2ece4238e,638400
8,4,ALL17,gpt_decode_block,231bb19845645d451ae696f1b5ca3f596ff190086fb4a82b8db1409bfc118b4e,12390
8,4,CNN,darknet19,77de3a88bda4a271c19a2103125c834ad84becbc61ef62a38ff98af0d6b5995d,174839
8,4,CNN,vgg19,5caea1c7a8afe28b1e08db2cebdd9fb730af04ac0dc46a966730781dfdf4550b,1198442
8,4,CNN,resnet50,3213e499fed8b4d93f1ff7678079fda3f9a1c6d27b8cbf6073b25cf1b33b8c4d,255484
8,4,CNN,googlenet,c8d68d8d1e9f0533a77821bba2a4f93d8cf7b84c83b547d0f137e2f64913562c,117848
8,4,CNN,resnet101,5c12e46e039d43300b8910082523ac8512b8c6e3cd0103eb522b01e7c86b109e,488724
8,4,CNN,densenet,33e630fbe5fa82fabc74d1e0de9efe43093a5daf2e57427156fed9e4a0ac3382,187306
8,4,CNN,inception_resnet_v1,ccf1c128154862723d04d1fdad3abe9f57c35a138742c47a1b8b0f83b3244aa9,429735
8,4,CNN,pnasnet,1eceaf8d1886b3f77c154f50819198e51103ec72abcc0ef8c233f78ccfa1c953,2463974
8,4,CNN,resnext50,65517a26b73dbc9c2f656d5750b6343e60e0b57f6937a736d139975ef0d730f1,146458
8,4,CNN,resnet152,603760bc0298f4fc07036955ac87f764348d62b73d39006c4db6acedc0507640,723532
8,4,RNN,gnmt,54cb68e961d45ad2bef18546a017d399b603c9c1066db35d115a1cfe2c800bff,30708
8,4,RNN,lstm,1dfd3fb23122a1631d11d1d7d86f8c81d3d11e3be6a0f9f58261011dc37af412,30577
8,4,Transformer,transformer,5780b708167d1bf1abacc627276b6c9fed2446e6c598360185006d7cbc9794bf,1749504
8,4,Transformer,transformer_cell,6eaab023f27d76aea9401425190e7ba69754a762c0ebf66c05e3a0a4cca933da,305664
8,4,Transformer,bert_block,0439dc90413fbf62331662f0d238b3b9f3dc492fb107cab825b1b27029fad690,334848
8,4,Transformer,gpt_prefill_block,e942000fb27b005221270ea39be000c3bbdbc4e4fb519f1a578e94b2ece4238e,638400
8,4,Transformer,gpt_decode_block,231bb19845645d451ae696f1b5ca3f596ff190086fb4a82b8db1409bfc118b4e,12390
8,4,bert_block,bert_block,0439dc90413fbf62331662f0d238b3b9f3dc492fb107cab825b1b27029fad690,334848
8,4,darknet19,darknet19,77de3a88bda4a271c19a2103125c834ad84becbc61ef62a38ff98af0d6b5995d,174839
8,4,densenet,densenet,33e630fbe5fa82fabc74d1e0de9efe43093a5daf2e57427156fed9e4a0ac3382,187306
8,4,gnmt,gnmt,54cb68e961d45ad2bef18546a017d399b603c9c1066db35d115a1cfe2c800bff,30708
8,4,googlenet,googlenet,c8d68d8d1e9f0533a77821bba2a4f93d8cf7b84c83b547d0f137e2f64913562c,117848
8,4,gpt_decode_block,gpt_decode_block,231bb19845645d451ae696f1b5ca3f596ff190086fb4a82b8db1409bfc118b4e,12390
8,4,gpt_prefill_block,gpt_prefill_block,e942000fb27b005221270ea39be000c3bbdbc4e4fb519f1a578e94b2ece4238e,638400
8,4,inception_resnet_v1,inception_resnet_v1,ccf1c128154862723d04d1fdad3abe9f57c35a138742c47a1b8b0f83b3244aa9,429735
8,4,lstm,lstm,1dfd3fb23122a1631d11d1d7d86f8c81d3d11e3be6a0f9f58261011dc37af412,30577
8,4,pnasnet,pnasnet,1eceaf8d1886b3f77c154f50819198e51103ec72abcc0ef8c233f78ccfa1c953,2463974
8,4,resnet101,resnet101,5c12e46e039d43300b8910082523ac8512b8c6e3cd0103eb522b01e7c86b109e,488724
8,4,resnet152,resnet152,603760bc0298f4fc07036955ac87f764348d62b73d39006c4db6acedc0507640,723532
8,4,resnet50,resnet50,3213e499fed8b4d93f1ff7678079fda3f9a1c6d27b8cbf6073b25cf1b33b8c4d,255484
8,4,resnext50,resnext50,65517a26b73dbc9c2f656d5750b6343e60e0b57f6937a736d139975ef0d730f1,146458
8,4,transformer,transformer,5780b708167d1bf1abacc627276b6c9fed2446e6c598360185006d7cbc9794bf,1749504
8,4,transformer_cell,transformer_cell,6eaab023f27d76aea9401425190e7ba69754a762c0ebf66c05e3a0a4cca933da,305664
8,4,vgg19,vgg19,5caea1c7a8afe28b1e08db2cebdd9fb730af04ac0dc46a966730781dfdf4550b,1198442
8,16,ALL17,darknet19,f65eb1c571512017986d6c56ad874db22064532d8e487d94b0584d3ad57a4689,47948
8,16,ALL17,vgg19,506495881d83cdcd252f816570f599bb7abaf5dfab29727da1e821963e98c853,305389
8,16,ALL17,resnet50,fe6fe9ecb2f7e80f91ddd6b5a4789db615c4edf4887a354a7dac7efef4dbb1ca,71279
8,16,ALL17,googlenet,dfe8f171623a2d7efa2e8e32a47d9fa1d5c398792348b309156ec3e7f6c352d6,32827
8,16,ALL17,resnet101,cdd1df9f354c519717e790dd2fc07cf817797e721d1726e5505d03b63db0d7ca,137443
8,16,ALL17,densenet,074d075be3f1665e605020b3429e76ced5364045a606543df19c6b17f27a7a5a,54056
8,16,ALL17,inception_resnet_v1,4f242dc6a3ea8f20adee9d4f7ea16c01bdef005efafab5f4f2f38e993fe65f33,129035
8,16,ALL17,gnmt,b0ec72cee84a0f56856ff6ab22134a5241f7395391073054f1c4622106ec7d0a,33676
8,16,ALL17,lstm,b25bb2b4a699ba0621edce8e66d2b8765236783cfe5c6f293069ca64586c96a0,35076
8,16,ALL17,transformer,ec59af075c74e2fe2f5682f55e8447e125eb303d1c3111f05d5fdc788b5b98da,476160
8,16,ALL17,transformer_cell,661e94ae42a834d58ea04fed5d43a4e8f153e82f002c12d66130884e78b3c51f,83200
8,16,ALL17,pnasnet,544ae8948520b629bf3a8f9a31078f1c147f196da7fb617522a777bb63710b15,716917
8,16,ALL17,resnext50,5404c7141aa97f3df9a815b60e7f75f6470b13feeb87f7ce4a51ece5434bad11,41734
8,16,ALL17,resnet152,92a7d3d2324c0d2e93d47546842d21aefd17cff681d1bb1f73d1da9e9961ab85,204391
8,16,ALL17,bert_block,a112bbdc09347af1215d14ffd3e6f690754673018032d9a42351d3c876485fc0,88064
8,16,ALL17,gpt_prefill_block,81a6c1e51696a80e48085153474bdd6730f74334675a0b85e4e0382a151fd10b,166400
8,16,ALL17,gpt_decode_block,19e2f3ff37381ae2fe7ec4571d95ac1bb88d410e686a071429ac62580914418e,7537
8,16,CNN,darknet19,f65eb1c571512017986d6c56ad874db22064532d8e487d94b0584d3ad57a4689,47948
8,16,CNN,vgg19,506495881d83cdcd252f816570f599bb7abaf5dfab29727da1e821963e98c853,305389
8,16,CNN,resnet50,fe6fe9ecb2f7e80f91ddd6b5a4789db615c4edf4887a354a7dac7efef4dbb1ca,71279
8,16,CNN,googlenet,dfe8f171623a2d7efa2e8e32a47d9fa1d5c398792348b309156ec3e7f6c352d6,32827
8,16,CNN,resnet101,cdd1df9f354c519717e790dd2fc07cf817797e721d1726e5505d03b63db0d7ca,137443
8,16,CNN,densenet,074d075be3f1665e605020b3429e76ced5364045a606543df19c6b17f27a7a5a,54056
8,16,CNN,inception_resnet_v1,4f242dc6a3ea8f20adee9d4f7ea16c01bdef005efafab5f4f2f38e993fe65f33,129035
8,16,CNN,pnasnet,544ae8948520b629bf3a8f9a31078f1c147f196da7fb617522a777bb63710b15,716917
8,16,CNN,resnext50,5404c7141aa97f3df9a815b60e7f75f6470b13feeb87f7ce4a51ece5434bad11,41734
8,16,CNN,resnet152,92a7d3d2324c0d2e93d47546842d21aefd17cff681d1bb1f73d1da9e9961ab85,204391
8,16,RNN,gnmt,b0ec72cee84a0f56856ff6ab22134a5241f7395391073054f1c4622106ec7d0a,33676
8,16,RNN,lstm,b25bb2b4a699ba0621edce8e66d2b8765236783cfe5c6f293069ca64586c96a0,35076
8,16,Transformer,transformer,ec59af075c74e2fe2f5682f55e8447e125eb303d1c3111f05d5fdc788b5b98da,476160
8,16,Transformer,transformer_cell,661e94ae42a834d58ea04fed5d43a4e8f153e82f002c12d66130884e78b3c51f,83200
8,16,Transformer,bert_block,a112bbdc09347af1215d14ffd3e6f690754673018032d9a42351d3c876485fc0,88064
8,16,Transformer,gpt_prefill_block,81a6c1e51696a80e48085153474bdd6730f74334675a0b85e4e0382a151fd10b,166400
8,16,Transformer,gpt_decode_block,19e2f3ff37381ae2fe7ec4571d95ac1bb88d410e686a071429ac62580914418e,7537
8,16,bert_block,bert_block,a112bbdc09347af1215d14ffd3e6f690754673018032d9a42351d3c876485fc0,88064
8,16,darknet19,darknet19,f65eb1c571512017986d6c56ad874db22064532d8e487d94b0584d3ad57a4689,47948
8,16,densenet,densenet,074d075be3f1665e605020b3429e76ced5364045a606543df19c6b17f27a7a5a,54056
8,16,gnmt,gnmt,b0ec72cee84a0f56856ff6ab22134a5241f7395391073054f1c4622106ec7d0a,33676
8,16,googlenet,googlenet,dfe8f171623a2d7efa2e8e32a47d9fa1d5c398792348b309156ec3e7f6c352d6,32827
8,16,gpt_decode_block,gpt_decode_block,19e2f3ff37381ae2fe7ec4571d95ac1bb88d410e686a071429ac62580914418e,7537
8,16,gpt_prefill_block,gpt_prefill_block,81a6c1e51696a80e48085153474bdd6730f74334675a0b85e4e0382a151fd10b,166400
8,16,inception_resnet_v1,inception_resnet_v1,4f242dc6a3ea8f20adee9d4f7ea16c01bdef005efafab5f4f2f38e993fe65f33,129035
8,16,lstm,lstm,b25bb2b4a699ba0621edce8e66d2b8765236783cfe5c6f293069ca64586c96a0,35076
8,16,pnasnet,pnasnet,544ae8948520b629bf3a8f9a31078f1c147f196da7fb617522a777bb63710b15,716917
8,16,resnet101,resnet101,cdd1df9f354c519717e790dd2fc07cf817797e721d1726e5505d03b63db0d7ca,137443
8,16,resnet152,resnet152,92a7d3d2324c0d2e93d47546842d21aefd17cff681d1bb1f73d1da9e9961ab85,204391
8,16,resnet50,resnet50,fe6fe9ecb2f7e80f91ddd6b5a4789db615c4edf4887a354a7dac7efef4dbb1ca,71279
8,16,resnext50,resnext50,5404c7141aa97f3df9a815b60e7f75f6470b13feeb87f7ce4a51ece5434bad11,41734
8,16,transformer,transformer,ec59af075c74e2fe2f5682f55e8447e125eb303d1c3111f05d5fdc788b5b98da,476160
8,16,transformer_cell,transformer_cell,661e94ae42a834d58ea04fed5d43a4e8f153e82f002c12d66130884e78b3c51f,83200
8,16,vgg19,vgg19,506495881d83cdcd252f816570f599bb7abaf5dfab29727da1e821963e98c853,305389
16,1,ALL17,darknet19,e34517f3801a33b40a3a4003fa37a8b88d178e27ed6a2c55a0a7400f8e9a804a,348781
16,1,ALL17,vgg19,02556a3a4a776ea0f8d1d1ceb85eba00f3c8d83b68cc150930356d3dd281b122,2396884
16,1,ALL17,resnet50,5915c3ec7d38fa55d3b03deb06f93606a4a3136e97aa5e4f9bf97a6eaf869860,501781
16,1,ALL17,googlenet,27fa36eaa98fce4d560eb4e9ef9b3280ccac536be7de23ae1a615b043c696706,231991
16,1,ALL17,resnet101,2f37063ce9d4b9fb9e1f12f4f343007763ef408d7f27e997d30ca0f1f77212ea,968261
16,1,ALL17,densenet,1b414742cf9c1ee630ded902cd06a40eea8af99ee4850101c0e33e72b23267bf,361563
16,1,ALL17,inception_resnet_v1,1a208d71fdea97ba06b8b039c2edf313e68ef86046a80f0082f01562974a5d9e,828861
16,1,ALL17,gnmt,f9aa80f2ac8b004f70585cc266b13c836435173c0fa9c76ad2f02d1f1c20c956,31468
16,1,ALL17,lstm,12b879770ca261450d18737d272468e02438c9a0b8ec779a5f79819b76c28519,31436
16,1,ALL17,transformer,817db136f3e012c4c0348cb6acc9bc52bc59f25d5e9a91a6094235d21d00e31d,3499008
16,1,ALL17,transformer_cell,a0163ce5001601c5e5ce7f1c3f89633d56c3408b25a42439c058bdff6478d17e,611328
16,1,ALL17,pnasnet,1ae0b5a32c200a35a23ecf3a6874f90e7ae76dce1439693e263b644fd9e083e1,4780895
16,1,ALL17,resnext50,f94cd68345081771da6a908fda525fd604c6f8f4056ed8b485a16dec52f3a9ea,289777
16,1,ALL17,resnet152,d34b763f04de61f55ce483eaea3c71f33d9bc57038d74a59cccc6049265ae425,1437877
16,1,ALL17,bert_block,0e25d76e84fc9dacbc1bcb604827c8cd5976f1b533d7815ad8e88989676ee4cf,669696
16,1,ALL17,gpt_prefill_block,8a153872e3fbacef8fffea73af765d53cee231025f026d3f2ed25a78db7fc886,1276800
16,1,ALL17,gpt_decode_block,087419b796ba428086b3d45b5784d1f34bbc0499358aa368dd12412fb7cd9559,13274
16,1,CNN,darknet19,e34517f3801a33b40a3a4003fa37a8b88d178e27ed6a2c55a0a7400f8e9a804a,348781
16,1,CNN,vgg19,02556a3a4a776ea0f8d1d1ceb85eba00f3c8d83b68cc150930356d3dd281b122,2396884
16,1,CNN,resnet50,5915c3ec7d38fa55d3b03deb06f93606a4a3136e97aa5e4f9bf97a6eaf869860,501781
16,1,CNN,googlenet,27fa36eaa98fce4d560eb4e9ef9b3280ccac536be7de23ae1a615b043c696706,231991
16,1,CNN,resnet101,2f37063ce9d4b9fb9e1f12f4f343007763ef408d7f27e997d30ca0f1f77212ea,968261
16,1,CNN,densenet,1b414742cf9c1ee630ded902cd06a40eea8af99ee4850101c0e33e72b23267bf,361563
16,1,CNN,inception_resnet_v1,1a208d71fdea97ba06b8b039c2edf313e68ef86046a80f0082f01562974a5d9e,828861
16,1,CNN,pnasnet,1ae0b5a32c200a35a23ecf3a6874f90e7ae76dce1439693e263b644fd9e083e1,4780895
16,1,CNN,resnext50,f94cd68345081771da6a908fda525fd604c6f8f4056ed8b485a16dec52f3a9ea,289777
16,1,CNN,resnet152,d34b763f04de61f55ce483eaea3c71f33d9bc57038d74a59cccc6049265ae425,1437877
16,1,RNN,gnmt,f9aa80f2ac8b004f70585cc266b13c836435173c0fa9c76ad2f02d1f1c20c956,31468
16,1,RNN,lstm,12b879770ca261450d18737d272468e02438c9a0b8ec779a5f79819b76c28519,31436
16,1,Transformer,transformer,817db136f3e012c4c0348cb6acc9bc52bc59f25d5e9a91a6094235d21d00e31d,3499008
16,1,Transformer,transformer_cell,a0163ce5001601c5e5ce7f1c3f89633d56c3408b25a42439c058bdff6478d17e,611328
16,1,Transformer,bert_block,0e25d76e84fc9dacbc1bcb604827c8cd5976f1b533d7815ad8e88989676ee4cf,669696
16,1,Transformer,gpt_prefill_block,8a153872e3fbacef8fffea73af765d53cee231025f026d3f2ed25a78db7fc886,1276800
16,1,Transformer,gpt_decode_block,087419b796ba428086b3d45b5784d1f34bbc0499358aa368dd12412fb7cd9559,13274
16,1,bert_block,bert_block,0e25d76e84fc9dacbc1bcb604827c8cd5976f1b533d7815ad8e88989676ee4cf,669696
16,1,darknet19,darknet19,e34517f3801a33b40a3a4003fa37a8b88d178e27ed6a2c55a0a7400f8e9a804a,348781
16,1,densenet,densenet,1b414742cf9c1ee630ded902cd06a40eea8af99ee4850101c0e33e72b23267bf,361563
16,1,gnmt,gnmt,f9aa80f2ac8b004f70585cc266b13c836435173c0fa9c76ad2f02d1f1c20c956,31468
16,1,googlenet,googlenet,27fa36eaa98fce4d560eb4e9ef9b3280ccac536be7de23ae1a615b043c696706,231991
16,1,gpt_decode_block,gpt_decode_block,087419b796ba428086b3d45b5784d1f34bbc0499358aa368dd12412fb7cd9559,13274
16,1,gpt_prefill_block,gpt_prefill_block,8a153872e3fbacef8fffea73af765d53cee231025f026d3f2ed25a78db7fc886,1276800
16,1,inception_resnet_v1,inception_resnet_v1,1a208d71fdea97ba06b8b039c2edf313e68ef86046a80f0082f01562974a5d9e,828861
16,1,lstm,lstm,12b879770ca261450d18737d272468e02438c9a0b8ec779a5f79819b76c28519,31436
16,1,pnasnet,pnasnet,1ae0b5a32c200a35a23ecf3a6874f90e7ae76dce1439693e263b644fd9e083e1,4780895
16,1,resnet101,resnet101,2f37063ce9d4b9fb9e1f12f4f343007763ef408d7f27e997d30ca0f1f77212ea,968261
16,1,resnet152,resnet152,d34b763f04de61f55ce483eaea3c71f33d9bc57038d74a59cccc6049265ae425,1437877
16,1,resnet50,resnet50,5915c3ec7d38fa55d3b03deb06f93606a4a3136e97aa5e4f9bf97a6eaf869860,501781
16,1,resnext50,resnext50,f94cd68345081771da6a908fda525fd604c6f8f4056ed8b485a16dec52f3a9ea,289777
16,1,transformer,transformer,817db136f3e012c4c0348cb6acc9bc52bc59f25d5e9a91a6094235d21d00e31d,3499008
16,1,transformer_cell,transformer_cell,a0163ce5001601c5e5ce7f1c3f89633d56c3408b25a42439c058bdff6478d17e,611328
16,1,vgg19,vgg19,02556a3a4a776ea0f8d1d1ceb85eba00f3c8d83b68cc150930356d3dd281b122,2396884
16,4,ALL17,darknet19,61b914099c59b2877d5d4d66131e4a59ec5cd97e4ae959989ff40731ec3a9bb0,90892
16,4,ALL17,vgg19,4ab4a9470720e877c514f35aff61a31fa8599a40e1964ce68311578230a44e9e,599221
16,4,ALL17,resnet50,ffd2a81e0e74ff3a6c5fda9325b5d46fa13798ac5ddb7968be3322a26cfc13d8,132399
16,4,ALL17,googlenet,c3f9c9e23cdcf37b7cf5ee94d885c593ae540fd710fe6cebe045e9e16c816f9d,62110
16,4,ALL17,resnet101,f527a913986c6babcf360d576479af6664152693331da80049b56976e4f90e2f,261395
16,4,ALL17,densenet,a8eb6442a987026511ff1093b771336676ce45309539dc7626ebfcda4243ccf9,96246
16,4,ALL17,inception_resnet_v1,444f0c31702bd1544337c23ab665da240cb20d3bf038f63fe068e3c023b211f7,227352
16,4,ALL17,gnmt,5332df17ede1df99b2c7644d48be59923b8e5a000b4ebd7261cddddf228a0036,29942
16,4,ALL17,lstm,804e4c99c3e3af1b553d9b90f059db9ad49d6de03025c6855f9f7380210ac4b8,30327
16,4,ALL17,transformer,827ce2f22ed339b76dbf7858df636869a2fea59bf739cd20173d9e5449e21a41,898048
16,4,ALL17,transformer_cell,52587e24635b06c6f9ac7e6b7dd544541390b8fcd79959adde6b7ae7136289c0,156928
16,4,ALL17,pnasnet,f2d71829e7377e227100c47b3fc61069658253b98d630dbfc5bbec08db787b7a,1287329
16,4,ALL17,resnext50,4467f984a072d65b2b3770a2f227fc1cb3e4a2017990b92277a55fa7aa4820b3,74988
16,4,ALL17,resnet152,9a4a106c0f5e0219d828019bc96de66a4711b689e9819e854c1dfe48270a40e8,388262
16,4,ALL17,bert_block,130b9f54aef199dedd1969d61e62407fdb1e3754ab9a13566144454a3d54e5a2,169984
16,4,ALL17,gpt_prefill_block,bc5c639bd9604879570194a5f3697215cf16028e8b277ad8d1e2f16a28b24cae,323200
16,4,ALL17,gpt_decode_block,220e5a89e939e774b3b0229c5ab1bbf0316abcf6b5be95176e8546271f901600,11244
16,4,CNN,darknet19,61b914099c59b2877d5d4d66131e4a59ec5cd97e4ae959989ff40731ec3a9bb0,90892
16,4,CNN,vgg19,4ab4a9470720e877c514f35aff61a31fa8599a40e1964ce68311578230a44e9e,599221
16,4,CNN,resnet50,ffd2a81e0e74ff3a6c5fda9325b5d46fa13798ac5ddb7968be3322a26cfc13d8,132399
16,4,CNN,googlenet,c3f9c9e23cdcf37b7cf5ee94d885c593ae540fd710fe6cebe045e9e16c816f9d,62110
16,4,CNN,resnet101,f527a913986c6babcf360d576479af6664152693331da80049b56976e4f90e2f,261395
16,4,CNN,densenet,a8eb6442a987026511ff1093b771336676ce45309539dc7626ebfcda4243ccf9,96246
16,4,CNN,inception_resnet_v1,444f0c31702bd1544337c23ab665da240cb20d3bf038f63fe068e3c023b211f7,227352
16,4,CNN,pnasnet,f2d71829e7377e227100c47b3fc61069658253b98d630dbfc5bbec08db787b7a,1287329
16,4,CNN,resnext50,4467f984a072d65b2b3770a2f227fc1cb3e4a2017990b92277a55fa7aa4820b3,74988
16,4,CNN,resnet152,9a4a106c0f5e0219d828019bc96de66a4711b689e9819e854c1dfe48270a40e8,388262
16,4,Transformer,transformer,827ce2f22ed339b76dbf7858df636869a2fea59bf739cd20173d9e5449e21a41,898048
16,4,Transformer,transformer_cell,52587e24635b06c6f9ac7e6b7dd544541390b8fcd79959adde6b7ae7136289c0,156928
16,4,Transformer,bert_block,130b9f54aef199dedd1969d61e62407fdb1e3754ab9a13566144454a3d54e5a2,169984
16,4,Transformer,gpt_prefill_block,bc5c639bd9604879570194a5f3697215cf16028e8b277ad8d1e2f16a28b24cae,323200
16,4,Transformer,gpt_decode_block,220e5a89e939e774b3b0229c5ab1bbf0316abcf6b5be95176e8546271f901600,11244
16,4,bert_block,bert_block,130b9f54aef199dedd1969d61e62407fdb1e3754ab9a13566144454a3d54e5a2,169984
16,4,darknet19,darknet19,61b914099c59b2877d5d4d66131e4a59ec5cd97e4ae959989ff40731ec3a9bb0,90892
16,4,densenet,densenet,a8eb6442a987026511ff1093b771336676ce45309539dc7626ebfcda4243ccf9,96246
16,4,gnmt,gnmt,5332df17ede1df99b2c7644d48be59923b8e5a000b4ebd7261cddddf228a0036,29942
16,4,googlenet,googlenet,c3f9c9e23cdcf37b7cf5ee94d885c593ae540fd710fe6cebe045e9e16c816f9d,62110
16,4,gpt_decode_block,gpt_decode_block,220e5a89e939e774b3b0229c5ab1bbf0316abcf6b5be95176e8546271f901600,11244
16,4,gpt_prefill_block,gpt_prefill_block,bc5c639bd9604879570194a5f3697215cf16028e8b277ad8d1e2f16a28b24cae,323200
16,4,inception_resnet_v1,inception_resnet_v1,444f0c31702bd1544337c23ab665da240cb20d3bf038f63fe068e3c023b211f7,227352
16,4,lstm,lstm,804e4c99c3e3af1b553d9b90f059db9ad49d6de03025c6855f9f7380210ac4b8,30327
16,4,pnasnet,pnasnet,f2d71829e7377e227100c47b3fc61069658253b98d630dbfc5bbec08db787b7a,1287329
16,4,resnet101,resnet101,f527a913986c6babcf360d576479af6664152693331da80049b56976e4f90e2f,261395
16,4,resnet152,resnet152,9a4a106c0f5e0219d828019bc96de66a4711b689e9819e854c1dfe48270a40e8,388262
16,4,resnet50,resnet50,ffd2a81e0e74ff3a6c5fda9325b5d46fa13798ac5ddb7968be3322a26cfc13d8,132399
16,4,resnext50,resnext50,4467f984a072d65b2b3770a2f227fc1cb3e4a2017990b92277a55fa7aa4820b3,74988
16,4,transformer,transformer,827ce2f22ed339b76dbf7858df636869a2fea59bf739cd20173d9e5449e21a41,898048
16,4,transformer_cell,transformer_cell,52587e24635b06c6f9ac7e6b7dd544541390b8fcd79959adde6b7ae7136289c0,156928
16,4,vgg19,vgg19,4ab4a9470720e877c514f35aff61a31fa8599a40e1964ce68311578230a44e9e,599221
16,16,ALL17,darknet19,16c07e40e74fc58e9908b6b778a584cc5839170b80cf9e5ba0561ed0fceee0df,25900
16,16,ALL17,vgg19,04e2b8dcf7e09c8e1bc73878486f3df681a6bb4340ce0cc45f9eed64b3572fdf,155197
16,16,ALL17,resnet50,60c93b33f0abf1e3f3258368cf4d90053f9bb50d062b51045bd1708c2df18060,42643
16,16,ALL17,googlenet,db14802cc4ccce870e8ac4850ce53373dea5d68d7f8077fda6a875dec3f83749,18887
16,16,ALL17,resnet101,64da2256696c5b7f7885e6794730021d55e5eb1a47ad1de081a318c625c93691,79398
16,16,ALL17,densenet,cb170db5f46465d8da0d5cc37c53205664adccd8394cfa8b54d7a1a6c6492325,31905
16,16,ALL17,inception_resnet_v1,4ee5eb2ada69c022a66d993bd40678a21200d403a659f560ae88af42ebb56abe,84514
16,16,ALL17,gnmt,e46f84c214cd134d84bc45cd2533ab24d31a80a2d1432507ab6a7a62ce73fd57,34918
16,16,ALL17,lstm,a54eebdede23e55937b940ab3ac1ade5dd5c9e14704a1b7e7f77248df6911f73,47508
16,16,ALL17,transformer,9dc3cfa9067f8f321a1c4acd3fb7ec7047c914c9dc5dad018f75aff6c6b582ca,282352
16,16,ALL17,transformer_cell,7a8616af77c9e617858da4d5d7e5a35138607b575e7fd3122751665da2e3dd76,49192
16,16,ALL17,pnasnet,8fd012c7c9a168d76f269580cf6d3028e6ff818e792295a3d6571065034d82c8,424661
16,16,ALL17,resnext50,b18d9c2a42829b598443da9e3243d3792b04568f782a4edd599b98a7aa945cc1,27498
16,16,ALL17,resnet152,5057705d9c413255ebce2ba8f58fcf8a864de880cfedb2cc90be47e730871b37,116486
16,16,ALL17,bert_block,e2ec857aa3913de7733c7e4fc9348c40417a59ee57685332affe0596697d9f38,49632
16,16,ALL17,gpt_prefill_block,4cdbd5f8bbcd8489acdc52bf84eedc239f7c18823d49556f6d2ac959a4a06c89,92503
16,16,ALL17,gpt_decode_block,3ce8ad563905177611e234da1aaf97ba0d4c7e8d61c6098871d330e2d683d4c0,7571
16,16,CNN,darknet19,16c07e40e74fc58e9908b6b778a584cc5839170b80cf9e5ba0561ed0fceee0df,25900
16,16,CNN,vgg19,04e2b8dcf7e09c8e1bc73878486f3df681a6bb4340ce0cc45f9eed64b3572fdf,155197
16,16,CNN,resnet50,60c93b33f0abf1e3f3258368cf4d90053f9bb50d062b51045bd1708c2df18060,42643
16,16,CNN,googlenet,db14802cc4ccce870e8ac4850ce53373dea5d68d7f8077fda6a875dec3f83749,18887
16,16,CNN,resnet101,64da2256696c5b7f7885e6794730021d55e5eb1a47ad1de081a318c625c93691,79398
16,16,CNN,densenet,cb170db5f46465d8da0d5cc37c53205664adccd8394cfa8b54d7a1a6c6492325,31905
16,16,CNN,inception_resnet_v1,4ee5eb2ada69c022a66d993bd40678a21200d403a659f560ae88af42ebb56abe,84514
16,16,CNN,pnasnet,8fd012c7c9a168d76f269580cf6d3028e6ff818e792295a3d6571065034d82c8,424661
16,16,CNN,resnext50,b18d9c2a42829b598443da9e3243d3792b04568f782a4edd599b98a7aa945cc1,27498
16,16,CNN,resnet152,5057705d9c413255ebce2ba8f58fcf8a864de880cfedb2cc90be47e730871b37,116486
16,16,RNN,gnmt,e46f84c214cd134d84bc45cd2533ab24d31a80a2d1432507ab6a7a62ce73fd57,34918
16,16,RNN,lstm,a54eebdede23e55937b940ab3ac1ade5dd5c9e14704a1b7e7f77248df6911f73,47508
16,16,Transformer,transformer,9dc3cfa9067f8f321a1c4acd3fb7ec7047c914c9dc5dad018f75aff6c6b582ca,282352
16,16,Transformer,transformer_cell,7a8616af77c9e617858da4d5d7e5a35138607b575e7fd3122751665da2e3dd76,49192
16,16,Transformer,bert_block,e2ec857aa3913de7733c7e4fc9348c40417a59ee57685332affe0596697d9f38,49632
16,16,Transformer,gpt_prefill_block,4cdbd5f8bbcd8489acdc52bf84eedc239f7c18823d49556f6d2ac959a4a06c89,92503
16,16,Transformer,gpt_decode_block,3ce8ad563905177611e234da1aaf97ba0d4c7e8d61c6098871d330e2d683d4c0,7571
16,16,bert_block,bert_block,e2ec857aa3913de7733c7e4fc9348c40417a59ee57685332affe0596697d9f38,49632
16,16,darknet19,darknet19,16c07e40e74fc58e9908b6b778a584cc5839170b80cf9e5ba0561ed0fceee0df,25900
16,16,densenet,densenet,cb170db5f46465d8da0d5cc37c53205664adccd8394cfa8b54d7a1a6c6492325,31905
16,16,gnmt,gnmt,e46f84c214cd134d84bc45cd2533ab24d31a80a2d1432507ab6a7a62ce73fd57,34918
16,16,googlenet,googlenet,db14802cc4ccce870e8ac4850ce53373dea5d68d7f8077fda6a875dec3f83749,18887
16,16,gpt_decode_block,gpt_decode_block,3ce8ad563905177611e234da1aaf97ba0d4c7e8d61c6098871d330e2d683d4c0,7571
16,16,gpt_prefill_block,gpt_prefill_block,4cdbd5f8bbcd8489acdc52bf84eedc239f7c18823d49556f6d2ac959a4a06c89,92503
16,16,inception_resnet_v1,inception_resnet_v1,4ee5eb2ada69c022a66d993bd40678a21200d403a659f560ae88af42ebb56abe,84514
16,16,lstm,lstm,a54eebdede23e55937b940ab3ac1ade5dd5c9e14704a1b7e7f77248df6911f73,47508
16,16,pnasnet,pnasnet,8fd012c7c9a168d76f269580cf6d3028e6ff818e792295a3d6571065034d82c8,424661
16,16,resnet101,resnet101,64da2256696c5b7f7885e6794730021d55e5eb1a47ad1de081a318c625c93691,79398
16,16,resnet152,resnet152,5057705d9c413255ebce2ba8f58fcf8a864de880cfedb2cc90be47e730871b37,116486
16,16,resnet50,resnet50,60c93b33f0abf1e3f3258368cf4d90053f9bb50d062b51045bd1708c2df18060,42643
16,16,resnext50,resnext50,b18d9c2a42829b598443da9e3243d3792b04568f782a4edd599b98a7aa945cc1,27498
16,16,transformer,transformer,9dc3cfa9067f8f321a1c4acd3fb7ec7047c914c9dc5dad018f75aff6c6b582ca,282352
16,16,transformer_cell,transformer_cell,7a8616af77c9e617858da4d5d7e5a35138607b575e7fd3122751665da2e3dd76,49192
16,16,vgg19,vgg19,04e2b8dcf7e09c8e1bc73878486f3df681a6bb4340ce0cc45f9eed64b3572fdf,155197
32,1,ALL17,darknet19,1316315c273bd32ad48c642b1ab2397f82c532901e9ea23b03b5de7651ae1a06,174839
32,1,ALL17,vgg19,faeacdc744b2d16b4412b85a5cc334baa351140de70947c1f8be3694e5c82c32,1198442
32,1,ALL17,resnet50,d96e3260ff51011ee1995d4e02543c8dd51a5fbe6b1af968e3918b52e8022928,255035
32,1,ALL17,googlenet,152ed2d94efedf7fc1b7429141feeb184199c94feef53d8db0bfaac4f317adf1,117624
32,1,ALL17,resnet101,484c35927bde7ad16b7ecf3e03f92a6f92a2db7f56681b8e41264363e27d0216,488275
32,1,ALL17,densenet,333b72e0012aa388dcdae618d08f405a00630bab698d59b2fe0785c455a0bf91,187082
32,1,ALL17,inception_resnet_v1,de0734c9cdaaec62d9fa0271d3035460f060275d3a11bc0ea5c6cbf77a26e265,428640
32,1,ALL17,gnmt,2d48458bffb1ccb03f97849d25c2d7ecde91a59c981992efd56fca6f57d0a414,15730
32,1,ALL17,lstm,b922596fbe13fe439689d9dc76ebf29e15f398c3c00789a5b8ea56dec12b2715,15714
32,1,ALL17,transformer,fbc7c109f7ccff07f4ed978ddfca0fbfbe4263713642f587aa31da0ec0e344d8,1749504
32,1,ALL17,transformer_cell,1389c48d0bf13fb810a27a3b6a5be0f329b169d2c8f350a4651d1b0da070754b,305664
32,1,ALL17,pnasnet,6216c2508eda50bb07d5b59c9001e277ccfb0dd7ff908585ca30f94d7cb724bc,2464435
32,1,ALL17,resnext50,b0c5d6b16fdd501a6a6915f0c860383549f3b5202bb2675760b1814bc42a8ae5,146009
32,1,ALL17,resnet152,55876885fae274c5b4e0d4a06a2c23ec34da7b0d90519f08c8faccd857767c83,723083
32,1,ALL17,bert_block,151f284cda79f191b443927a88daec03b8a7228cb8a1c1c6670f2ed8a063b195,334848
32,1,ALL17,gpt_prefill_block,fc1ff0dbd9d639580dae2e0797a8e66faaa14c98ee6ca4e4276f32cc79946461,638400
32,1,ALL17,gpt_decode_block,4b274ed7b0b12e6b07c0af48777fd1efc53d4c9418e9b9879410142712bda49e,8242
32,1,CNN,darknet19,1316315c273bd32ad48c642b1ab2397f82c532901e9ea23b03b5de7651ae1a06,174839
32,1,CNN,vgg19,faeacdc744b2d16b4412b85a5cc334baa351140de70947c1f8be3694e5c82c32,1198442
32,1,CNN,resnet50,d96e3260ff51011ee1995d4e02543c8dd51a5fbe6b1af968e3918b52e8022928,255035
32,1,CNN,googlenet,152ed2d94efedf7fc1b7429141feeb184199c94feef53d8db0bfaac4f317adf1,117624
32,1,CNN,resnet101,484c35927bde7ad16b7ecf3e03f92a6f92a2db7f56681b8e41264363e27d0216,488275
32,1,CNN,densenet,333b72e0012aa388dcdae618d08f405a00630bab698d59b2fe0785c455a0bf91,187082
32,1,CNN,inception_resnet_v1,de0734c9cdaaec62d9fa0271d3035460f060275d3a11bc0ea5c6cbf77a26e265,428640
32,1,CNN,pnasnet,6216c2508eda50bb07d5b59c9001e277ccfb0dd7ff908585ca30f94d7cb724bc,2464435
32,1,CNN,resnext50,b0c5d6b16fdd501a6a6915f0c860383549f3b5202bb2675760b1814bc42a8ae5,146009
32,1,CNN,resnet152,55876885fae274c5b4e0d4a06a2c23ec34da7b0d90519f08c8faccd857767c83,723083
32,1,RNN,gnmt,2d48458bffb1ccb03f97849d25c2d7ecde91a59c981992efd56fca6f57d0a414,15730
32,1,RNN,lstm,b922596fbe13fe439689d9dc76ebf29e15f398c3c00789a5b8ea56dec12b2715,15714
32,1,Transformer,transformer,fbc7c109f7ccff07f4ed978ddfca0fbfbe4263713642f587aa31da0ec0e344d8,1749504
32,1,Transformer,transformer_cell,1389c48d0bf13fb810a27a3b6a5be0f329b169d2c8f350a4651d1b0da070754b,305664
32,1,Transformer,bert_block,151f284cda79f191b443927a88daec03b8a7228cb8a1c1c6670f2ed8a063b195,334848
32,1,Transformer,gpt_prefill_block,fc1ff0dbd9d639580dae2e0797a8e66faaa14c98ee6ca4e4276f32cc79946461,638400
32,1,Transformer,gpt_decode_block,4b274ed7b0b12e6b07c0af48777fd1efc53d4c9418e9b9879410142712bda49e,8242
32,1,bert_block,bert_block,151f284cda79f191b443927a88daec03b8a7228cb8a1c1c6670f2ed8a063b195,334848
32,1,darknet19,darknet19,1316315c273bd32ad48c642b1ab2397f82c532901e9ea23b03b5de7651ae1a06,174839
32,1,densenet,densenet,333b72e0012aa388dcdae618d08f405a00630bab698d59b2fe0785c455a0bf91,187082
32,1,gnmt,gnmt,2d48458bffb1ccb03f97849d25c2d7ecde91a59c981992efd56fca6f57d0a414,15730
32,1,googlenet,googlenet,152ed2d94efedf7fc1b7429141feeb184199c94feef53d8db0bfaac4f317adf1,117624
32,1,gpt_decode_block,gpt_decode_block,4b274ed7b0b12e6b07c0af48777fd1efc53d4c9418e9b9879410142712bda49e,8242
32,1,gpt_prefill_block,gpt_prefill_block,fc1ff0dbd9d639580dae2e0797a8e66faaa14c98ee6ca4e4276f32cc79946461,638400
32,1,inception_resnet_v1,inception_resnet_v1,de0734c9cdaaec62d9fa0271d3035460f060275d3a11bc0ea5c6cbf77a26e265,428640
32,1,lstm,lstm,b922596fbe13fe439689d9dc76ebf29e15f398c3c00789a5b8ea56dec12b2715,15714
32,1,pnasnet,pnasnet,6216c2508eda50bb07d5b59c9001e277ccfb0dd7ff908585ca30f94d7cb724bc,2464435
32,1,resnet101,resnet101,484c35927bde7ad16b7ecf3e03f92a6f92a2db7f56681b8e41264363e27d0216,488275
32,1,resnet152,resnet152,55876885fae274c5b4e0d4a06a2c23ec34da7b0d90519f08c8faccd857767c83,723083
32,1,resnet50,resnet50,d96e3260ff51011ee1995d4e02543c8dd51a5fbe6b1af968e3918b52e8022928,255035
32,1,resnext50,resnext50,b0c5d6b16fdd501a6a6915f0c860383549f3b5202bb2675760b1814bc42a8ae5,146009
32,1,transformer,transformer,fbc7c109f7ccff07f4ed978ddfca0fbfbe4263713642f587aa31da0ec0e344d8,1749504
32,1,transformer_cell,transformer_cell,1389c48d0bf13fb810a27a3b6a5be0f329b169d2c8f350a4651d1b0da070754b,305664
32,1,vgg19,vgg19,faeacdc744b2d16b4412b85a5cc334baa351140de70947c1f8be3694e5c82c32,1198442
32,4,ALL17,darknet19,7ead3b3f1806efd663ec0bd96f03a4c2c912e0dd893c967584d8142fc347640d,47948
32,4,ALL17,vgg19,4316b330c646bf10ca87a12d27b2991355775417cff49cfb104f72e096b8c239,305389
32,4,ALL17,resnet50,e32217050f5dfa58964a30cf9ff467f667d63e7a0b79747b3a70d40d3097860e,71279
32,4,ALL17,googlenet,66c7b7c2f833d3a2e599bbe852010189887cb4393b5bf65b46667cb18b85186d,32807
32,4,ALL17,resnet101,0588fbdbcf5bc31ba4d970f7891e40c72e71272a70afe01e18e4b33bf101c7ac,137443
32,4,ALL17,densenet,728b35af2fafcb7fbf3726e5345a6014565b4d3f3d9cfbf51cafbbdde97c4cc5,54030
32,4,ALL17,inception_resnet_v1,3d631a94166e70aba204e33a8dcbb15c88a6eea95a4a2daebba4f6f1a615005c,129035
32,4,ALL17,gnmt,559d94d57e9c0623c44fcac60705210490f088e373f154a01880d97af920b630,33736
32,4,ALL17,lstm,c9928b8524c7a84770fd93aedd9839bdc303b74321ef7319d0a8df5f7c6e0d4d,36032
32,4,ALL17,transformer,14d08af9c3273573468c65b788ef6197d20f539096cb3f5abb27603813c57d70,476160
32,4,ALL17,transformer_cell,27eb8db3015f68936f16af149ab3b45d1331a34313873ac343c380c1e67e50c0,83200
32,4,ALL17,pnasnet,49f11fd7f214caf3d7f703f795c51dcabc97c5b0e7b262ef294d56d550f136f4,716828
32,4,ALL17,resnext50,d45e94287cca6d85fdaf6478ed235fcdf189fe550b843528a417b203d6389fbf,41660
32,4,ALL17,resnet152,1ea7b89f266db4fc972866ee73b747e571816357c50564c275a8f333cf248518,204391
32,4,ALL17,bert_block,213ed8f8f22478474184e6dddadfe3a4d7b41a54c554165f62b591a65ca2b699,88064
32,4,ALL17,gpt_prefill_block,18f46ea719468267741ebac3a802ee30ebce07c7270edc652e17113f72cfee31,166400
32,4,ALL17,gpt_decode_block,059a917b9805414f301669951d2f42d868f9c985f9bfb83d4220ec906541b925,8265
32,4,CNN,darknet19,7ead3b3f1806efd663ec0bd96f03a4c2c912e0dd893c967584d8142fc347640d,47948
32,4,CNN,vgg19,4316b330c646bf10ca87a12d27b2991355775417cff49cfb104f72e096b8c239,305389
32,4,CNN,resnet50,e32217050f5dfa58964a30cf9ff467f667d63e7a0b79747b3a70d40d3097860e,71279
32,4,CNN,googlenet,66c7b7c2f833d3a2e599bbe852010189887cb4393b5bf65b46667cb18b85186d,32807
32,4,CNN,resnet101,0588fbdbcf5bc31ba4d970f7891e40c72e71272a70afe01e18e4b33bf101c7ac,137443
32,4,CNN,densenet,728b35af2fafcb7fbf3726e5345a6014565b4d3f3d9cfbf51cafbbdde97c4cc5,54030
32,4,CNN,inception_resnet_v1,3d631a94166e70aba204e33a8dcbb15c88a6eea95a4a2daebba4f6f1a615005c,129035
32,4,CNN,pnasnet,49f11fd7f214caf3d7f703f795c51dcabc97c5b0e7b262ef294d56d550f136f4,716828
32,4,CNN,resnext50,d45e94287cca6d85fdaf6478ed235fcdf189fe550b843528a417b203d6389fbf,41660
32,4,CNN,resnet152,1ea7b89f266db4fc972866ee73b747e571816357c50564c275a8f333cf248518,204391
32,4,RNN,gnmt,559d94d57e9c0623c44fcac60705210490f088e373f154a01880d97af920b630,33736
32,4,RNN,lstm,c9928b8524c7a84770fd93aedd9839bdc303b74321ef7319d0a8df5f7c6e0d4d,36032
32,4,Transformer,transformer,14d08af9c3273573468c65b788ef6197d20f539096cb3f5abb27603813c57d70,476160
32,4,Transformer,transformer_cell,27eb8db3015f68936f16af149ab3b45d1331a34313873ac343c380c1e67e50c0,83200
32,4,Transformer,bert_block,213ed8f8f22478474184e6dddadfe3a4d7b41a54c554165f62b591a65ca2b699,88064
32,4,Transformer,gpt_prefill_block,18f46ea719468267741ebac3a802ee30ebce07c7270edc652e17113f72cfee31,166400
32,4,Transformer,gpt_decode_block,059a917b9805414f301669951d2f42d868f9c985f9bfb83d4220ec906541b925,8265
32,4,bert_block,bert_block,213ed8f8f22478474184e6dddadfe3a4d7b41a54c554165f62b591a65ca2b699,88064
32,4,darknet19,darknet19,7ead3b3f1806efd663ec0bd96f03a4c2c912e0dd893c967584d8142fc347640d,47948
32,4,densenet,densenet,728b35af2fafcb7fbf3726e5345a6014565b4d3f3d9cfbf51cafbbdde97c4cc5,54030
32,4,gnmt,gnmt,559d94d57e9c0623c44fcac60705210490f088e373f154a01880d97af920b630,33736
32,4,googlenet,googlenet,66c7b7c2f833d3a2e599bbe852010189887cb4393b5bf65b46667cb18b85186d,32807
32,4,gpt_decode_block,gpt_decode_block,059a917b9805414f301669951d2f42d868f9c985f9bfb83d4220ec906541b925,8265
32,4,gpt_prefill_block,gpt_prefill_block,18f46ea719468267741ebac3a802ee30ebce07c7270edc652e17113f72cfee31,166400
32,4,inception_resnet_v1,inception_resnet_v1,3d631a94166e70aba204e33a8dcbb15c88a6eea95a4a2daebba4f6f1a615005c,129035
32,4,lstm,lstm,c9928b8524c7a84770fd93aedd9839bdc303b74321ef7319d0a8df5f7c6e0d4d,36032
32,4,pnasnet,pnasnet,49f11fd7f214caf3d7f703f795c51dcabc97c5b0e7b262ef294d56d550f136f4,716828
32,4,resnet101,resnet101,0588fbdbcf5bc31ba4d970f7891e40c72e71272a70afe01e18e4b33bf101c7ac,137443
32,4,resnet152,resnet152,1ea7b89f266db4fc972866ee73b747e571816357c50564c275a8f333cf248518,204391
32,4,resnet50,resnet50,e32217050f5dfa58964a30cf9ff467f667d63e7a0b79747b3a70d40d3097860e,71279
32,4,resnext50,resnext50,d45e94287cca6d85fdaf6478ed235fcdf189fe550b843528a417b203d6389fbf,41660
32,4,transformer,transformer,14d08af9c3273573468c65b788ef6197d20f539096cb3f5abb27603813c57d70,476160
32,4,transformer_cell,transformer_cell,27eb8db3015f68936f16af149ab3b45d1331a34313873ac343c380c1e67e50c0,83200
32,4,vgg19,vgg19,4316b330c646bf10ca87a12d27b2991355775417cff49cfb104f72e096b8c239,305389
32,16,ALL17,darknet19,65f6f791aec5af60e2bfcb04bdc6e8de1d4395e79b6af4f4b8d56be2006e8681,16048
32,16,ALL17,vgg19,19610fe21c3b2a1dda368ad0dcc70853e786c917ee391f98d1dddd7c3edeba6a,83629
32,16,ALL17,resnet50,5b1b5622bc7fa87af2250e1e9184c746cfcd0406029439812a5f52aa06ac1003,31224
32,16,ALL17,googlenet,7be7e2e93ab1397ad4aacae937d3da3df08d4b9c42b8eea00efaeb177ceaafc4,13767
32,16,ALL17,resnet101,70760f729a43604fb2b763468862bcb9764d472f6cc6ba32c4ea73b9a39c6c94,54547
32,16,ALL17,densenet,77132c8c69a2fc015475465f618917215f6a26c6125f4bc27e76ce37e7219cd9,25063
32,16,ALL17,inception_resnet_v1,5b95010296133c32e380accbdd1dda85af17ef822eed277a3c6b6751932c7adf,75789
32,16,ALL17,gnmt,cfec8dc81065558a59dab2231e1eeba7c128cc06a6fd840be7782e5d5d01e5d9,30762
32,16,ALL17,lstm,3e53420a63d8e0340cf53b165197f8eb423d67ef0195e6ab1e42c834990e8218,47598
32,16,ALL17,transformer,54c47622bd4890a227c93947b5f7085e02f70a421731a8ee75eb50c51fe3f431,196608
32,16,ALL17,transformer_cell,20c708c8657cc5eee2c76c9ae3135d69c49b42d108713cf2d95a85c812e9abf9,34048
32,16,ALL17,pnasnet,7c27486adef996df51f48c3475b4d368a23f21371e87791ca55705bfe4840484,286144
32,16,ALL17,resnext50,286ace5768d510f48b645a678ddbf4578a49dd0c633b1207b7e1b27f60bf8ace,23046
32,16,ALL17,resnet152,9524552345ed0cd6e4f1cfd7cb0e75d28b5c8d62bb719249cabe3b4f63cc9ab0,78445
32,16,ALL17,bert_block,2019bbfcef54390bd3e72232e5cb41b33ec77c841dbafddaf8796de7bb58ab6c,30982
32,16,ALL17,gpt_prefill_block,690954f4beb0bb6f62b0127aeeb8619785ff82009c8056e713d954d5a1a28572,61298
32,16,ALL17,gpt_decode_block,23bcca3b644a954f71c0f9a365a02df880946972c138cfc44e6524f4299830be,6112
32,16,CNN,darknet19,65f6f791aec5af60e2bfcb04bdc6e8de1d4395e79b6af4f4b8d56be2006e8681,16048
32,16,CNN,vgg19,19610fe21c3b2a1dda368ad0dcc70853e786c917ee391f98d1dddd7c3edeba6a,83629
32,16,CNN,resnet50,5b1b5622bc7fa87af2250e1e9184c746cfcd0406029439812a5f52aa06ac1003,31224
32,16,CNN,googlenet,7be7e2e93ab1397ad4aacae937d3da3df08d4b9c42b8eea00efaeb177ceaafc4,13767
32,16,CNN,resnet101,70760f729a43604fb2b763468862bcb9764d472f6cc6ba32c4ea73b9a39c6c94,54547
32,16,CNN,densenet,77132c8c69a2fc015475465f618917215f6a26c6125f4bc27e76ce37e7219cd9,25063
32,16,CNN,inception_resnet_v1,5b95010296133c32e380accbdd1dda85af17ef822eed277a3c6b6751932c7adf,75789
32,16,CNN,pnasnet,7c27486adef996df51f48c3475b4d368a23f21371e87791ca55705bfe4840484,286144
32,16,CNN,resnext50,286ace5768d510f48b645a678ddbf4578a49dd0c633b1207b7e1b27f60bf8ace,23046
32,16,CNN,resnet152,9524552345ed0cd6e4f1cfd7cb0e75d28b5c8d62bb719249cabe3b4f63cc9ab0,78445
32,16,RNN,gnmt,cfec8dc81065558a59dab2231e1eeba7c128cc06a6fd840be7782e5d5d01e5d9,30762
32,16,RNN,lstm,3e53420a63d8e0340cf53b165197f8eb423d67ef0195e6ab1e42c834990e8218,47598
32,16,Transformer,transformer,54c47622bd4890a227c93947b5f7085e02f70a421731a8ee75eb50c51fe3f431,196608
32,16,Transformer,transformer_cell,20c708c8657cc5eee2c76c9ae3135d69c49b42d108713cf2d95a85c812e9abf9,34048
32,16,Transformer,bert_block,2019bbfcef54390bd3e72232e5cb41b33ec77c841dbafddaf8796de7bb58ab6c,30982
32,16,Transformer,gpt_prefill_block,690954f4beb0bb6f62b0127aeeb8619785ff82009c8056e713d954d5a1a28572,61298
32,16,Transformer,gpt_decode_block,23bcca3b644a954f71c0f9a365a02df880946972c138cfc44e6524f4299830be,6112
32,16,bert_block,bert_block,2019bbfcef54390bd3e72232e5cb41b33ec77c841dbafddaf8796de7bb58ab6c,30982
32,16,darknet19,darknet19,65f6f791aec5af60e2bfcb04bdc6e8de1d4395e79b6af4f4b8d56be2006e8681,16048
32,16,densenet,densenet,77132c8c69a2fc015475465f618917215f6a26c6125f4bc27e76ce37e7219cd9,25063
32,16,gnmt,gnmt,cfec8dc81065558a59dab2231e1eeba7c128cc06a6fd840be7782e5d5d01e5d9,30762
32,16,googlenet,googlenet,7be7e2e93ab1397ad4aacae937d3da3df08d4b9c42b8eea00efaeb177ceaafc4,13767
32,16,gpt_decode_block,gpt_decode_block,23bcca3b644a954f71c0f9a365a02df880946972c138cfc44e6524f4299830be,6112
32,16,gpt_prefill_block,gpt_prefill_block,690954f4beb0bb6f62b0127aeeb8619785ff82009c8056e713d954d5a1a28572,61298
32,16,inception_resnet_v1,inception_resnet_v1,5b95010296133c32e380accbdd1dda85af17ef822eed277a3c6b6751932c7adf,75789
32,16,lstm,lstm,3e53420a63d8e0340cf53b165197f8eb423d67ef0195e6ab1e42c834990e8218,47598
32,16,pnasnet,pnasnet,7c27486adef996df51f48c3475b4d368a23f21371e87791ca55705bfe4840484,286144
32,16,resnet101,resnet101,70760f729a43604fb2b763468862bcb9764d472f6cc6ba32c4ea73b9a39c6c94,54547
32,16,resnet152,resnet152,9524552345ed0cd6e4f1cfd7cb0e75d28b5c8d62bb719249cabe3b4f63cc9ab0,78445
32,16,resnet50,resnet50,5b1b5622bc7fa87af2250e1e9184c746cfcd0406029439812a5f52aa06ac1003,31224
32,16,resnext50,resnext50,286ace5768d510f48b645a678ddbf4578a49dd0c633b1207b7e1b27f60bf8ace,23046
32,16,transformer,transformer,54c47622bd4890a227c93947b5f7085e02f70a421731a8ee75eb50c51fe3f431,196608
32,16,transformer_cell,transformer_cell,20c708c8657cc5eee2c76c9ae3135d69c49b42d108713cf2d95a85c812e9abf9,34048
32,16,vgg19,vgg19,19610fe21c3b2a1dda368ad0dcc70853e786c917ee391f98d1dddd7c3edeba6a,83629
64,1,ALL17,darknet19,da41c9512b750608bc166b6b2d1cffa0138de162aabc6a0e41b23b4701b2aae4,90892
64,1,ALL17,vgg19,5d573aef717a615a225b9ddbeae461fab4bc4c14f832cde65c3bc32da3c0fb1e,599221
64,1,ALL17,resnet50,04495a3bbab1e543e7b6d34f544c6ab8c4fdb30069ebe323a936e2180fb7409a,132024
64,1,ALL17,googlenet,7174ddc4bc3e96657200aad152da1e6261ce2732e7e379329646d9cd8b89d1bb,61911
64,1,ALL17,resnet101,0307b73b3f7f4ac304166dc4bddfddda93a0ac99926355a42c4dc829adc8f279,261020
64,1,ALL17,densenet,1fd0c24940751e6ab5655b9d2bff22b91bb0f40f611bc0d526b3db55fbde7cb8,96059
64,1,ALL17,inception_resnet_v1,997ca7cd4d8f08a68370dbb929626ef4a2e303e2d073174d050152348a8288a2,226437
64,1,ALL17,gnmt,087f9ca22c0d79b073397327060e35a9e826f215d18a0eeea8764ef989d4e2a6,15674
64,1,ALL17,lstm,3044d9c277a7f3497d8f479579de020a7fedcf2f5bef347f611a8522b0311caa,15666
64,1,ALL17,transformer,05953be7c58809375c012a1fe5b3f7df486a1db25e7d119304c3cf35159474da,898048
64,1,ALL17,transformer_cell,0e228de48ca88f67295e8cbd606998c88d4089d14b05d7b08f7473244c7f338f,156928
64,1,ALL17,pnasnet,58f837a56b9bdc074c0b852bc9162718f6cc9bed3284c22df110e31451ec6987,1286539
64,1,ALL17,resnext50,0b5aa3b4970c1e684afea802d473c3d53bf239979ae2ddadc3f36021a5b4320f,74613
64,1,ALL17,resnet152,a66e4c0a27fb4fe6ef5e3528c5902be0c33a631ffe39744905e846435e39c9e8,387888
64,1,ALL17,bert_block,828e66433ca748f80e066f8e3d550354f224780e5c6f56b7dd503ff8a20612b2,169984
64,1,ALL17,gpt_prefill_block,9fb020f0555bf792bdf64d2231511a0465bc1999254daeeec29c0e960521ab81,323200
64,1,ALL17,gpt_decode_block,2822edc6216a176d7fcc702528837574fc36595f63d2086c1dea29ad263788ef,8173
64,1,CNN,darknet19,da41c9512b750608bc166b6b2d1cffa0138de162aabc6a0e41b23b4701b2aae4,90892
64,1,CNN,vgg19,5d573aef717a615a225b9ddbeae461fab4bc4c14f832cde65c3bc32da3c0fb1e,599221
64,1,CNN,resnet50,04495a3bbab1e543e7b6d34f544c6ab8c4fdb30069ebe323a936e2180fb7409a,132024
64,1,CNN,googlenet,7174ddc4bc3e96657200aad152da1e6261ce2732e7e379329646d9cd8b89d1bb,61911
64,1,CNN,resnet101,0307b73b3f7f4ac304166dc4bddfddda93a0ac99926355a42c4dc829adc8f279,261020
64,1,CNN,densenet,1fd0c24940751e6ab5655b9d2bff22b91bb0f40f611bc0d526b3db55fbde7cb8,96059
64,1,CNN,inception_resnet_v1,997ca7cd4d8f08a68370dbb929626ef4a2e303e2d073174d050152348a8288a2,226437
64,1,CNN,pnasnet,58f837a56b9bdc074c0b852bc9162718f6cc9bed3284c22df110e31451ec6987,1286539
64,1,CNN,resnext50,0b5aa3b4970c1e684afea802d473c3d53bf239979ae2ddadc3f36021a5b4320f,74613
64,1,CNN,resnet152,a66e4c0a27fb4fe6ef5e3528c5902be0c33a631ffe39744905e846435e39c9e8,387888
64,1,RNN,gnmt,087f9ca22c0d79b073397327060e35a9e826f215d18a0eeea8764ef989d4e2a6,15674
64,1,RNN,lstm,3044d9c277a7f3497d8f479579de020a7fedcf2f5bef347f611a8522b0311caa,15666
64,1,Transformer,transformer,05953be7c58809375c012a1fe5b3f7df486a1db25e7d119304c3cf35159474da,898048
64,1,Transformer,transformer_cell,0e228de48ca88f67295e8cbd606998c88d4089d14b05d7b08f7473244c7f338f,156928
64,1,Transformer,bert_block,828e66433ca748f80e066f8e3d550354f224780e5c6f56b7dd503ff8a20612b2,169984
64,1,Transformer,gpt_prefill_block,9fb020f0555bf792bdf64d2231511a0465bc1999254daeeec29c0e960521ab81,323200
64,1,Transformer,gpt_decode_block,2822edc6216a176d7fcc702528837574fc36595f63d2086c1dea29ad263788ef,8173
64,1,bert_block,bert_block,828e66433ca748f80e066f8e3d550354f224780e5c6f56b7dd503ff8a20612b2,169984
64,1,darknet19,darknet19,da41c9512b750608bc166b6b2d1cffa0138de162aabc6a0e41b23b4701b2aae4,90892
64,1,densenet,densenet,1fd0c24940751e6ab5655b9d2bff22b91bb0f40f611bc0d526b3db55fbde7cb8,96059
64,1,gnmt,gnmt,087f9ca22c0d79b073397327060e35a9e826f215d18a0eeea8764ef989d4e2a6,15674
64,1,googlenet,googlenet,7174ddc4bc3e96657200aad152da1e6261ce2732e7e379329646d9cd8b89d1bb,61911
64,1,gpt_decode_block,gpt_decode_block,2822edc6216a176d7fcc702528837574fc36595f63d2086c1dea29ad263788ef,8173
64,1,gpt_prefill_block,gpt_prefill_block,9fb020f0555bf792bdf64d2231511a0465bc1999254daeeec29c0e960521ab81,323200
64,1,inception_resnet_v1,inception_resnet_v1,997ca7cd4d8f08a68370dbb929626ef4a2e303e2d073174d050152348a8288a2,226437
64,1,lstm,lstm,3044d9c277a7f3497d8f479579de020a7fedcf2f5bef347f611a8522b0311caa,15666
64,1,pnasnet,pnasnet,58f837a56b9bdc074c0b852bc9162718f6cc9bed3284c22df110e31451ec6987,1286539
64,1,resnet101,resnet101,0307b73b3f7f4ac304166dc4bddfddda93a0ac99926355a42c4dc829adc8f279,261020
64,1,resnet152,resnet152,a66e4c0a27fb4fe6ef5e3528c5902be0c33a631ffe39744905e846435e39c9e8,387888
64,1,resnet50,resnet50,04495a3bbab1e543e7b6d34f544c6ab8c4fdb30069ebe323a936e2180fb7409a,132024
64,1,resnext50,resnext50,0b5aa3b4970c1e684afea802d473c3d53bf239979ae2ddadc3f36021a5b4320f,74613
64,1,transformer,transformer,05953be7c58809375c012a1fe5b3f7df486a1db25e7d119304c3cf35159474da,898048
64,1,transformer_cell,transformer_cell,0e228de48ca88f67295e8cbd606998c88d4089d14b05d7b08f7473244c7f338f,156928
64,1,vgg19,vgg19,5d573aef717a615a225b9ddbeae461fab4bc4c14f832cde65c3bc32da3c0fb1e,599221
64,4,ALL17,darknet19,213f87df4d5f8bcbbb2fab5db0bf80823858e6f1033e6aeff9ef64fe4b3a2c34,25900
64,4,ALL17,vgg19,1c1d61ef8aa8c57c394a68ac06c009116578b21cf132e9e15929dc6273b5b6fc,155197
64,4,ALL17,resnet50,b37041a7020d37d6e68d26dc51748b17d5a46b418bfcfafb367a36660e66badd,42643
64,4,ALL17,googlenet,094577c3a74cdfc62df5ec969d997874fc696c6de46547cdbaae014036435c31,18879
64,4,ALL17,resnet101,d3328e139721534cca692b80bfbe61436ef69295fa3be782b35ecf481d4b46f4,79398
64,4,ALL17,densenet,2fbdf77949121cde348e3ebb1d2fc5cf540ea23c2bdd9d7d5c2200e3bbac3899,31872
64,4,ALL17,inception_resnet_v1,190270de61de84485d573756b3c6284f2c883177ff3c7a75e9c1920246e1823f,84514
64,4,ALL17,gnmt,e53439b2bbcedc061adec8be85006411c2eaa5efff20387852de7111c6782dd3,32774
64,4,ALL17,lstm,7e80f5277527f72910800b7cad00a0f4dfdf157b15fb4a9c05dd1c16ac8152a1,47336
64,4,ALL17,transformer,ea6f4be61ed9f0fc1ac01131f007b5ec6ec00c373e5c014727a796dc2d37e3c2,282352
64,4,ALL17,transformer_cell,ecd07557a317d1d003405a0b58d558315bb046d410608632e1e700f4c6951703,49192
64,4,ALL17,pnasnet,7c56232ce3da3cb5d10f7c15fd19852d32332128da33aa13b94867a882616cea,424745
64,4,ALL17,resnext50,ac5d59f80530915d6082030ec543e7aa9f07f4eea4aa2da2a5b382ca887e7418,27498
64,4,ALL17,resnet152,5158fb1cbf5ffa019b5db1fad98427a86a18d634462763f571f66fdcaf65cb09,116486
64,4,ALL17,bert_block,d041d34a71b849da25fff9bb208ccbe6e701fe069491684e2433886200672ee7,49632
64,4,ALL17,gpt_prefill_block,34af7c01a30d6e31af753ac5da6b25d430c2730ca2ee9a1a80b8b9377d5aa725,92503
64,4,ALL17,gpt_decode_block,3d9c11014f73c384520dcaada3c6a13b0872222b7ee9928c4e898545e769fdc6,6679
64,4,CNN,darknet19,213f87df4d5f8bcbbb2fab5db0bf80823858e6f1033e6aeff9ef64fe4b3a2c34,25900
64,4,CNN,vgg19,1c1d61ef8aa8c57c394a68ac06c009116578b21cf132e9e15929dc6273b5b6fc,155197
64,4,CNN,resnet50,b37041a7020d37d6e68d26dc51748b17d5a46b418bfcfafb367a36660e66badd,42643
64,4,CNN,googlenet,094577c3a74cdfc62df5ec969d997874fc696c6de46547cdbaae014036435c31,18879
64,4,CNN,resnet101,d3328e139721534cca692b80bfbe61436ef69295fa3be782b35ecf481d4b46f4,79398
64,4,CNN,densenet,2fbdf77949121cde348e3ebb1d2fc5cf540ea23c2bdd9d7d5c2200e3bbac3899,31872
64,4,CNN,inception_resnet_v1,190270de61de84485d573756b3c6284f2c883177ff3c7a75e9c1920246e1823f,84514
64,4,CNN,pnasnet,7c56232ce3da3cb5d10f7c15fd19852d32332128da33aa13b94867a882616cea,424745
64,4,CNN,resnext50,ac5d59f80530915d6082030ec543e7aa9f07f4eea4aa2da2a5b382ca887e7418,27498
64,4,CNN,resnet152,5158fb1cbf5ffa019b5db1fad98427a86a18d634462763f571f66fdcaf65cb09,116486
64,4,RNN,gnmt,e53439b2bbcedc061adec8be85006411c2eaa5efff20387852de7111c6782dd3,32774
64,4,RNN,lstm,7e80f5277527f72910800b7cad00a0f4dfdf157b15fb4a9c05dd1c16ac8152a1,47336
64,4,Transformer,transformer,ea6f4be61ed9f0fc1ac01131f007b5ec6ec00c373e5c014727a796dc2d37e3c2,282352
64,4,Transformer,transformer_cell,ecd07557a317d1d003405a0b58d558315bb046d410608632e1e700f4c6951703,49192
64,4,Transformer,bert_block,d041d34a71b849da25fff9bb208ccbe6e701fe069491684e2433886200672ee7,49632
64,4,Transformer,gpt_prefill_block,34af7c01a30d6e31af753ac5da6b25d430c2730ca2ee9a1a80b8b9377d5aa725,92503
64,4,Transformer,gpt_decode_block,3d9c11014f73c384520dcaada3c6a13b0872222b7ee9928c4e898545e769fdc6,6679
64,4,bert_block,bert_block,d041d34a71b849da25fff9bb208ccbe6e701fe069491684e2433886200672ee7,49632
64,4,darknet19,darknet19,213f87df4d5f8bcbbb2fab5db0bf80823858e6f1033e6aeff9ef64fe4b3a2c34,25900
64,4,densenet,densenet,2fbdf77949121cde348e3ebb1d2fc5cf540ea23c2bdd9d7d5c2200e3bbac3899,31872
64,4,gnmt,gnmt,e53439b2bbcedc061adec8be85006411c2eaa5efff20387852de7111c6782dd3,32774
64,4,googlenet,googlenet,094577c3a74cdfc62df5ec969d997874fc696c6de46547cdbaae014036435c31,18879
64,4,gpt_decode_block,gpt_decode_block,3d9c11014f73c384520dcaada3c6a13b0872222b7ee9928c4e898545e769fdc6,6679
64,4,gpt_prefill_block,gpt_prefill_block,34af7c01a30d6e31af753ac5da6b25d430c2730ca2ee9a1a80b8b9377d5aa725,92503
64,4,inception_resnet_v1,inception_resnet_v1,190270de61de84485d573756b3c6284f2c883177ff3c7a75e9c1920246e1823f,84514
64,4,lstm,lstm,7e80f5277527f72910800b7cad00a0f4dfdf157b15fb4a9c05dd1c16ac8152a1,47336
64,4,pnasnet,pnasnet,7c56232ce3da3cb5d10f7c15fd19852d32332128da33aa13b94867a882616cea,424745
64,4,resnet101,resnet101,d3328e139721534cca692b80bfbe61436ef69295fa3be782b35ecf481d4b46f4,79398
64,4,resnet152,resnet152,5158fb1cbf5ffa019b5db1fad98427a86a18d634462763f571f66fdcaf65cb09,116486
64,4,resnet50,resnet50,b37041a7020d37d6e68d26dc51748b17d5a46b418bfcfafb367a36660e66badd,42643
64,4,resnext50,resnext50,ac5d59f80530915d6082030ec543e7aa9f07f4eea4aa2da2a5b382ca887e7418,27498
64,4,transformer,transformer,ea6f4be61ed9f0fc1ac01131f007b5ec6ec00c373e5c014727a796dc2d37e3c2,282352
64,4,transformer_cell,transformer_cell,ecd07557a317d1d003405a0b58d558315bb046d410608632e1e700f4c6951703,49192
64,4,vgg19,vgg19,1c1d61ef8aa8c57c394a68ac06c009116578b21cf132e9e15929dc6273b5b6fc,155197
64,16,ALL17,darknet19,181f6e04180b341b806c150c2f9aa3935ff18dd5721fdf9bacca3216138bbf54,10639
64,16,ALL17,vgg19,33c482fe8766efaa486b11cb65c08f7802aa1b555a6c997946dfbde6eacf62be,46656
64,16,ALL17,resnet50,21ae3bb1035e758f76e80ce4c9314691aea43489037aec68e328aaaa2217d48b,26385
64,16,ALL17,googlenet,d38d3c8b8e439cd8a5b04060d79375d96bb92ecd1de18333e5f4ac0003ff0305,10563
64,16,ALL17,resnet101,0681da3d8753b48af5fa288831d48e1a834059a367c6af87f9e19cebc8c1e229,45372
64,16,ALL17,densenet,e70be0560e70343cd9901530443c539c39a1c02e37055c20a3b90180676b16b4,21308
64,16,ALL17,inception_resnet_v1,242113c32ea10f822c80931c73858d644b9d7e2f67b741dc8b34338418c60a78,52378
64,16,ALL17,gnmt,9b6fd101f346d11c1cd89f984fe9b3a219da705e6c494195255a12f3d14688d9,15698
64,16,ALL17,lstm,03420388fdebce80e878eb71ceed94233eb3a2c0c15cf9cbd6043120e7aecc0f,15664
64,16,ALL17,transformer,87815df5b1464e4d6b645f1fdbb5b83a0344df4db81804fab830c1ba50df33e1,161240
64,16,ALL17,transformer_cell,803a9c2bbadda0482e26add06d2adcd6d1e56da8daf5f9f1f03d99eadae7465e,27642
64,16,ALL17,pnasnet,9f3437bf33553e5e3214f032d1923ca609010443d86045f5244c65efdb6d5143,208613
64,16,ALL17,resnext50,50c739525db1e86c2a9c5ae47b4c12453cd1d409ea5ed38e2442dfa072be5ce7,21755
64,16,ALL17,resnet152,0be7174a32f8afc5b06cfce53371ae764e25da696c35264cb958f0c02a6f94a5,64862
64,16,ALL17,bert_block,622e92a08acb363f6b8f648cba8d5c40cc77cac6e75a05ee3aa7bb2c8a070586,19679
64,16,ALL17,gpt_prefill_block,3f828be6acc622a6417266e25a05b4a398e6f5cac88db5f111310fdec62fa732,35072
64,16,ALL17,gpt_decode_block,14991e7b3e42b8fd03cccc809d0728eb6092f012db1e7ab9a0528fa369945126,6177
64,16,CNN,darknet19,181f6e04180b341b806c150c2f9aa3935ff18dd5721fdf9bacca3216138bbf54,10639
64,16,CNN,vgg19,33c482fe8766efaa486b11cb65c08f7802aa1b555a6c997946dfbde6eacf62be,46656
64,16,CNN,resnet50,21ae3bb1035e758f76e80ce4c9314691aea43489037aec68e328aaaa2217d48b,26385
64,16,CNN,googlenet,d38d3c8b8e439cd8a5b04060d79375d96bb92ecd1de18333e5f4ac0003ff0305,10563
64,16,CNN,resnet101,0681da3d8753b48af5fa288831d48e1a834059a367c6af87f9e19cebc8c1e229,45372
64,16,CNN,densenet,e70be0560e70343cd9901530443c539c39a1c02e37055c20a3b90180676b16b4,21308
64,16,CNN,inception_resnet_v1,242113c32ea10f822c80931c73858d644b9d7e2f67b741dc8b34338418c60a78,52378
64,16,CNN,pnasnet,9f3437bf33553e5e3214f032d1923ca609010443d86045f5244c65efdb6d5143,208613
64,16,CNN,resnext50,50c739525db1e86c2a9c5ae47b4c12453cd1d409ea5ed38e2442dfa072be5ce7,21755
64,16,CNN,resnet152,0be7174a32f8afc5b06cfce53371ae764e25da696c35264cb958f0c02a6f94a5,64862
64,16,RNN,gnmt,9b6fd101f346d11c1cd89f984fe9b3a219da705e6c494195255a12f3d14688d9,15698
64,16,RNN,lstm,03420388fdebce80e878eb71ceed94233eb3a2c0c15cf9cbd6043120e7aecc0f,15664
64,16,Transformer,transformer,87815df5b1464e4d6b645f1fdbb5b83a0344df4db81804fab830c1ba50df33e1,161240
64,16,Transformer,transformer_cell,803a9c2bbadda0482e26add06d2adcd6d1e56da8daf5f9f1f03d99eadae7465e,27642
64,16,Transformer,bert_block,622e92a08acb363f6b8f648cba8d5c40cc77cac6e75a05ee3aa7bb2c8a070586,19679
64,16,Transformer,gpt_prefill_block,3f828be6acc622a6417266e25a05b4a398e6f5cac88db5f111310fdec62fa732,35072
64,16,Transformer,gpt_decode_block,14991e7b3e42b8fd03cccc809d0728eb6092f012db1e7ab9a0528fa369945126,6177
64,16,bert_block,bert_block,622e92a08acb363f6b8f648cba8d5c40cc77cac6e75a05ee3aa7bb2c8a070586,19679
64,16,darknet19,darknet19,181f6e04180b341b806c150c2f9aa3935ff18dd5721fdf9bacca3216138bbf54,10639
64,16,densenet,densenet,e70be0560e70343cd9901530443c539c39a1c02e37055c20a3b90180676b16b4,21308
64,16,gnmt,gnmt,9b6fd101f346d11c1cd89f984fe9b3a219da705e6c494195255a12f3d14688d9,15698
64,16,googlenet,googlenet,d38d3c8b8e439cd8a5b04060d79375d96bb92ecd1de18333e5f4ac0003ff0305,10563
64,16,gpt_decode_block,gpt_decode_block,14991e7b3e42b8fd03cccc809d0728eb6092f012db1e7ab9a0528fa369945126,6177
64,16,gpt_prefill_block,gpt_prefill_block,3f828be6acc622a6417266e25a05b4a398e6f5cac88db5f111310fdec62fa732,35072
64,16,inception_resnet_v1,inception_resnet_v1,242113c32ea10f822c80931c73858d644b9d7e2f67b741dc8b34338418c60a78,52378
64,16,lstm,lstm,03420388fdebce80e878eb71ceed94233eb3a2c0c15cf9cbd6043120e7aecc0f,15664
64,16,pnasnet,pnasnet,9f3437bf33553e5e3214f032d1923ca609010443d86045f5244c65efdb6d5143,208613
64,16,resnet101,resnet101,0681da3d8753b48af5fa288831d48e1a834059a367c6af87f9e19cebc8c1e229,45372
64,16,resnet152,resnet152,0be7174a32f8afc5b06cfce53371ae764e25da696c35264cb958f0c02a6f94a5,64862
64,16,resnet50,resnet50,21ae3bb1035e758f76e80ce4c9314691aea43489037aec68e328aaaa2217d48b,26385
64,16,resnext50,resnext50,50c739525db1e86c2a9c5ae47b4c12453cd1d409ea5ed38e2442dfa072be5ce7,21755
64,16,transformer,transformer,87815df5b1464e4d6b645f1fdbb5b83a0344df4db81804fab830c1ba50df33e1,161240
64,16,transformer_cell,transformer_cell,803a9c2bbadda0482e26add06d2adcd6d1e56da8daf5f9f1f03d99eadae7465e,27642
64,16,vgg19,vgg19,33c482fe8766efaa486b11cb65c08f7802aa1b555a6c997946dfbde6eacf62be,46656
