segment,layer_id,layer,batch,chiplet,core,x,y,partition_id,partition_b,partition_c,partition_h,partition_w,B,C,H,W
0,0,conv1,1,0,0,0,0,14,0,0,3,2,1,4,4,4
0,0,conv1,1,0,1,1,0,12,0,0,3,0,1,4,4,4
0,0,conv1,1,0,2,0,1,15,0,0,3,3,1,4,4,4
0,0,conv1,1,0,3,1,1,13,0,0,3,1,1,4,4,4
0,0,conv1,1,1,4,0,2,16,0,1,0,0,1,4,4,4
0,0,conv1,1,1,5,1,2,18,0,1,0,2,1,4,4,4
0,0,conv1,1,1,6,0,3,17,0,1,0,1,1,4,4,4
0,0,conv1,1,1,7,1,3,19,0,1,0,3,1,4,4,4
0,0,conv1,1,2,8,0,4,46,0,2,3,2,1,4,4,4
0,0,conv1,1,2,9,1,4,44,0,2,3,0,1,4,4,4
0,0,conv1,1,2,10,0,5,47,0,2,3,3,1,4,4,4
0,0,conv1,1,2,11,1,5,45,0,2,3,1,1,4,4,4
0,0,conv1,1,3,12,0,6,48,0,3,0,0,1,4,4,4
0,0,conv1,1,3,13,1,6,50,0,3,0,2,1,4,4,4
0,0,conv1,1,3,14,0,7,49,0,3,0,1,1,4,4,4
0,0,conv1,1,3,15,1,7,51,0,3,0,3,1,4,4,4
0,0,conv1,1,7,16,2,7,53,0,3,1,1,1,4,4,4
0,0,conv1,1,7,17,3,7,55,0,3,1,3,1,4,4,4
0,0,conv1,1,7,18,2,6,52,0,3,1,0,1,4,4,4
0,0,conv1,1,7,19,3,6,54,0,3,1,2,1,4,4,4
0,0,conv1,1,6,20,2,5,43,0,2,2,3,1,4,4,4
0,0,conv1,1,6,21,3,5,41,0,2,2,1,1,4,4,4
0,0,conv1,1,6,22,2,4,42,0,2,2,2,1,4,4,4
0,0,conv1,1,6,23,3,4,40,0,2,2,0,1,4,4,4
0,0,conv1,1,5,24,2,3,21,0,1,1,1,1,4,4,4
0,0,conv1,1,5,25,3,3,23,0,1,1,3,1,4,4,4
0,0,conv1,1,5,26,2,2,20,0,1,1,0,1,4,4,4
0,0,conv1,1,5,27,3,2,22,0,1,1,2,1,4,4,4
0,0,conv1,1,4,28,2,1,11,0,0,2,3,1,4,4,4
0,0,conv1,1,4,29,3,1,9,0,0,2,1,1,4,4,4
0,0,conv1,1,4,30,2,0,10,0,0,2,2,1,4,4,4
0,0,conv1,1,4,31,3,0,8,0,0,2,0,1,4,4,4
0,0,conv1,1,8,32,4,0,6,0,0,1,2,1,4,4,4
0,0,conv1,1,8,33,5,0,4,0,0,1,0,1,4,4,4
0,0,conv1,1,8,34,4,1,7,0,0,1,3,1,4,4,4
0,0,conv1,1,8,35,5,1,5,0,0,1,1,1,4,4,4
0,0,conv1,1,9,36,4,2,24,0,1,2,0,1,4,4,4
0,0,conv1,1,9,37,5,2,26,0,1,2,2,1,4,4,4
0,0,conv1,1,9,38,4,3,25,0,1,2,1,1,4,4,4
0,0,conv1,1,9,39,5,3,27,0,1,2,3,1,4,4,4
0,0,conv1,1,10,40,4,4,38,0,2,1,2,1,4,4,4
0,0,conv1,1,10,41,5,4,36,0,2,1,0,1,4,4,4
0,0,conv1,1,10,42,4,5,39,0,2,1,3,1,4,4,4
0,0,conv1,1,10,43,5,5,37,0,2,1,1,1,4,4,4
0,0,conv1,1,11,44,4,6,56,0,3,2,0,1,4,4,4
0,0,conv1,1,11,45,5,6,58,0,3,2,2,1,4,4,4
0,0,conv1,1,11,46,4,7,57,0,3,2,1,1,4,4,4
0,0,conv1,1,11,47,5,7,59,0,3,2,3,1,4,4,4
0,0,conv1,1,15,48,6,7,61,0,3,3,1,1,4,4,4
0,0,conv1,1,15,49,7,7,63,0,3,3,3,1,4,4,4
0,0,conv1,1,15,50,6,6,60,0,3,3,0,1,4,4,4
0,0,conv1,1,15,51,7,6,62,0,3,3,2,1,4,4,4
0,0,conv1,1,14,52,6,5,35,0,2,0,3,1,4,4,4
0,0,conv1,1,14,53,7,5,33,0,2,0,1,1,4,4,4
0,0,conv1,1,14,54,6,4,34,0,2,0,2,1,4,4,4
0,0,conv1,1,14,55,7,4,32,0,2,0,0,1,4,4,4
0,0,conv1,1,13,56,6,3,29,0,1,3,1,1,4,4,4
0,0,conv1,1,13,57,7,3,31,0,1,3,3,1,4,4,4
0,0,conv1,1,13,58,6,2,28,0,1,3,0,1,4,4,4
0,0,conv1,1,13,59,7,2,30,0,1,3,2,1,4,4,4
0,0,conv1,1,12,60,6,1,3,0,0,0,3,1,4,4,4
0,0,conv1,1,12,61,7,1,1,0,0,0,1,1,4,4,4
0,0,conv1,1,12,62,6,0,2,0,0,0,2,1,4,4,4
0,0,conv1,1,12,63,7,0,0,0,0,0,0,1,4,4,4
1,1,pool1,1,0,0,0,0,14,0,1,1,2,1,8,2,4
1,1,pool1,1,0,1,1,0,12,0,1,1,0,1,8,2,4
1,1,pool1,1,0,2,0,1,15,0,1,1,3,1,8,2,4
1,1,pool1,1,0,3,1,1,13,0,1,1,1,1,8,2,4
1,1,pool1,1,1,4,0,2,16,0,2,0,0,1,8,2,4
1,1,pool1,1,1,5,1,2,18,0,2,0,2,1,8,2,4
1,1,pool1,1,1,6,0,3,17,0,2,0,1,1,8,2,4
1,1,pool1,1,1,7,1,3,19,0,2,0,3,1,8,2,4
1,1,pool1,1,2,8,0,4,46,0,5,1,2,1,8,2,4
1,1,pool1,1,2,9,1,4,44,0,5,1,0,1,8,2,4
1,1,pool1,1,2,10,0,5,47,0,5,1,3,1,8,2,4
1,1,pool1,1,2,11,1,5,45,0,5,1,1,1,8,2,4
1,1,pool1,1,3,12,0,6,48,0,6,0,0,1,8,2,4
1,1,pool1,1,3,13,1,6,50,0,6,0,2,1,8,2,4
1,1,pool1,1,3,14,0,7,49,0,6,0,1,1,8,2,4
1,1,pool1,1,3,15,1,7,51,0,6,0,3,1,8,2,4
1,1,pool1,1,7,16,2,7,53,0,6,1,1,1,8,2,4
1,1,pool1,1,7,17,3,7,55,0,6,1,3,1,8,2,4
1,1,pool1,1,7,18,2,6,52,0,6,1,0,1,8,2,4
1,1,pool1,1,7,19,3,6,54,0,6,1,2,1,8,2,4
1,1,pool1,1,6,20,2,5,43,0,5,0,3,1,8,2,4
1,1,pool1,1,6,21,3,5,41,0,5,0,1,1,8,2,4
1,1,pool1,1,6,22,2,4,42,0,5,0,2,1,8,2,4
1,1,pool1,1,6,23,3,4,40,0,5,0,0,1,8,2,4
1,1,pool1,1,5,24,2,3,21,0,2,1,1,1,8,2,4
1,1,pool1,1,5,25,3,3,23,0,2,1,3,1,8,2,4
1,1,pool1,1,5,26,2,2,20,0,2,1,0,1,8,2,4
1,1,pool1,1,5,27,3,2,22,0,2,1,2,1,8,2,4
1,1,pool1,1,4,28,2,1,11,0,1,0,3,1,8,2,4
1,1,pool1,1,4,29,3,1,9,0,1,0,1,1,8,2,4
1,1,pool1,1,4,30,2,0,10,0,1,0,2,1,8,2,4
1,1,pool1,1,4,31,3,0,8,0,1,0,0,1,8,2,4
1,1,pool1,1,8,32,4,0,6,0,0,1,2,1,8,2,4
1,1,pool1,1,8,33,5,0,4,0,0,1,0,1,8,2,4
1,1,pool1,1,8,34,4,1,7,0,0,1,3,1,8,2,4
1,1,pool1,1,8,35,5,1,5,0,0,1,1,1,8,2,4
1,1,pool1,1,9,36,4,2,24,0,3,0,0,1,8,2,4
1,1,pool1,1,9,37,5,2,26,0,3,0,2,1,8,2,4
1,1,pool1,1,9,38,4,3,25,0,3,0,1,1,8,2,4
1,1,pool1,1,9,39,5,3,27,0,3,0,3,1,8,2,4
1,1,pool1,1,10,40,4,4,38,0,4,1,2,1,8,2,4
1,1,pool1,1,10,41,5,4,36,0,4,1,0,1,8,2,4
1,1,pool1,1,10,42,4,5,39,0,4,1,3,1,8,2,4
1,1,pool1,1,10,43,5,5,37,0,4,1,1,1,8,2,4
1,1,pool1,1,11,44,4,6,56,0,7,0,0,1,8,2,4
1,1,pool1,1,11,45,5,6,58,0,7,0,2,1,8,2,4
1,1,pool1,1,11,46,4,7,57,0,7,0,1,1,8,2,4
1,1,pool1,1,11,47,5,7,59,0,7,0,3,1,8,2,4
1,1,pool1,1,15,48,6,7,61,0,7,1,1,1,8,2,4
1,1,pool1,1,15,49,7,7,63,0,7,1,3,1,8,2,4
1,1,pool1,1,15,50,6,6,60,0,7,1,0,1,8,2,4
1,1,pool1,1,15,51,7,6,62,0,7,1,2,1,8,2,4
1,1,pool1,1,14,52,6,5,35,0,4,0,3,1,8,2,4
1,1,pool1,1,14,53,7,5,33,0,4,0,1,1,8,2,4
1,1,pool1,1,14,54,6,4,34,0,4,0,2,1,8,2,4
1,1,pool1,1,14,55,7,4,32,0,4,0,0,1,8,2,4
1,1,pool1,1,13,56,6,3,29,0,3,1,1,1,8,2,4
1,1,pool1,1,13,57,7,3,31,0,3,1,3,1,8,2,4
1,1,pool1,1,13,58,6,2,28,0,3,1,0,1,8,2,4
1,1,pool1,1,13,59,7,2,30,0,3,1,2,1,8,2,4
1,1,pool1,1,12,60,6,1,3,0,0,0,3,1,8,2,4
1,1,pool1,1,12,61,7,1,1,0,0,0,1,1,8,2,4
1,1,pool1,1,12,62,6,0,2,0,0,0,2,1,8,2,4
1,1,pool1,1,12,63,7,0,0,0,0,0,0,1,8,2,4
2,2,conv2,1,0,0,0,0,14,0,1,1,2,1,8,2,4
2,2,conv2,1,0,1,1,0,12,0,1,1,0,1,8,2,4
2,2,conv2,1,0,2,0,1,15,0,1,1,3,1,8,2,4
2,2,conv2,1,0,3,1,1,13,0,1,1,1,1,8,2,4
2,2,conv2,1,1,4,0,2,16,0,2,0,0,1,8,2,4
2,2,conv2,1,1,5,1,2,18,0,2,0,2,1,8,2,4
2,2,conv2,1,1,6,0,3,17,0,2,0,1,1,8,2,4
2,2,conv2,1,1,7,1,3,19,0,2,0,3,1,8,2,4
2,2,conv2,1,2,8,0,4,46,0,5,1,2,1,8,2,4
2,2,conv2,1,2,9,1,4,44,0,5,1,0,1,8,2,4
2,2,conv2,1,2,10,0,5,47,0,5,1,3,1,8,2,4
2,2,conv2,1,2,11,1,5,45,0,5,1,1,1,8,2,4
2,2,conv2,1,3,12,0,6,48,0,6,0,0,1,8,2,4
2,2,conv2,1,3,13,1,6,50,0,6,0,2,1,8,2,4
2,2,conv2,1,3,14,0,7,49,0,6,0,1,1,8,2,4
2,2,conv2,1,3,15,1,7,51,0,6,0,3,1,8,2,4
2,2,conv2,1,7,16,2,7,53,0,6,1,1,1,8,2,4
2,2,conv2,1,7,17,3,7,55,0,6,1,3,1,8,2,4
2,2,conv2,1,7,18,2,6,52,0,6,1,0,1,8,2,4
2,2,conv2,1,7,19,3,6,54,0,6,1,2,1,8,2,4
2,2,conv2,1,6,20,2,5,43,0,5,0,3,1,8,2,4
2,2,conv2,1,6,21,3,5,41,0,5,0,1,1,8,2,4
2,2,conv2,1,6,22,2,4,42,0,5,0,2,1,8,2,4
2,2,conv2,1,6,23,3,4,40,0,5,0,0,1,8,2,4
2,2,conv2,1,5,24,2,3,21,0,2,1,1,1,8,2,4
2,2,conv2,1,5,25,3,3,23,0,2,1,3,1,8,2,4
2,2,conv2,1,5,26,2,2,20,0,2,1,0,1,8,2,4
2,2,conv2,1,5,27,3,2,22,0,2,1,2,1,8,2,4
2,2,conv2,1,4,28,2,1,11,0,1,0,3,1,8,2,4
2,2,conv2,1,4,29,3,1,9,0,1,0,1,1,8,2,4
2,2,conv2,1,4,30,2,0,10,0,1,0,2,1,8,2,4
2,2,conv2,1,4,31,3,0,8,0,1,0,0,1,8,2,4
2,2,conv2,1,8,32,4,0,6,0,0,1,2,1,8,2,4
2,2,conv2,1,8,33,5,0,4,0,0,1,0,1,8,2,4
2,2,conv2,1,8,34,4,1,7,0,0,1,3,1,8,2,4
2,2,conv2,1,8,35,5,1,5,0,0,1,1,1,8,2,4
2,2,conv2,1,9,36,4,2,24,0,3,0,0,1,8,2,4
2,2,conv2,1,9,37,5,2,26,0,3,0,2,1,8,2,4
2,2,conv2,1,9,38,4,3,25,0,3,0,1,1,8,2,4
2,2,conv2,1,9,39,5,3,27,0,3,0,3,1,8,2,4
2,2,conv2,1,10,40,4,4,38,0,4,1,2,1,8,2,4
2,2,conv2,1,10,41,5,4,36,0,4,1,0,1,8,2,4
2,2,conv2,1,10,42,4,5,39,0,4,1,3,1,8,2,4
2,2,conv2,1,10,43,5,5,37,0,4,1,1,1,8,2,4
2,2,conv2,1,11,44,4,6,56,0,7,0,0,1,8,2,4
2,2,conv2,1,11,45,5,6,58,0,7,0,2,1,8,2,4
2,2,conv2,1,11,46,4,7,57,0,7,0,1,1,8,2,4
2,2,conv2,1,11,47,5,7,59,0,7,0,3,1,8,2,4
2,2,conv2,1,15,48,6,7,61,0,7,1,1,1,8,2,4
2,2,conv2,1,15,49,7,7,63,0,7,1,3,1,8,2,4
2,2,conv2,1,15,50,6,6,60,0,7,1,0,1,8,2,4
2,2,conv2,1,15,51,7,6,62,0,7,1,2,1,8,2,4
2,2,conv2,1,14,52,6,5,35,0,4,0,3,1,8,2,4
2,2,conv2,1,14,53,7,5,33,0,4,0,1,1,8,2,4
2,2,conv2,1,14,54,6,4,34,0,4,0,2,1,8,2,4
2,2,conv2,1,14,55,7,4,32,0,4,0,0,1,8,2,4
2,2,conv2,1,13,56,6,3,29,0,3,1,1,1,8,2,4
2,2,conv2,1,13,57,7,3,31,0,3,1,3,1,8,2,4
2,2,conv2,1,13,58,6,2,28,0,3,1,0,1,8,2,4
2,2,conv2,1,13,59,7,2,30,0,3,1,2,1,8,2,4
2,2,conv2,1,12,60,6,1,3,0,0,0,3,1,8,2,4
2,2,conv2,1,12,61,7,1,1,0,0,0,1,1,8,2,4
2,2,conv2,1,12,62,6,0,2,0,0,0,2,1,8,2,4
2,2,conv2,1,12,63,7,0,0,0,0,0,0,1,8,2,4
3,3,pool2,1,0,0,0,0,14,0,1,1,2,1,8,2,4
3,3,pool2,1,0,1,1,0,12,0,1,1,0,1,8,2,4
3,3,pool2,1,0,2,0,1,15,0,1,1,3,1,8,2,4
3,3,pool2,1,0,3,1,1,13,0,1,1,1,1,8,2,4
3,3,pool2,1,1,4,0,2,16,0,2,0,0,1,8,2,4
3,3,pool2,1,1,5,1,2,18,0,2,0,2,1,8,2,4
3,3,pool2,1,1,6,0,3,17,0,2,0,1,1,8,2,4
3,3,pool2,1,1,7,1,3,19,0,2,0,3,1,8,2,4
3,3,pool2,1,2,8,0,4,46,0,5,1,2,1,8,2,4
3,3,pool2,1,2,9,1,4,44,0,5,1,0,1,8,2,4
3,3,pool2,1,2,10,0,5,47,0,5,1,3,1,8,2,4
3,3,pool2,1,2,11,1,5,45,0,5,1,1,1,8,2,4
3,3,pool2,1,3,12,0,6,48,0,6,0,0,1,8,2,4
3,3,pool2,1,3,13,1,6,50,0,6,0,2,1,8,2,4
3,3,pool2,1,3,14,0,7,49,0,6,0,1,1,8,2,4
3,3,pool2,1,3,15,1,7,51,0,6,0,3,1,8,2,4
3,3,pool2,1,7,16,2,7,53,0,6,1,1,1,8,2,4
3,3,pool2,1,7,17,3,7,55,0,6,1,3,1,8,2,4
3,3,pool2,1,7,18,2,6,52,0,6,1,0,1,8,2,4
3,3,pool2,1,7,19,3,6,54,0,6,1,2,1,8,2,4
3,3,pool2,1,6,20,2,5,43,0,5,0,3,1,8,2,4
3,3,pool2,1,6,21,3,5,41,0,5,0,1,1,8,2,4
3,3,pool2,1,6,22,2,4,42,0,5,0,2,1,8,2,4
3,3,pool2,1,6,23,3,4,40,0,5,0,0,1,8,2,4
3,3,pool2,1,5,24,2,3,21,0,2,1,1,1,8,2,4
3,3,pool2,1,5,25,3,3,23,0,2,1,3,1,8,2,4
3,3,pool2,1,5,26,2,2,20,0,2,1,0,1,8,2,4
3,3,pool2,1,5,27,3,2,22,0,2,1,2,1,8,2,4
3,3,pool2,1,4,28,2,1,11,0,1,0,3,1,8,2,4
3,3,pool2,1,4,29,3,1,9,0,1,0,1,1,8,2,4
3,3,pool2,1,4,30,2,0,10,0,1,0,2,1,8,2,4
3,3,pool2,1,4,31,3,0,8,0,1,0,0,1,8,2,4
3,3,pool2,1,8,32,4,0,6,0,0,1,2,1,8,2,4
3,3,pool2,1,8,33,5,0,4,0,0,1,0,1,8,2,4
3,3,pool2,1,8,34,4,1,7,0,0,1,3,1,8,2,4
3,3,pool2,1,8,35,5,1,5,0,0,1,1,1,8,2,4
3,3,pool2,1,9,36,4,2,24,0,3,0,0,1,8,2,4
3,3,pool2,1,9,37,5,2,26,0,3,0,2,1,8,2,4
3,3,pool2,1,9,38,4,3,25,0,3,0,1,1,8,2,4
3,3,pool2,1,9,39,5,3,27,0,3,0,3,1,8,2,4
3,3,pool2,1,10,40,4,4,38,0,4,1,2,1,8,2,4
3,3,pool2,1,10,41,5,4,36,0,4,1,0,1,8,2,4
3,3,pool2,1,10,42,4,5,39,0,4,1,3,1,8,2,4
3,3,pool2,1,10,43,5,5,37,0,4,1,1,1,8,2,4
3,3,pool2,1,11,44,4,6,56,0,7,0,0,1,8,2,4
3,3,pool2,1,11,45,5,6,58,0,7,0,2,1,8,2,4
3,3,pool2,1,11,46,4,7,57,0,7,0,1,1,8,2,4
3,3,pool2,1,11,47,5,7,59,0,7,0,3,1,8,2,4
3,3,pool2,1,15,48,6,7,61,0,7,1,1,1,8,2,4
3,3,pool2,1,15,49,7,7,63,0,7,1,3,1,8,2,4
3,3,pool2,1,15,50,6,6,60,0,7,1,0,1,8,2,4
3,3,pool2,1,15,51,7,6,62,0,7,1,2,1,8,2,4
3,3,pool2,1,14,52,6,5,35,0,4,0,3,1,8,2,4
3,3,pool2,1,14,53,7,5,33,0,4,0,1,1,8,2,4
3,3,pool2,1,14,54,6,4,34,0,4,0,2,1,8,2,4
3,3,pool2,1,14,55,7,4,32,0,4,0,0,1,8,2,4
3,3,pool2,1,13,56,6,3,29,0,3,1,1,1,8,2,4
3,3,pool2,1,13,57,7,3,31,0,3,1,3,1,8,2,4
3,3,pool2,1,13,58,6,2,28,0,3,1,0,1,8,2,4
3,3,pool2,1,13,59,7,2,30,0,3,1,2,1,8,2,4
3,3,pool2,1,12,60,6,1,3,0,0,0,3,1,8,2,4
3,3,pool2,1,12,61,7,1,1,0,0,0,1,1,8,2,4
3,3,pool2,1,12,62,6,0,2,0,0,0,2,1,8,2,4
3,3,pool2,1,12,63,7,0,0,0,0,0,0,1,8,2,4
4,4,conv3,1,0,0,0,0,14,0,1,3,0,1,8,4,2
4,4,conv3,1,0,1,1,0,12,0,1,2,0,1,8,4,2
4,4,conv3,1,0,2,0,1,15,0,1,3,1,1,8,4,2
4,4,conv3,1,0,3,1,1,13,0,1,2,1,1,8,4,2
4,4,conv3,1,1,4,0,2,16,0,2,0,0,1,8,4,2
4,4,conv3,1,1,5,1,2,18,0,2,1,0,1,8,4,2
4,4,conv3,1,1,6,0,3,17,0,2,0,1,1,8,4,2
4,4,conv3,1,1,7,1,3,19,0,2,1,1,1,8,4,2
4,4,conv3,1,2,8,0,4,46,0,5,3,0,1,8,4,2
4,4,conv3,1,2,9,1,4,44,0,5,2,0,1,8,4,2
4,4,conv3,1,2,10,0,5,47,0,5,3,1,1,8,4,2
4,4,conv3,1,2,11,1,5,45,0,5,2,1,1,8,4,2
4,4,conv3,1,3,12,0,6,48,0,6,0,0,1,8,4,2
4,4,conv3,1,3,13,1,6,50,0,6,1,0,1,8,4,2
4,4,conv3,1,3,14,0,7,49,0,6,0,1,1,8,4,2
4,4,conv3,1,3,15,1,7,51,0,6,1,1,1,8,4,2
4,4,conv3,1,7,16,2,7,53,0,6,2,1,1,8,4,2
4,4,conv3,1,7,17,3,7,55,0,6,3,1,1,8,4,2
4,4,conv3,1,7,18,2,6,52,0,6,2,0,1,8,4,2
4,4,conv3,1,7,19,3,6,54,0,6,3,0,1,8,4,2
4,4,conv3,1,6,20,2,5,43,0,5,1,1,1,8,4,2
4,4,conv3,1,6,21,3,5,41,0,5,0,1,1,8,4,2
4,4,conv3,1,6,22,2,4,42,0,5,1,0,1,8,4,2
4,4,conv3,1,6,23,3,4,40,0,5,0,0,1,8,4,2
4,4,conv3,1,5,24,2,3,21,0,2,2,1,1,8,4,2
4,4,conv3,1,5,25,3,3,23,0,2,3,1,1,8,4,2
4,4,conv3,1,5,26,2,2,20,0,2,2,0,1,8,4,2
4,4,conv3,1,5,27,3,2,22,0,2,3,0,1,8,4,2
4,4,conv3,1,4,28,2,1,11,0,1,1,1,1,8,4,2
4,4,conv3,1,4,29,3,1,9,0,1,0,1,1,8,4,2
4,4,conv3,1,4,30,2,0,10,0,1,1,0,1,8,4,2
4,4,conv3,1,4,31,3,0,8,0,1,0,0,1,8,4,2
4,4,conv3,1,8,32,4,0,6,0,0,3,0,1,8,4,2
4,4,conv3,1,8,33,5,0,4,0,0,2,0,1,8,4,2
4,4,conv3,1,8,34,4,1,7,0,0,3,1,1,8,4,2
4,4,conv3,1,8,35,5,1,5,0,0,2,1,1,8,4,2
4,4,conv3,1,9,36,4,2,24,0,3,0,0,1,8,4,2
4,4,conv3,1,9,37,5,2,26,0,3,1,0,1,8,4,2
4,4,conv3,1,9,38,4,3,25,0,3,0,1,1,8,4,2
4,4,conv3,1,9,39,5,3,27,0,3,1,1,1,8,4,2
4,4,conv3,1,10,40,4,4,38,0,4,3,0,1,8,4,2
4,4,conv3,1,10,41,5,4,36,0,4,2,0,1,8,4,2
4,4,conv3,1,10,42,4,5,39,0,4,3,1,1,8,4,2
4,4,conv3,1,10,43,5,5,37,0,4,2,1,1,8,4,2
4,4,conv3,1,11,44,4,6,56,0,7,0,0,1,8,4,2
4,4,conv3,1,11,45,5,6,58,0,7,1,0,1,8,4,2
4,4,conv3,1,11,46,4,7,57,0,7,0,1,1,8,4,2
4,4,conv3,1,11,47,5,7,59,0,7,1,1,1,8,4,2
4,4,conv3,1,15,48,6,7,61,0,7,2,1,1,8,4,2
4,4,conv3,1,15,49,7,7,63,0,7,3,1,1,8,4,2
4,4,conv3,1,15,50,6,6,60,0,7,2,0,1,8,4,2
4,4,conv3,1,15,51,7,6,62,0,7,3,0,1,8,4,2
4,4,conv3,1,14,52,6,5,35,0,4,1,1,1,8,4,2
4,4,conv3,1,14,53,7,5,33,0,4,0,1,1,8,4,2
4,4,conv3,1,14,54,6,4,34,0,4,1,0,1,8,4,2
4,4,conv3,1,14,55,7,4,32,0,4,0,0,1,8,4,2
4,4,conv3,1,13,56,6,3,29,0,3,2,1,1,8,4,2
4,4,conv3,1,13,57,7,3,31,0,3,3,1,1,8,4,2
4,4,conv3,1,13,58,6,2,28,0,3,2,0,1,8,4,2
4,4,conv3,1,13,59,7,2,30,0,3,3,0,1,8,4,2
4,4,conv3,1,12,60,6,1,3,0,0,1,1,1,8,4,2
4,4,conv3,1,12,61,7,1,1,0,0,0,1,1,8,4,2
4,4,conv3,1,12,62,6,0,2,0,0,1,0,1,8,4,2
4,4,conv3,1,12,63,7,0,0,0,0,0,0,1,8,4,2
5,5,conv4,1,0,0,0,0,14,0,0,1,6,1,2,4,8
5,5,conv4,1,0,1,1,0,20,0,0,2,4,1,2,4,8
5,5,conv4,1,0,2,0,1,4,0,0,0,4,1,2,4,8
5,5,conv4,1,0,3,1,1,13,0,0,1,5,1,2,4,8
5,5,conv4,1,1,4,0,2,22,0,0,2,6,1,2,4,8
5,5,conv4,1,1,5,1,2,16,0,0,2,0,1,2,4,8
5,5,conv4,1,1,6,0,3,40,0,1,1,0,1,2,4,8
5,5,conv4,1,1,7,1,3,58,0,1,3,2,1,2,4,8
5,5,conv4,1,2,8,0,4,45,0,1,1,5,1,2,4,8
5,5,conv4,1,2,9,1,4,10,0,0,1,2,1,2,4,8
5,5,conv4,1,2,10,0,5,52,0,1,2,4,1,2,4,8
5,5,conv4,1,2,11,1,5,39,0,1,0,7,1,2,4,8
5,5,conv4,1,3,12,0,6,56,0,1,3,0,1,2,4,8
5,5,conv4,1,3,13,1,6,50,0,1,2,2,1,2,4,8
5,5,conv4,1,3,14,0,7,44,0,1,1,4,1,2,4,8
5,5,conv4,1,3,15,1,7,9,0,0,1,1,1,2,4,8
5,5,conv4,1,7,16,2,7,54,0,1,2,6,1,2,4,8
5,5,conv4,1,7,17,3,7,8,0,0,1,0,1,2,4,8
5,5,conv4,1,7,18,2,6,59,0,1,3,3,1,2,4,8
5,5,conv4,1,7,19,3,6,53,0,1,2,5,1,2,4,8
5,5,conv4,1,6,20,2,5,61,0,1,3,5,1,2,4,8
5,5,conv4,1,6,21,3,5,36,0,1,0,4,1,2,4,8
5,5,conv4,1,6,22,2,4,42,0,1,1,2,1,2,4,8
5,5,conv4,1,6,23,3,4,27,0,0,3,3,1,2,4,8
5,5,conv4,1,5,24,2,3,43,0,1,1,3,1,2,4,8
5,5,conv4,1,5,25,3,3,35,0,1,0,3,1,2,4,8
5,5,conv4,1,5,26,2,2,55,0,1,2,7,1,2,4,8
5,5,conv4,1,5,27,3,2,15,0,0,1,7,1,2,4,8
5,5,conv4,1,4,28,2,1,11,0,0,1,3,1,2,4,8
5,5,conv4,1,4,29,3,1,12,0,0,1,4,1,2,4,8
5,5,conv4,1,4,30,2,0,62,0,1,3,6,1,2,4,8
5,5,conv4,1,4,31,3,0,6,0,0,0,6,1,2,4,8
5,5,conv4,1,8,32,4,0,60,0,1,3,4,1,2,4,8
5,5,conv4,1,8,33,5,0,5,0,0,0,5,1,2,4,8
5,5,conv4,1,8,34,4,1,26,0,0,3,2,1,2,4,8
5,5,conv4,1,8,35,5,1,41,0,1,1,1,1,2,4,8
5,5,conv4,1,9,36,4,2,37,0,1,0,5,1,2,4,8
5,5,conv4,1,9,37,5,2,47,0,1,1,7,1,2,4,8
5,5,conv4,1,9,38,4,3,48,0,1,2,0,1,2,4,8
5,5,conv4,1,9,39,5,3,31,0,0,3,7,1,2,4,8
5,5,conv4,1,10,40,4,4,25,0,0,3,1,1,2,4,8
5,5,conv4,1,10,41,5,4,18,0,0,2,2,1,2,4,8
5,5,conv4,1,10,42,4,5,49,0,1,2,1,1,2,4,8
5,5,conv4,1,10,43,5,5,24,0,0,3,0,1,2,4,8
5,5,conv4,1,11,44,4,6,57,0,1,3,1,1,2,4,8
5,5,conv4,1,11,45,5,6,28,0,0,3,4,1,2,4,8
5,5,conv4,1,11,46,4,7,46,0,1,1,6,1,2,4,8
5,5,conv4,1,11,47,5,7,34,0,1,0,2,1,2,4,8
5,5,conv4,1,15,48,6,7,51,0,1,2,3,1,2,4,8
5,5,conv4,1,15,49,7,7,63,0,1,3,7,1,2,4,8
5,5,conv4,1,15,50,6,6,38,0,1,0,6,1,2,4,8
5,5,conv4,1,15,51,7,6,21,0,0,2,5,1,2,4,8
5,5,conv4,1,14,52,6,5,23,0,0,2,7,1,2,4,8
5,5,conv4,1,14,53,7,5,3,0,0,0,3,1,2,4,8
5,5,conv4,1,14,54,6,4,17,0,0,2,1,1,2,4,8
5,5,conv4,1,14,55,7,4,2,0,0,0,2,1,2,4,8
5,5,conv4,1,13,56,6,3,29,0,0,3,5,1,2,4,8
5,5,conv4,1,13,57,7,3,30,0,0,3,6,1,2,4,8
5,5,conv4,1,13,58,6,2,19,0,0,2,3,1,2,4,8
5,5,conv4,1,13,59,7,2,7,0,0,0,7,1,2,4,8
5,5,conv4,1,12,60,6,1,33,0,1,0,1,1,2,4,8
5,5,conv4,1,12,61,7,1,1,0,0,0,1,1,2,4,8
5,5,conv4,1,12,62,6,0,32,0,1,0,0,1,2,4,8
5,5,conv4,1,12,63,7,0,0,0,0,0,0,1,2,4,8
6,6,conv5,1,0,0,0,0,14,0,1,3,0,1,8,4,2
6,6,conv5,1,0,1,1,0,12,0,1,2,0,1,8,4,2
6,6,conv5,1,0,2,0,1,15,0,1,3,1,1,8,4,2
6,6,conv5,1,0,3,1,1,13,0,1,2,1,1,8,4,2
6,6,conv5,1,1,4,0,2,16,0,2,0,0,1,8,4,2
6,6,conv5,1,1,5,1,2,18,0,2,1,0,1,8,4,2
6,6,conv5,1,1,6,0,3,17,0,2,0,1,1,8,4,2
6,6,conv5,1,1,7,1,3,19,0,2,1,1,1,8,4,2
6,6,conv5,1,2,8,0,4,46,0,5,3,0,1,8,4,2
6,6,conv5,1,2,9,1,4,44,0,5,2,0,1,8,4,2
6,6,conv5,1,2,10,0,5,47,0,5,3,1,1,8,4,2
6,6,conv5,1,2,11,1,5,45,0,5,2,1,1,8,4,2
6,6,conv5,1,3,12,0,6,48,0,6,0,0,1,8,4,2
6,6,conv5,1,3,13,1,6,50,0,6,1,0,1,8,4,2
6,6,conv5,1,3,14,0,7,49,0,6,0,1,1,8,4,2
6,6,conv5,1,3,15,1,7,51,0,6,1,1,1,8,4,2
6,6,conv5,1,7,16,2,7,53,0,6,2,1,1,8,4,2
6,6,conv5,1,7,17,3,7,55,0,6,3,1,1,8,4,2
6,6,conv5,1,7,18,2,6,52,0,6,2,0,1,8,4,2
6,6,conv5,1,7,19,3,6,54,0,6,3,0,1,8,4,2
6,6,conv5,1,6,20,2,5,43,0,5,1,1,1,8,4,2
6,6,conv5,1,6,21,3,5,41,0,5,0,1,1,8,4,2
6,6,conv5,1,6,22,2,4,42,0,5,1,0,1,8,4,2
6,6,conv5,1,6,23,3,4,40,0,5,0,0,1,8,4,2
6,6,conv5,1,5,24,2,3,21,0,2,2,1,1,8,4,2
6,6,conv5,1,5,25,3,3,23,0,2,3,1,1,8,4,2
6,6,conv5,1,5,26,2,2,20,0,2,2,0,1,8,4,2
6,6,conv5,1,5,27,3,2,22,0,2,3,0,1,8,4,2
6,6,conv5,1,4,28,2,1,11,0,1,1,1,1,8,4,2
6,6,conv5,1,4,29,3,1,9,0,1,0,1,1,8,4,2
6,6,conv5,1,4,30,2,0,10,0,1,1,0,1,8,4,2
6,6,conv5,1,4,31,3,0,8,0,1,0,0,1,8,4,2
6,6,conv5,1,8,32,4,0,6,0,0,3,0,1,8,4,2
6,6,conv5,1,8,33,5,0,4,0,0,2,0,1,8,4,2
6,6,conv5,1,8,34,4,1,7,0,0,3,1,1,8,4,2
6,6,conv5,1,8,35,5,1,5,0,0,2,1,1,8,4,2
6,6,conv5,1,9,36,4,2,24,0,3,0,0,1,8,4,2
6,6,conv5,1,9,37,5,2,26,0,3,1,0,1,8,4,2
6,6,conv5,1,9,38,4,3,25,0,3,0,1,1,8,4,2
6,6,conv5,1,9,39,5,3,27,0,3,1,1,1,8,4,2
6,6,conv5,1,10,40,4,4,38,0,4,3,0,1,8,4,2
6,6,conv5,1,10,41,5,4,36,0,4,2,0,1,8,4,2
6,6,conv5,1,10,42,4,5,39,0,4,3,1,1,8,4,2
6,6,conv5,1,10,43,5,5,37,0,4,2,1,1,8,4,2
6,6,conv5,1,11,44,4,6,56,0,7,0,0,1,8,4,2
6,6,conv5,1,11,45,5,6,58,0,7,1,0,1,8,4,2
6,6,conv5,1,11,46,4,7,57,0,7,0,1,1,8,4,2
6,6,conv5,1,11,47,5,7,59,0,7,1,1,1,8,4,2
6,6,conv5,1,15,48,6,7,61,0,7,2,1,1,8,4,2
6,6,conv5,1,15,49,7,7,63,0,7,3,1,1,8,4,2
6,6,conv5,1,15,50,6,6,60,0,7,2,0,1,8,4,2
6,6,conv5,1,15,51,7,6,62,0,7,3,0,1,8,4,2
6,6,conv5,1,14,52,6,5,35,0,4,1,1,1,8,4,2
6,6,conv5,1,14,53,7,5,33,0,4,0,1,1,8,4,2
6,6,conv5,1,14,54,6,4,34,0,4,1,0,1,8,4,2
6,6,conv5,1,14,55,7,4,32,0,4,0,0,1,8,4,2
6,6,conv5,1,13,56,6,3,29,0,3,2,1,1,8,4,2
6,6,conv5,1,13,57,7,3,31,0,3,3,1,1,8,4,2
6,6,conv5,1,13,58,6,2,28,0,3,2,0,1,8,4,2
6,6,conv5,1,13,59,7,2,30,0,3,3,0,1,8,4,2
6,6,conv5,1,12,60,6,1,3,0,0,1,1,1,8,4,2
6,6,conv5,1,12,61,7,1,1,0,0,0,1,1,8,4,2
6,6,conv5,1,12,62,6,0,2,0,0,1,0,1,8,4,2
6,6,conv5,1,12,63,7,0,0,0,0,0,0,1,8,4,2
7,7,pool3,1,0,0,0,0,14,0,1,1,2,1,8,2,4
7,7,pool3,1,0,1,1,0,12,0,1,1,0,1,8,2,4
7,7,pool3,1,0,2,0,1,15,0,1,1,3,1,8,2,4
7,7,pool3,1,0,3,1,1,13,0,1,1,1,1,8,2,4
7,7,pool3,1,1,4,0,2,16,0,2,0,0,1,8,2,4
7,7,pool3,1,1,5,1,2,18,0,2,0,2,1,8,2,4
7,7,pool3,1,1,6,0,3,17,0,2,0,1,1,8,2,4
7,7,pool3,1,1,7,1,3,19,0,2,0,3,1,8,2,4
7,7,pool3,1,2,8,0,4,46,0,5,1,2,1,8,2,4
7,7,pool3,1,2,9,1,4,44,0,5,1,0,1,8,2,4
7,7,pool3,1,2,10,0,5,47,0,5,1,3,1,8,2,4
7,7,pool3,1,2,11,1,5,45,0,5,1,1,1,8,2,4
7,7,pool3,1,3,12,0,6,48,0,6,0,0,1,8,2,4
7,7,pool3,1,3,13,1,6,50,0,6,0,2,1,8,2,4
7,7,pool3,1,3,14,0,7,49,0,6,0,1,1,8,2,4
7,7,pool3,1,3,15,1,7,51,0,6,0,3,1,8,2,4
7,7,pool3,1,7,16,2,7,53,0,6,1,1,1,8,2,4
7,7,pool3,1,7,17,3,7,55,0,6,1,3,1,8,2,4
7,7,pool3,1,7,18,2,6,52,0,6,1,0,1,8,2,4
7,7,pool3,1,7,19,3,6,54,0,6,1,2,1,8,2,4
7,7,pool3,1,6,20,2,5,43,0,5,0,3,1,8,2,4
7,7,pool3,1,6,21,3,5,41,0,5,0,1,1,8,2,4
7,7,pool3,1,6,22,2,4,42,0,5,0,2,1,8,2,4
7,7,pool3,1,6,23,3,4,40,0,5,0,0,1,8,2,4
7,7,pool3,1,5,24,2,3,21,0,2,1,1,1,8,2,4
7,7,pool3,1,5,25,3,3,23,0,2,1,3,1,8,2,4
7,7,pool3,1,5,26,2,2,20,0,2,1,0,1,8,2,4
7,7,pool3,1,5,27,3,2,22,0,2,1,2,1,8,2,4
7,7,pool3,1,4,28,2,1,11,0,1,0,3,1,8,2,4
7,7,pool3,1,4,29,3,1,9,0,1,0,1,1,8,2,4
7,7,pool3,1,4,30,2,0,10,0,1,0,2,1,8,2,4
7,7,pool3,1,4,31,3,0,8,0,1,0,0,1,8,2,4
7,7,pool3,1,8,32,4,0,6,0,0,1,2,1,8,2,4
7,7,pool3,1,8,33,5,0,4,0,0,1,0,1,8,2,4
7,7,pool3,1,8,34,4,1,7,0,0,1,3,1,8,2,4
7,7,pool3,1,8,35,5,1,5,0,0,1,1,1,8,2,4
7,7,pool3,1,9,36,4,2,24,0,3,0,0,1,8,2,4
7,7,pool3,1,9,37,5,2,26,0,3,0,2,1,8,2,4
7,7,pool3,1,9,38,4,3,25,0,3,0,1,1,8,2,4
7,7,pool3,1,9,39,5,3,27,0,3,0,3,1,8,2,4
7,7,pool3,1,10,40,4,4,38,0,4,1,2,1,8,2,4
7,7,pool3,1,10,41,5,4,36,0,4,1,0,1,8,2,4
7,7,pool3,1,10,42,4,5,39,0,4,1,3,1,8,2,4
7,7,pool3,1,10,43,5,5,37,0,4,1,1,1,8,2,4
7,7,pool3,1,11,44,4,6,56,0,7,0,0,1,8,2,4
7,7,pool3,1,11,45,5,6,58,0,7,0,2,1,8,2,4
7,7,pool3,1,11,46,4,7,57,0,7,0,1,1,8,2,4
7,7,pool3,1,11,47,5,7,59,0,7,0,3,1,8,2,4
7,7,pool3,1,15,48,6,7,61,0,7,1,1,1,8,2,4
7,7,pool3,1,15,49,7,7,63,0,7,1,3,1,8,2,4
7,7,pool3,1,15,50,6,6,60,0,7,1,0,1,8,2,4
7,7,pool3,1,15,51,7,6,62,0,7,1,2,1,8,2,4
7,7,pool3,1,14,52,6,5,35,0,4,0,3,1,8,2,4
7,7,pool3,1,14,53,7,5,33,0,4,0,1,1,8,2,4
7,7,pool3,1,14,54,6,4,34,0,4,0,2,1,8,2,4
7,7,pool3,1,14,55,7,4,32,0,4,0,0,1,8,2,4
7,7,pool3,1,13,56,6,3,29,0,3,1,1,1,8,2,4
7,7,pool3,1,13,57,7,3,31,0,3,1,3,1,8,2,4
7,7,pool3,1,13,58,6,2,28,0,3,1,0,1,8,2,4
7,7,pool3,1,13,59,7,2,30,0,3,1,2,1,8,2,4
7,7,pool3,1,12,60,6,1,3,0,0,0,3,1,8,2,4
7,7,pool3,1,12,61,7,1,1,0,0,0,1,1,8,2,4
7,7,pool3,1,12,62,6,0,2,0,0,0,2,1,8,2,4
7,7,pool3,1,12,63,7,0,0,0,0,0,0,1,8,2,4
8,8,conv6,1,0,0,0,0,14,0,1,1,2,1,8,2,4
8,8,conv6,1,0,1,1,0,12,0,1,1,0,1,8,2,4
8,8,conv6,1,0,2,0,1,15,0,1,1,3,1,8,2,4
8,8,conv6,1,0,3,1,1,13,0,1,1,1,1,8,2,4
8,8,conv6,1,1,4,0,2,16,0,2,0,0,1,8,2,4
8,8,conv6,1,1,5,1,2,18,0,2,0,2,1,8,2,4
8,8,conv6,1,1,6,0,3,17,0,2,0,1,1,8,2,4
8,8,conv6,1,1,7,1,3,19,0,2,0,3,1,8,2,4
8,8,conv6,1,2,8,0,4,46,0,5,1,2,1,8,2,4
8,8,conv6,1,2,9,1,4,44,0,5,1,0,1,8,2,4
8,8,conv6,1,2,10,0,5,47,0,5,1,3,1,8,2,4
8,8,conv6,1,2,11,1,5,45,0,5,1,1,1,8,2,4
8,8,conv6,1,3,12,0,6,48,0,6,0,0,1,8,2,4
8,8,conv6,1,3,13,1,6,50,0,6,0,2,1,8,2,4
8,8,conv6,1,3,14,0,7,49,0,6,0,1,1,8,2,4
8,8,conv6,1,3,15,1,7,51,0,6,0,3,1,8,2,4
8,8,conv6,1,7,16,2,7,53,0,6,1,1,1,8,2,4
8,8,conv6,1,7,17,3,7,55,0,6,1,3,1,8,2,4
8,8,conv6,1,7,18,2,6,52,0,6,1,0,1,8,2,4
8,8,conv6,1,7,19,3,6,54,0,6,1,2,1,8,2,4
8,8,conv6,1,6,20,2,5,43,0,5,0,3,1,8,2,4
8,8,conv6,1,6,21,3,5,41,0,5,0,1,1,8,2,4
8,8,conv6,1,6,22,2,4,42,0,5,0,2,1,8,2,4
8,8,conv6,1,6,23,3,4,40,0,5,0,0,1,8,2,4
8,8,conv6,1,5,24,2,3,21,0,2,1,1,1,8,2,4
8,8,conv6,1,5,25,3,3,23,0,2,1,3,1,8,2,4
8,8,conv6,1,5,26,2,2,20,0,2,1,0,1,8,2,4
8,8,conv6,1,5,27,3,2,22,0,2,1,2,1,8,2,4
8,8,conv6,1,4,28,2,1,11,0,1,0,3,1,8,2,4
8,8,conv6,1,4,29,3,1,9,0,1,0,1,1,8,2,4
8,8,conv6,1,4,30,2,0,10,0,1,0,2,1,8,2,4
8,8,conv6,1,4,31,3,0,8,0,1,0,0,1,8,2,4
8,8,conv6,1,8,32,4,0,6,0,0,1,2,1,8,2,4
8,8,conv6,1,8,33,5,0,4,0,0,1,0,1,8,2,4
8,8,conv6,1,8,34,4,1,7,0,0,1,3,1,8,2,4
8,8,conv6,1,8,35,5,1,5,0,0,1,1,1,8,2,4
8,8,conv6,1,9,36,4,2,24,0,3,0,0,1,8,2,4
8,8,conv6,1,9,37,5,2,26,0,3,0,2,1,8,2,4
8,8,conv6,1,9,38,4,3,25,0,3,0,1,1,8,2,4
8,8,conv6,1,9,39,5,3,27,0,3,0,3,1,8,2,4
8,8,conv6,1,10,40,4,4,38,0,4,1,2,1,8,2,4
8,8,conv6,1,10,41,5,4,36,0,4,1,0,1,8,2,4
8,8,conv6,1,10,42,4,5,39,0,4,1,3,1,8,2,4
8,8,conv6,1,10,43,5,5,37,0,4,1,1,1,8,2,4
8,8,conv6,1,11,44,4,6,56,0,7,0,0,1,8,2,4
8,8,conv6,1,11,45,5,6,58,0,7,0,2,1,8,2,4
8,8,conv6,1,11,46,4,7,57,0,7,0,1,1,8,2,4
8,8,conv6,1,11,47,5,7,59,0,7,0,3,1,8,2,4
8,8,conv6,1,15,48,6,7,61,0,7,1,1,1,8,2,4
8,8,conv6,1,15,49,7,7,63,0,7,1,3,1,8,2,4
8,8,conv6,1,15,50,6,6,60,0,7,1,0,1,8,2,4
8,8,conv6,1,15,51,7,6,62,0,7,1,2,1,8,2,4
8,8,conv6,1,14,52,6,5,35,0,4,0,3,1,8,2,4
8,8,conv6,1,14,53,7,5,33,0,4,0,1,1,8,2,4
8,8,conv6,1,14,54,6,4,34,0,4,0,2,1,8,2,4
8,8,conv6,1,14,55,7,4,32,0,4,0,0,1,8,2,4
8,8,conv6,1,13,56,6,3,29,0,3,1,1,1,8,2,4
8,8,conv6,1,13,57,7,3,31,0,3,1,3,1,8,2,4
8,8,conv6,1,13,58,6,2,28,0,3,1,0,1,8,2,4
8,8,conv6,1,13,59,7,2,30,0,3,1,2,1,8,2,4
8,8,conv6,1,12,60,6,1,3,0,0,0,3,1,8,2,4
8,8,conv6,1,12,61,7,1,1,0,0,0,1,1,8,2,4
8,8,conv6,1,12,62,6,0,2,0,0,0,2,1,8,2,4
8,8,conv6,1,12,63,7,0,0,0,0,0,0,1,8,2,4
9,9,conv7,1,0,0,0,0,14,0,0,3,2,1,4,4,4
9,9,conv7,1,0,1,1,0,12,0,0,3,0,1,4,4,4
9,9,conv7,1,0,2,0,1,15,0,0,3,3,1,4,4,4
9,9,conv7,1,0,3,1,1,13,0,0,3,1,1,4,4,4
9,9,conv7,1,1,4,0,2,16,0,1,0,0,1,4,4,4
9,9,conv7,1,1,5,1,2,18,0,1,0,2,1,4,4,4
9,9,conv7,1,1,6,0,3,17,0,1,0,1,1,4,4,4
9,9,conv7,1,1,7,1,3,19,0,1,0,3,1,4,4,4
9,9,conv7,1,2,8,0,4,46,0,2,3,2,1,4,4,4
9,9,conv7,1,2,9,1,4,44,0,2,3,0,1,4,4,4
9,9,conv7,1,2,10,0,5,47,0,2,3,3,1,4,4,4
9,9,conv7,1,2,11,1,5,45,0,2,3,1,1,4,4,4
9,9,conv7,1,3,12,0,6,48,0,3,0,0,1,4,4,4
9,9,conv7,1,3,13,1,6,50,0,3,0,2,1,4,4,4
9,9,conv7,1,3,14,0,7,49,0,3,0,1,1,4,4,4
9,9,conv7,1,3,15,1,7,51,0,3,0,3,1,4,4,4
9,9,conv7,1,7,16,2,7,53,0,3,1,1,1,4,4,4
9,9,conv7,1,7,17,3,7,55,0,3,1,3,1,4,4,4
9,9,conv7,1,7,18,2,6,52,0,3,1,0,1,4,4,4
9,9,conv7,1,7,19,3,6,54,0,3,1,2,1,4,4,4
9,9,conv7,1,6,20,2,5,43,0,2,2,3,1,4,4,4
9,9,conv7,1,6,21,3,5,41,0,2,2,1,1,4,4,4
9,9,conv7,1,6,22,2,4,42,0,2,2,2,1,4,4,4
9,9,conv7,1,6,23,3,4,40,0,2,2,0,1,4,4,4
9,9,conv7,1,5,24,2,3,21,0,1,1,1,1,4,4,4
9,9,conv7,1,5,25,3,3,23,0,1,1,3,1,4,4,4
9,9,conv7,1,5,26,2,2,20,0,1,1,0,1,4,4,4
9,9,conv7,1,5,27,3,2,22,0,1,1,2,1,4,4,4
9,9,conv7,1,4,28,2,1,11,0,0,2,3,1,4,4,4
9,9,conv7,1,4,29,3,1,9,0,0,2,1,1,4,4,4
9,9,conv7,1,4,30,2,0,10,0,0,2,2,1,4,4,4
9,9,conv7,1,4,31,3,0,8,0,0,2,0,1,4,4,4
9,9,conv7,1,8,32,4,0,6,0,0,1,2,1,4,4,4
9,9,conv7,1,8,33,5,0,4,0,0,1,0,1,4,4,4
9,9,conv7,1,8,34,4,1,7,0,0,1,3,1,4,4,4
9,9,conv7,1,8,35,5,1,5,0,0,1,1,1,4,4,4
9,9,conv7,1,9,36,4,2,24,0,1,2,0,1,4,4,4
9,9,conv7,1,9,37,5,2,26,0,1,2,2,1,4,4,4
9,9,conv7,1,9,38,4,3,25,0,1,2,1,1,4,4,4
9,9,conv7,1,9,39,5,3,27,0,1,2,3,1,4,4,4
9,9,conv7,1,10,40,4,4,38,0,2,1,2,1,4,4,4
9,9,conv7,1,10,41,5,4,36,0,2,1,0,1,4,4,4
9,9,conv7,1,10,42,4,5,39,0,2,1,3,1,4,4,4
9,9,conv7,1,10,43,5,5,37,0,2,1,1,1,4,4,4
9,9,conv7,1,11,44,4,6,56,0,3,2,0,1,4,4,4
9,9,conv7,1,11,45,5,6,58,0,3,2,2,1,4,4,4
9,9,conv7,1,11,46,4,7,57,0,3,2,1,1,4,4,4
9,9,conv7,1,11,47,5,7,59,0,3,2,3,1,4,4,4
9,9,conv7,1,15,48,6,7,61,0,3,3,1,1,4,4,4
9,9,conv7,1,15,49,7,7,63,0,3,3,3,1,4,4,4
9,9,conv7,1,15,50,6,6,60,0,3,3,0,1,4,4,4
9,9,conv7,1,15,51,7,6,62,0,3,3,2,1,4,4,4
9,9,conv7,1,14,52,6,5,35,0,2,0,3,1,4,4,4
9,9,conv7,1,14,53,7,5,33,0,2,0,1,1,4,4,4
9,9,conv7,1,14,54,6,4,34,0,2,0,2,1,4,4,4
9,9,conv7,1,14,55,7,4,32,0,2,0,0,1,4,4,4
9,9,conv7,1,13,56,6,3,29,0,1,3,1,1,4,4,4
9,9,conv7,1,13,57,7,3,31,0,1,3,3,1,4,4,4
9,9,conv7,1,13,58,6,2,28,0,1,3,0,1,4,4,4
9,9,conv7,1,13,59,7,2,30,0,1,3,2,1,4,4,4
9,9,conv7,1,12,60,6,1,3,0,0,0,3,1,4,4,4
9,9,conv7,1,12,61,7,1,1,0,0,0,1,1,4,4,4
9,9,conv7,1,12,62,6,0,2,0,0,0,2,1,4,4,4
9,9,conv7,1,12,63,7,0,0,0,0,0,0,1,4,4,4
10,10,conv8,1,0,0,0,0,14,0,1,1,2,1,8,2,4
10,10,conv8,1,0,1,1,0,12,0,1,1,0,1,8,2,4
10,10,conv8,1,0,2,0,1,15,0,1,1,3,1,8,2,4
10,10,conv8,1,0,3,1,1,13,0,1,1,1,1,8,2,4
10,10,conv8,1,1,4,0,2,16,0,2,0,0,1,8,2,4
10,10,conv8,1,1,5,1,2,18,0,2,0,2,1,8,2,4
10,10,conv8,1,1,6,0,3,17,0,2,0,1,1,8,2,4
10,10,conv8,1,1,7,1,3,19,0,2,0,3,1,8,2,4
10,10,conv8,1,2,8,0,4,46,0,5,1,2,1,8,2,4
10,10,conv8,1,2,9,1,4,44,0,5,1,0,1,8,2,4
10,10,conv8,1,2,10,0,5,47,0,5,1,3,1,8,2,4
10,10,conv8,1,2,11,1,5,45,0,5,1,1,1,8,2,4
10,10,conv8,1,3,12,0,6,48,0,6,0,0,1,8,2,4
10,10,conv8,1,3,13,1,6,50,0,6,0,2,1,8,2,4
10,10,conv8,1,3,14,0,7,49,0,6,0,1,1,8,2,4
10,10,conv8,1,3,15,1,7,51,0,6,0,3,1,8,2,4
10,10,conv8,1,7,16,2,7,53,0,6,1,1,1,8,2,4
10,10,conv8,1,7,17,3,7,55,0,6,1,3,1,8,2,4
10,10,conv8,1,7,18,2,6,52,0,6,1,0,1,8,2,4
10,10,conv8,1,7,19,3,6,54,0,6,1,2,1,8,2,4
10,10,conv8,1,6,20,2,5,43,0,5,0,3,1,8,2,4
10,10,conv8,1,6,21,3,5,41,0,5,0,1,1,8,2,4
10,10,conv8,1,6,22,2,4,42,0,5,0,2,1,8,2,4
10,10,conv8,1,6,23,3,4,40,0,5,0,0,1,8,2,4
10,10,conv8,1,5,24,2,3,21,0,2,1,1,1,8,2,4
10,10,conv8,1,5,25,3,3,23,0,2,1,3,1,8,2,4
10,10,conv8,1,5,26,2,2,20,0,2,1,0,1,8,2,4
10,10,conv8,1,5,27,3,2,22,0,2,1,2,1,8,2,4
10,10,conv8,1,4,28,2,1,11,0,1,0,3,1,8,2,4
10,10,conv8,1,4,29,3,1,9,0,1,0,1,1,8,2,4
10,10,conv8,1,4,30,2,0,10,0,1,0,2,1,8,2,4
10,10,conv8,1,4,31,3,0,8,0,1,0,0,1,8,2,4
10,10,conv8,1,8,32,4,0,6,0,0,1,2,1,8,2,4
10,10,conv8,1,8,33,5,0,4,0,0,1,0,1,8,2,4
10,10,conv8,1,8,34,4,1,7,0,0,1,3,1,8,2,4
10,10,conv8,1,8,35,5,1,5,0,0,1,1,1,8,2,4
10,10,conv8,1,9,36,4,2,24,0,3,0,0,1,8,2,4
10,10,conv8,1,9,37,5,2,26,0,3,0,2,1,8,2,4
10,10,conv8,1,9,38,4,3,25,0,3,0,1,1,8,2,4
10,10,conv8,1,9,39,5,3,27,0,3,0,3,1,8,2,4
10,10,conv8,1,10,40,4,4,38,0,4,1,2,1,8,2,4
10,10,conv8,1,10,41,5,4,36,0,4,1,0,1,8,2,4
10,10,conv8,1,10,42,4,5,39,0,4,1,3,1,8,2,4
10,10,conv8,1,10,43,5,5,37,0,4,1,1,1,8,2,4
10,10,conv8,1,11,44,4,6,56,0,7,0,0,1,8,2,4
10,10,conv8,1,11,45,5,6,58,0,7,0,2,1,8,2,4
10,10,conv8,1,11,46,4,7,57,0,7,0,1,1,8,2,4
10,10,conv8,1,11,47,5,7,59,0,7,0,3,1,8,2,4
10,10,conv8,1,15,48,6,7,61,0,7,1,1,1,8,2,4
10,10,conv8,1,15,49,7,7,63,0,7,1,3,1,8,2,4
10,10,conv8,1,15,50,6,6,60,0,7,1,0,1,8,2,4
10,10,conv8,1,15,51,7,6,62,0,7,1,2,1,8,2,4
10,10,conv8,1,14,52,6,5,35,0,4,0,3,1,8,2,4
10,10,conv8,1,14,53,7,5,33,0,4,0,1,1,8,2,4
10,10,conv8,1,14,54,6,4,34,0,4,0,2,1,8,2,4
10,10,conv8,1,14,55,7,4,32,0,4,0,0,1,8,2,4
10,10,conv8,1,13,56,6,3,29,0,3,1,1,1,8,2,4
10,10,conv8,1,13,57,7,3,31,0,3,1,3,1,8,2,4
10,10,conv8,1,13,58,6,2,28,0,3,1,0,1,8,2,4
10,10,conv8,1,13,59,7,2,30,0,3,1,2,1,8,2,4
10,10,conv8,1,12,60,6,1,3,0,0,0,3,1,8,2,4
10,10,conv8,1,12,61,7,1,1,0,0,0,1,1,8,2,4
10,10,conv8,1,12,62,6,0,2,0,0,0,2,1,8,2,4
10,10,conv8,1,12,63,7,0,0,0,0,0,0,1,8,2,4
11,11,pool4,1,0,0,0,0,14,0,3,1,0,1,16,2,2
11,11,pool4,1,0,1,1,0,12,0,3,0,0,1,16,2,2
11,11,pool4,1,0,2,0,1,15,0,3,1,1,1,16,2,2
11,11,pool4,1,0,3,1,1,13,0,3,0,1,1,16,2,2
11,11,pool4,1,1,4,0,2,16,0,4,0,0,1,16,2,2
11,11,pool4,1,1,5,1,2,18,0,4,1,0,1,16,2,2
11,11,pool4,1,1,6,0,3,17,0,4,0,1,1,16,2,2
11,11,pool4,1,1,7,1,3,19,0,4,1,1,1,16,2,2
11,11,pool4,1,2,8,0,4,46,0,11,1,0,1,16,2,2
11,11,pool4,1,2,9,1,4,44,0,11,0,0,1,16,2,2
11,11,pool4,1,2,10,0,5,47,0,11,1,1,1,16,2,2
11,11,pool4,1,2,11,1,5,45,0,11,0,1,1,16,2,2
11,11,pool4,1,3,12,0,6,48,0,12,0,0,1,16,2,2
11,11,pool4,1,3,13,1,6,50,0,12,1,0,1,16,2,2
11,11,pool4,1,3,14,0,7,49,0,12,0,1,1,16,2,2
11,11,pool4,1,3,15,1,7,51,0,12,1,1,1,16,2,2
11,11,pool4,1,7,16,2,7,53,0,13,0,1,1,16,2,2
11,11,pool4,1,7,17,3,7,55,0,13,1,1,1,16,2,2
11,11,pool4,1,7,18,2,6,52,0,13,0,0,1,16,2,2
11,11,pool4,1,7,19,3,6,54,0,13,1,0,1,16,2,2
11,11,pool4,1,6,20,2,5,43,0,10,1,1,1,16,2,2
11,11,pool4,1,6,21,3,5,41,0,10,0,1,1,16,2,2
11,11,pool4,1,6,22,2,4,42,0,10,1,0,1,16,2,2
11,11,pool4,1,6,23,3,4,40,0,10,0,0,1,16,2,2
11,11,pool4,1,5,24,2,3,21,0,5,0,1,1,16,2,2
11,11,pool4,1,5,25,3,3,23,0,5,1,1,1,16,2,2
11,11,pool4,1,5,26,2,2,20,0,5,0,0,1,16,2,2
11,11,pool4,1,5,27,3,2,22,0,5,1,0,1,16,2,2
11,11,pool4,1,4,28,2,1,11,0,2,1,1,1,16,2,2
11,11,pool4,1,4,29,3,1,9,0,2,0,1,1,16,2,2
11,11,pool4,1,4,30,2,0,10,0,2,1,0,1,16,2,2
11,11,pool4,1,4,31,3,0,8,0,2,0,0,1,16,2,2
11,11,pool4,1,8,32,4,0,6,0,1,1,0,1,16,2,2
11,11,pool4,1,8,33,5,0,4,0,1,0,0,1,16,2,2
11,11,pool4,1,8,34,4,1,7,0,1,1,1,1,16,2,2
11,11,pool4,1,8,35,5,1,5,0,1,0,1,1,16,2,2
11,11,pool4,1,9,36,4,2,24,0,6,0,0,1,16,2,2
11,11,pool4,1,9,37,5,2,26,0,6,1,0,1,16,2,2
11,11,pool4,1,9,38,4,3,25,0,6,0,1,1,16,2,2
11,11,pool4,1,9,39,5,3,27,0,6,1,1,1,16,2,2
11,11,pool4,1,10,40,4,4,38,0,9,1,0,1,16,2,2
11,11,pool4,1,10,41,5,4,36,0,9,0,0,1,16,2,2
11,11,pool4,1,10,42,4,5,39,0,9,1,1,1,16,2,2
11,11,pool4,1,10,43,5,5,37,0,9,0,1,1,16,2,2
11,11,pool4,1,11,44,4,6,56,0,14,0,0,1,16,2,2
11,11,pool4,1,11,45,5,6,58,0,14,1,0,1,16,2,2
11,11,pool4,1,11,46,4,7,57,0,14,0,1,1,16,2,2
11,11,pool4,1,11,47,5,7,59,0,14,1,1,1,16,2,2
11,11,pool4,1,15,48,6,7,61,0,15,0,1,1,16,2,2
11,11,pool4,1,15,49,7,7,63,0,15,1,1,1,16,2,2
11,11,pool4,1,15,50,6,6,60,0,15,0,0,1,16,2,2
11,11,pool4,1,15,51,7,6,62,0,15,1,0,1,16,2,2
11,11,pool4,1,14,52,6,5,35,0,8,1,1,1,16,2,2
11,11,pool4,1,14,53,7,5,33,0,8,0,1,1,16,2,2
11,11,pool4,1,14,54,6,4,34,0,8,1,0,1,16,2,2
11,11,pool4,1,14,55,7,4,32,0,8,0,0,1,16,2,2
11,11,pool4,1,13,56,6,3,29,0,7,0,1,1,16,2,2
11,11,pool4,1,13,57,7,3,31,0,7,1,1,1,16,2,2
11,11,pool4,1,13,58,6,2,28,0,7,0,0,1,16,2,2
11,11,pool4,1,13,59,7,2,30,0,7,1,0,1,16,2,2
11,11,pool4,1,12,60,6,1,3,0,0,1,1,1,16,2,2
11,11,pool4,1,12,61,7,1,1,0,0,0,1,1,16,2,2
11,11,pool4,1,12,62,6,0,2,0,0,1,0,1,16,2,2
11,11,pool4,1,12,63,7,0,0,0,0,0,0,1,16,2,2
12,12,conv9,1,0,0,0,0,14,0,3,1,0,1,16,2,2
12,12,conv9,1,0,1,1,0,12,0,3,0,0,1,16,2,2
12,12,conv9,1,0,2,0,1,15,0,3,1,1,1,16,2,2
12,12,conv9,1,0,3,1,1,13,0,3,0,1,1,16,2,2
12,12,conv9,1,1,4,0,2,16,0,4,0,0,1,16,2,2
12,12,conv9,1,1,5,1,2,18,0,4,1,0,1,16,2,2
12,12,conv9,1,1,6,0,3,17,0,4,0,1,1,16,2,2
12,12,conv9,1,1,7,1,3,19,0,4,1,1,1,16,2,2
12,12,conv9,1,2,8,0,4,46,0,11,1,0,1,16,2,2
12,12,conv9,1,2,9,1,4,44,0,11,0,0,1,16,2,2
12,12,conv9,1,2,10,0,5,47,0,11,1,1,1,16,2,2
12,12,conv9,1,2,11,1,5,45,0,11,0,1,1,16,2,2
12,12,conv9,1,3,12,0,6,48,0,12,0,0,1,16,2,2
12,12,conv9,1,3,13,1,6,50,0,12,1,0,1,16,2,2
12,12,conv9,1,3,14,0,7,49,0,12,0,1,1,16,2,2
12,12,conv9,1,3,15,1,7,51,0,12,1,1,1,16,2,2
12,12,conv9,1,7,16,2,7,53,0,13,0,1,1,16,2,2
12,12,conv9,1,7,17,3,7,55,0,13,1,1,1,16,2,2
12,12,conv9,1,7,18,2,6,52,0,13,0,0,1,16,2,2
12,12,conv9,1,7,19,3,6,54,0,13,1,0,1,16,2,2
12,12,conv9,1,6,20,2,5,43,0,10,1,1,1,16,2,2
12,12,conv9,1,6,21,3,5,41,0,10,0,1,1,16,2,2
12,12,conv9,1,6,22,2,4,42,0,10,1,0,1,16,2,2
12,12,conv9,1,6,23,3,4,40,0,10,0,0,1,16,2,2
12,12,conv9,1,5,24,2,3,21,0,5,0,1,1,16,2,2
12,12,conv9,1,5,25,3,3,23,0,5,1,1,1,16,2,2
12,12,conv9,1,5,26,2,2,20,0,5,0,0,1,16,2,2
12,12,conv9,1,5,27,3,2,22,0,5,1,0,1,16,2,2
12,12,conv9,1,4,28,2,1,11,0,2,1,1,1,16,2,2
12,12,conv9,1,4,29,3,1,9,0,2,0,1,1,16,2,2
12,12,conv9,1,4,30,2,0,10,0,2,1,0,1,16,2,2
12,12,conv9,1,4,31,3,0,8,0,2,0,0,1,16,2,2
12,12,conv9,1,8,32,4,0,6,0,1,1,0,1,16,2,2
12,12,conv9,1,8,33,5,0,4,0,1,0,0,1,16,2,2
12,12,conv9,1,8,34,4,1,7,0,1,1,1,1,16,2,2
12,12,conv9,1,8,35,5,1,5,0,1,0,1,1,16,2,2
12,12,conv9,1,9,36,4,2,24,0,6,0,0,1,16,2,2
12,12,conv9,1,9,37,5,2,26,0,6,1,0,1,16,2,2
12,12,conv9,1,9,38,4,3,25,0,6,0,1,1,16,2,2
12,12,conv9,1,9,39,5,3,27,0,6,1,1,1,16,2,2
12,12,conv9,1,10,40,4,4,38,0,9,1,0,1,16,2,2
12,12,conv9,1,10,41,5,4,36,0,9,0,0,1,16,2,2
12,12,conv9,1,10,42,4,5,39,0,9,1,1,1,16,2,2
12,12,conv9,1,10,43,5,5,37,0,9,0,1,1,16,2,2
12,12,conv9,1,11,44,4,6,56,0,14,0,0,1,16,2,2
12,12,conv9,1,11,45,5,6,58,0,14,1,0,1,16,2,2
12,12,conv9,1,11,46,4,7,57,0,14,0,1,1,16,2,2
12,12,conv9,1,11,47,5,7,59,0,14,1,1,1,16,2,2
12,12,conv9,1,15,48,6,7,61,0,15,0,1,1,16,2,2
12,12,conv9,1,15,49,7,7,63,0,15,1,1,1,16,2,2
12,12,conv9,1,15,50,6,6,60,0,15,0,0,1,16,2,2
12,12,conv9,1,15,51,7,6,62,0,15,1,0,1,16,2,2
12,12,conv9,1,14,52,6,5,35,0,8,1,1,1,16,2,2
12,12,conv9,1,14,53,7,5,33,0,8,0,1,1,16,2,2
12,12,conv9,1,14,54,6,4,34,0,8,1,0,1,16,2,2
12,12,conv9,1,14,55,7,4,32,0,8,0,0,1,16,2,2
12,12,conv9,1,13,56,6,3,29,0,7,0,1,1,16,2,2
12,12,conv9,1,13,57,7,3,31,0,7,1,1,1,16,2,2
12,12,conv9,1,13,58,6,2,28,0,7,0,0,1,16,2,2
12,12,conv9,1,13,59,7,2,30,0,7,1,0,1,16,2,2
12,12,conv9,1,12,60,6,1,3,0,0,1,1,1,16,2,2
12,12,conv9,1,12,61,7,1,1,0,0,0,1,1,16,2,2
12,12,conv9,1,12,62,6,0,2,0,0,1,0,1,16,2,2
12,12,conv9,1,12,63,7,0,0,0,0,0,0,1,16,2,2
13,13,conv10,2,0,0,0,0,38,1,1,1,0,2,8,2,2
13,13,conv10,2,0,1,1,0,36,1,1,0,0,2,8,2,2
13,13,conv10,2,0,2,0,1,39,1,1,1,1,2,8,2,2
13,13,conv10,2,0,3,1,1,37,1,1,0,1,2,8,2,2
13,13,conv10,2,1,4,0,2,8,0,2,0,0,2,8,2,2
13,13,conv10,2,1,5,1,2,10,0,2,1,0,2,8,2,2
13,13,conv10,2,1,6,0,3,9,0,2,0,1,2,8,2,2
13,13,conv10,2,1,7,1,3,11,0,2,1,1,2,8,2,2
13,13,conv10,2,2,8,0,4,54,1,5,1,0,2,8,2,2
13,13,conv10,2,2,9,1,4,52,1,5,0,0,2,8,2,2
13,13,conv10,2,2,10,0,5,55,1,5,1,1,2,8,2,2
13,13,conv10,2,2,11,1,5,53,1,5,0,1,2,8,2,2
13,13,conv10,2,3,12,0,6,24,0,6,0,0,2,8,2,2
13,13,conv10,2,3,13,1,6,26,0,6,1,0,2,8,2,2
13,13,conv10,2,3,14,0,7,25,0,6,0,1,2,8,2,2
13,13,conv10,2,3,15,1,7,27,0,6,1,1,2,8,2,2
13,13,conv10,2,7,16,2,7,57,1,6,0,1,2,8,2,2
13,13,conv10,2,7,17,3,7,59,1,6,1,1,2,8,2,2
13,13,conv10,2,7,18,2,6,56,1,6,0,0,2,8,2,2
13,13,conv10,2,7,19,3,6,58,1,6,1,0,2,8,2,2
13,13,conv10,2,6,20,2,5,23,0,5,1,1,2,8,2,2
13,13,conv10,2,6,21,3,5,21,0,5,0,1,2,8,2,2
13,13,conv10,2,6,22,2,4,22,0,5,1,0,2,8,2,2
13,13,conv10,2,6,23,3,4,20,0,5,0,0,2,8,2,2
13,13,conv10,2,5,24,2,3,41,1,2,0,1,2,8,2,2
13,13,conv10,2,5,25,3,3,43,1,2,1,1,2,8,2,2
13,13,conv10,2,5,26,2,2,40,1,2,0,0,2,8,2,2
13,13,conv10,2,5,27,3,2,42,1,2,1,0,2,8,2,2
13,13,conv10,2,4,28,2,1,7,0,1,1,1,2,8,2,2
13,13,conv10,2,4,29,3,1,5,0,1,0,1,2,8,2,2
13,13,conv10,2,4,30,2,0,6,0,1,1,0,2,8,2,2
13,13,conv10,2,4,31,3,0,4,0,1,0,0,2,8,2,2
13,13,conv10,2,8,32,4,0,34,1,0,1,0,2,8,2,2
13,13,conv10,2,8,33,5,0,32,1,0,0,0,2,8,2,2
13,13,conv10,2,8,34,4,1,35,1,0,1,1,2,8,2,2
13,13,conv10,2,8,35,5,1,33,1,0,0,1,2,8,2,2
13,13,conv10,2,9,36,4,2,12,0,3,0,0,2,8,2,2
13,13,conv10,2,9,37,5,2,14,0,3,1,0,2,8,2,2
13,13,conv10,2,9,38,4,3,13,0,3,0,1,2,8,2,2
13,13,conv10,2,9,39,5,3,15,0,3,1,1,2,8,2,2
13,13,conv10,2,10,40,4,4,50,1,4,1,0,2,8,2,2
13,13,conv10,2,10,41,5,4,48,1,4,0,0,2,8,2,2
13,13,conv10,2,10,42,4,5,51,1,4,1,1,2,8,2,2
13,13,conv10,2,10,43,5,5,49,1,4,0,1,2,8,2,2
13,13,conv10,2,11,44,4,6,28,0,7,0,0,2,8,2,2
13,13,conv10,2,11,45,5,6,30,0,7,1,0,2,8,2,2
13,13,conv10,2,11,46,4,7,29,0,7,0,1,2,8,2,2
13,13,conv10,2,11,47,5,7,31,0,7,1,1,2,8,2,2
13,13,conv10,2,15,48,6,7,61,1,7,0,1,2,8,2,2
13,13,conv10,2,15,49,7,7,63,1,7,1,1,2,8,2,2
13,13,conv10,2,15,50,6,6,60,1,7,0,0,2,8,2,2
13,13,conv10,2,15,51,7,6,62,1,7,1,0,2,8,2,2
13,13,conv10,2,14,52,6,5,19,0,4,1,1,2,8,2,2
13,13,conv10,2,14,53,7,5,17,0,4,0,1,2,8,2,2
13,13,conv10,2,14,54,6,4,18,0,4,1,0,2,8,2,2
13,13,conv10,2,14,55,7,4,16,0,4,0,0,2,8,2,2
13,13,conv10,2,13,56,6,3,45,1,3,0,1,2,8,2,2
13,13,conv10,2,13,57,7,3,47,1,3,1,1,2,8,2,2
13,13,conv10,2,13,58,6,2,44,1,3,0,0,2,8,2,2
13,13,conv10,2,13,59,7,2,46,1,3,1,0,2,8,2,2
13,13,conv10,2,12,60,6,1,3,0,0,1,1,2,8,2,2
13,13,conv10,2,12,61,7,1,1,0,0,0,1,2,8,2,2
13,13,conv10,2,12,62,6,0,2,0,0,1,0,2,8,2,2
13,13,conv10,2,12,63,7,0,0,0,0,0,0,2,8,2,2
14,14,conv11,1,0,0,0,0,14,0,3,1,0,1,16,2,2
14,14,conv11,1,0,1,1,0,12,0,3,0,0,1,16,2,2
14,14,conv11,1,0,2,0,1,15,0,3,1,1,1,16,2,2
14,14,conv11,1,0,3,1,1,13,0,3,0,1,1,16,2,2
14,14,conv11,1,1,4,0,2,16,0,4,0,0,1,16,2,2
14,14,conv11,1,1,5,1,2,18,0,4,1,0,1,16,2,2
14,14,conv11,1,1,6,0,3,17,0,4,0,1,1,16,2,2
14,14,conv11,1,1,7,1,3,19,0,4,1,1,1,16,2,2
14,14,conv11,1,2,8,0,4,46,0,11,1,0,1,16,2,2
14,14,conv11,1,2,9,1,4,44,0,11,0,0,1,16,2,2
14,14,conv11,1,2,10,0,5,47,0,11,1,1,1,16,2,2
14,14,conv11,1,2,11,1,5,45,0,11,0,1,1,16,2,2
14,14,conv11,1,3,12,0,6,48,0,12,0,0,1,16,2,2
14,14,conv11,1,3,13,1,6,50,0,12,1,0,1,16,2,2
14,14,conv11,1,3,14,0,7,49,0,12,0,1,1,16,2,2
14,14,conv11,1,3,15,1,7,51,0,12,1,1,1,16,2,2
14,14,conv11,1,7,16,2,7,53,0,13,0,1,1,16,2,2
14,14,conv11,1,7,17,3,7,55,0,13,1,1,1,16,2,2
14,14,conv11,1,7,18,2,6,52,0,13,0,0,1,16,2,2
14,14,conv11,1,7,19,3,6,54,0,13,1,0,1,16,2,2
14,14,conv11,1,6,20,2,5,43,0,10,1,1,1,16,2,2
14,14,conv11,1,6,21,3,5,41,0,10,0,1,1,16,2,2
14,14,conv11,1,6,22,2,4,42,0,10,1,0,1,16,2,2
14,14,conv11,1,6,23,3,4,40,0,10,0,0,1,16,2,2
14,14,conv11,1,5,24,2,3,21,0,5,0,1,1,16,2,2
14,14,conv11,1,5,25,3,3,23,0,5,1,1,1,16,2,2
14,14,conv11,1,5,26,2,2,20,0,5,0,0,1,16,2,2
14,14,conv11,1,5,27,3,2,22,0,5,1,0,1,16,2,2
14,14,conv11,1,4,28,2,1,11,0,2,1,1,1,16,2,2
14,14,conv11,1,4,29,3,1,9,0,2,0,1,1,16,2,2
14,14,conv11,1,4,30,2,0,10,0,2,1,0,1,16,2,2
14,14,conv11,1,4,31,3,0,8,0,2,0,0,1,16,2,2
14,14,conv11,1,8,32,4,0,6,0,1,1,0,1,16,2,2
14,14,conv11,1,8,33,5,0,4,0,1,0,0,1,16,2,2
14,14,conv11,1,8,34,4,1,7,0,1,1,1,1,16,2,2
14,14,conv11,1,8,35,5,1,5,0,1,0,1,1,16,2,2
14,14,conv11,1,9,36,4,2,24,0,6,0,0,1,16,2,2
14,14,conv11,1,9,37,5,2,26,0,6,1,0,1,16,2,2
14,14,conv11,1,9,38,4,3,25,0,6,0,1,1,16,2,2
14,14,conv11,1,9,39,5,3,27,0,6,1,1,1,16,2,2
14,14,conv11,1,10,40,4,4,38,0,9,1,0,1,16,2,2
14,14,conv11,1,10,41,5,4,36,0,9,0,0,1,16,2,2
14,14,conv11,1,10,42,4,5,39,0,9,1,1,1,16,2,2
14,14,conv11,1,10,43,5,5,37,0,9,0,1,1,16,2,2
14,14,conv11,1,11,44,4,6,56,0,14,0,0,1,16,2,2
14,14,conv11,1,11,45,5,6,58,0,14,1,0,1,16,2,2
14,14,conv11,1,11,46,4,7,57,0,14,0,1,1,16,2,2
14,14,conv11,1,11,47,5,7,59,0,14,1,1,1,16,2,2
14,14,conv11,1,15,48,6,7,61,0,15,0,1,1,16,2,2
14,14,conv11,1,15,49,7,7,63,0,15,1,1,1,16,2,2
14,14,conv11,1,15,50,6,6,60,0,15,0,0,1,16,2,2
14,14,conv11,1,15,51,7,6,62,0,15,1,0,1,16,2,2
14,14,conv11,1,14,52,6,5,35,0,8,1,1,1,16,2,2
14,14,conv11,1,14,53,7,5,33,0,8,0,1,1,16,2,2
14,14,conv11,1,14,54,6,4,34,0,8,1,0,1,16,2,2
14,14,conv11,1,14,55,7,4,32,0,8,0,0,1,16,2,2
14,14,conv11,1,13,56,6,3,29,0,7,0,1,1,16,2,2
14,14,conv11,1,13,57,7,3,31,0,7,1,1,1,16,2,2
14,14,conv11,1,13,58,6,2,28,0,7,0,0,1,16,2,2
14,14,conv11,1,13,59,7,2,30,0,7,1,0,1,16,2,2
14,14,conv11,1,12,60,6,1,3,0,0,1,1,1,16,2,2
14,14,conv11,1,12,61,7,1,1,0,0,0,1,1,16,2,2
14,14,conv11,1,12,62,6,0,2,0,0,1,0,1,16,2,2
14,14,conv11,1,12,63,7,0,0,0,0,0,0,1,16,2,2
15,15,conv12,2,0,0,0,0,38,1,1,1,0,2,8,2,2
15,15,conv12,2,0,1,1,0,36,1,1,0,0,2,8,2,2
15,15,conv12,2,0,2,0,1,39,1,1,1,1,2,8,2,2
15,15,conv12,2,0,3,1,1,37,1,1,0,1,2,8,2,2
15,15,conv12,2,1,4,0,2,8,0,2,0,0,2,8,2,2
15,15,conv12,2,1,5,1,2,10,0,2,1,0,2,8,2,2
15,15,conv12,2,1,6,0,3,9,0,2,0,1,2,8,2,2
15,15,conv12,2,1,7,1,3,11,0,2,1,1,2,8,2,2
15,15,conv12,2,2,8,0,4,54,1,5,1,0,2,8,2,2
15,15,conv12,2,2,9,1,4,52,1,5,0,0,2,8,2,2
15,15,conv12,2,2,10,0,5,55,1,5,1,1,2,8,2,2
15,15,conv12,2,2,11,1,5,53,1,5,0,1,2,8,2,2
15,15,conv12,2,3,12,0,6,24,0,6,0,0,2,8,2,2
15,15,conv12,2,3,13,1,6,26,0,6,1,0,2,8,2,2
15,15,conv12,2,3,14,0,7,25,0,6,0,1,2,8,2,2
15,15,conv12,2,3,15,1,7,27,0,6,1,1,2,8,2,2
15,15,conv12,2,7,16,2,7,57,1,6,0,1,2,8,2,2
15,15,conv12,2,7,17,3,7,59,1,6,1,1,2,8,2,2
15,15,conv12,2,7,18,2,6,56,1,6,0,0,2,8,2,2
15,15,conv12,2,7,19,3,6,58,1,6,1,0,2,8,2,2
15,15,conv12,2,6,20,2,5,23,0,5,1,1,2,8,2,2
15,15,conv12,2,6,21,3,5,21,0,5,0,1,2,8,2,2
15,15,conv12,2,6,22,2,4,22,0,5,1,0,2,8,2,2
15,15,conv12,2,6,23,3,4,20,0,5,0,0,2,8,2,2
15,15,conv12,2,5,24,2,3,41,1,2,0,1,2,8,2,2
15,15,conv12,2,5,25,3,3,43,1,2,1,1,2,8,2,2
15,15,conv12,2,5,26,2,2,40,1,2,0,0,2,8,2,2
15,15,conv12,2,5,27,3,2,42,1,2,1,0,2,8,2,2
15,15,conv12,2,4,28,2,1,7,0,1,1,1,2,8,2,2
15,15,conv12,2,4,29,3,1,5,0,1,0,1,2,8,2,2
15,15,conv12,2,4,30,2,0,6,0,1,1,0,2,8,2,2
15,15,conv12,2,4,31,3,0,4,0,1,0,0,2,8,2,2
15,15,conv12,2,8,32,4,0,34,1,0,1,0,2,8,2,2
15,15,conv12,2,8,33,5,0,32,1,0,0,0,2,8,2,2
15,15,conv12,2,8,34,4,1,35,1,0,1,1,2,8,2,2
15,15,conv12,2,8,35,5,1,33,1,0,0,1,2,8,2,2
15,15,conv12,2,9,36,4,2,12,0,3,0,0,2,8,2,2
15,15,conv12,2,9,37,5,2,14,0,3,1,0,2,8,2,2
15,15,conv12,2,9,38,4,3,13,0,3,0,1,2,8,2,2
15,15,conv12,2,9,39,5,3,15,0,3,1,1,2,8,2,2
15,15,conv12,2,10,40,4,4,50,1,4,1,0,2,8,2,2
15,15,conv12,2,10,41,5,4,48,1,4,0,0,2,8,2,2
15,15,conv12,2,10,42,4,5,51,1,4,1,1,2,8,2,2
15,15,conv12,2,10,43,5,5,49,1,4,0,1,2,8,2,2
15,15,conv12,2,11,44,4,6,28,0,7,0,0,2,8,2,2
15,15,conv12,2,11,45,5,6,30,0,7,1,0,2,8,2,2
15,15,conv12,2,11,46,4,7,29,0,7,0,1,2,8,2,2
15,15,conv12,2,11,47,5,7,31,0,7,1,1,2,8,2,2
15,15,conv12,2,15,48,6,7,61,1,7,0,1,2,8,2,2
15,15,conv12,2,15,49,7,7,63,1,7,1,1,2,8,2,2
15,15,conv12,2,15,50,6,6,60,1,7,0,0,2,8,2,2
15,15,conv12,2,15,51,7,6,62,1,7,1,0,2,8,2,2
15,15,conv12,2,14,52,6,5,19,0,4,1,1,2,8,2,2
15,15,conv12,2,14,53,7,5,17,0,4,0,1,2,8,2,2
15,15,conv12,2,14,54,6,4,18,0,4,1,0,2,8,2,2
15,15,conv12,2,14,55,7,4,16,0,4,0,0,2,8,2,2
15,15,conv12,2,13,56,6,3,45,1,3,0,1,2,8,2,2
15,15,conv12,2,13,57,7,3,47,1,3,1,1,2,8,2,2
15,15,conv12,2,13,58,6,2,44,1,3,0,0,2,8,2,2
15,15,conv12,2,13,59,7,2,46,1,3,1,0,2,8,2,2
15,15,conv12,2,12,60,6,1,3,0,0,1,1,2,8,2,2
15,15,conv12,2,12,61,7,1,1,0,0,0,1,2,8,2,2
15,15,conv12,2,12,62,6,0,2,0,0,1,0,2,8,2,2
15,15,conv12,2,12,63,7,0,0,0,0,0,0,2,8,2,2
16,16,conv13,1,0,0,0,0,14,0,3,1,0,1,16,2,2
16,16,conv13,1,0,1,1,0,12,0,3,0,0,1,16,2,2
16,16,conv13,1,0,2,0,1,15,0,3,1,1,1,16,2,2
16,16,conv13,1,0,3,1,1,13,0,3,0,1,1,16,2,2
16,16,conv13,1,1,4,0,2,16,0,4,0,0,1,16,2,2
16,16,conv13,1,1,5,1,2,18,0,4,1,0,1,16,2,2
16,16,conv13,1,1,6,0,3,17,0,4,0,1,1,16,2,2
16,16,conv13,1,1,7,1,3,19,0,4,1,1,1,16,2,2
16,16,conv13,1,2,8,0,4,46,0,11,1,0,1,16,2,2
16,16,conv13,1,2,9,1,4,44,0,11,0,0,1,16,2,2
16,16,conv13,1,2,10,0,5,47,0,11,1,1,1,16,2,2
16,16,conv13,1,2,11,1,5,45,0,11,0,1,1,16,2,2
16,16,conv13,1,3,12,0,6,48,0,12,0,0,1,16,2,2
16,16,conv13,1,3,13,1,6,50,0,12,1,0,1,16,2,2
16,16,conv13,1,3,14,0,7,49,0,12,0,1,1,16,2,2
16,16,conv13,1,3,15,1,7,51,0,12,1,1,1,16,2,2
16,16,conv13,1,7,16,2,7,53,0,13,0,1,1,16,2,2
16,16,conv13,1,7,17,3,7,55,0,13,1,1,1,16,2,2
16,16,conv13,1,7,18,2,6,52,0,13,0,0,1,16,2,2
16,16,conv13,1,7,19,3,6,54,0,13,1,0,1,16,2,2
16,16,conv13,1,6,20,2,5,43,0,10,1,1,1,16,2,2
16,16,conv13,1,6,21,3,5,41,0,10,0,1,1,16,2,2
16,16,conv13,1,6,22,2,4,42,0,10,1,0,1,16,2,2
16,16,conv13,1,6,23,3,4,40,0,10,0,0,1,16,2,2
16,16,conv13,1,5,24,2,3,21,0,5,0,1,1,16,2,2
16,16,conv13,1,5,25,3,3,23,0,5,1,1,1,16,2,2
16,16,conv13,1,5,26,2,2,20,0,5,0,0,1,16,2,2
16,16,conv13,1,5,27,3,2,22,0,5,1,0,1,16,2,2
16,16,conv13,1,4,28,2,1,11,0,2,1,1,1,16,2,2
16,16,conv13,1,4,29,3,1,9,0,2,0,1,1,16,2,2
16,16,conv13,1,4,30,2,0,10,0,2,1,0,1,16,2,2
16,16,conv13,1,4,31,3,0,8,0,2,0,0,1,16,2,2
16,16,conv13,1,8,32,4,0,6,0,1,1,0,1,16,2,2
16,16,conv13,1,8,33,5,0,4,0,1,0,0,1,16,2,2
16,16,conv13,1,8,34,4,1,7,0,1,1,1,1,16,2,2
16,16,conv13,1,8,35,5,1,5,0,1,0,1,1,16,2,2
16,16,conv13,1,9,36,4,2,24,0,6,0,0,1,16,2,2
16,16,conv13,1,9,37,5,2,26,0,6,1,0,1,16,2,2
16,16,conv13,1,9,38,4,3,25,0,6,0,1,1,16,2,2
16,16,conv13,1,9,39,5,3,27,0,6,1,1,1,16,2,2
16,16,conv13,1,10,40,4,4,38,0,9,1,0,1,16,2,2
16,16,conv13,1,10,41,5,4,36,0,9,0,0,1,16,2,2
16,16,conv13,1,10,42,4,5,39,0,9,1,1,1,16,2,2
16,16,conv13,1,10,43,5,5,37,0,9,0,1,1,16,2,2
16,16,conv13,1,11,44,4,6,56,0,14,0,0,1,16,2,2
16,16,conv13,1,11,45,5,6,58,0,14,1,0,1,16,2,2
16,16,conv13,1,11,46,4,7,57,0,14,0,1,1,16,2,2
16,16,conv13,1,11,47,5,7,59,0,14,1,1,1,16,2,2
16,16,conv13,1,15,48,6,7,61,0,15,0,1,1,16,2,2
16,16,conv13,1,15,49,7,7,63,0,15,1,1,1,16,2,2
16,16,conv13,1,15,50,6,6,60,0,15,0,0,1,16,2,2
16,16,conv13,1,15,51,7,6,62,0,15,1,0,1,16,2,2
16,16,conv13,1,14,52,6,5,35,0,8,1,1,1,16,2,2
16,16,conv13,1,14,53,7,5,33,0,8,0,1,1,16,2,2
16,16,conv13,1,14,54,6,4,34,0,8,1,0,1,16,2,2
16,16,conv13,1,14,55,7,4,32,0,8,0,0,1,16,2,2
16,16,conv13,1,13,56,6,3,29,0,7,0,1,1,16,2,2
16,16,conv13,1,13,57,7,3,31,0,7,1,1,1,16,2,2
16,16,conv13,1,13,58,6,2,28,0,7,0,0,1,16,2,2
16,16,conv13,1,13,59,7,2,30,0,7,1,0,1,16,2,2
16,16,conv13,1,12,60,6,1,3,0,0,1,1,1,16,2,2
16,16,conv13,1,12,61,7,1,1,0,0,0,1,1,16,2,2
16,16,conv13,1,12,62,6,0,2,0,0,1,0,1,16,2,2
16,16,conv13,1,12,63,7,0,0,0,0,0,0,1,16,2,2
17,17,pool5,1,0,0,0,0,14,0,14,0,0,1,64,1,1
17,17,pool5,1,0,1,1,0,12,0,12,0,0,1,64,1,1
17,17,pool5,1,0,2,0,1,15,0,15,0,0,1,64,1,1
17,17,pool5,1,0,3,1,1,13,0,13,0,0,1,64,1,1
17,17,pool5,1,1,4,0,2,16,0,16,0,0,1,64,1,1
17,17,pool5,1,1,5,1,2,18,0,18,0,0,1,64,1,1
17,17,pool5,1,1,6,0,3,17,0,17,0,0,1,64,1,1
17,17,pool5,1,1,7,1,3,19,0,19,0,0,1,64,1,1
17,17,pool5,1,2,8,0,4,46,0,46,0,0,1,64,1,1
17,17,pool5,1,2,9,1,4,44,0,44,0,0,1,64,1,1
17,17,pool5,1,2,10,0,5,47,0,47,0,0,1,64,1,1
17,17,pool5,1,2,11,1,5,45,0,45,0,0,1,64,1,1
17,17,pool5,1,3,12,0,6,48,0,48,0,0,1,64,1,1
17,17,pool5,1,3,13,1,6,50,0,50,0,0,1,64,1,1
17,17,pool5,1,3,14,0,7,49,0,49,0,0,1,64,1,1
17,17,pool5,1,3,15,1,7,51,0,51,0,0,1,64,1,1
17,17,pool5,1,7,16,2,7,53,0,53,0,0,1,64,1,1
17,17,pool5,1,7,17,3,7,55,0,55,0,0,1,64,1,1
17,17,pool5,1,7,18,2,6,52,0,52,0,0,1,64,1,1
17,17,pool5,1,7,19,3,6,54,0,54,0,0,1,64,1,1
17,17,pool5,1,6,20,2,5,43,0,43,0,0,1,64,1,1
17,17,pool5,1,6,21,3,5,41,0,41,0,0,1,64,1,1
17,17,pool5,1,6,22,2,4,42,0,42,0,0,1,64,1,1
17,17,pool5,1,6,23,3,4,40,0,40,0,0,1,64,1,1
17,17,pool5,1,5,24,2,3,21,0,21,0,0,1,64,1,1
17,17,pool5,1,5,25,3,3,23,0,23,0,0,1,64,1,1
17,17,pool5,1,5,26,2,2,20,0,20,0,0,1,64,1,1
17,17,pool5,1,5,27,3,2,22,0,22,0,0,1,64,1,1
17,17,pool5,1,4,28,2,1,11,0,11,0,0,1,64,1,1
17,17,pool5,1,4,29,3,1,9,0,9,0,0,1,64,1,1
17,17,pool5,1,4,30,2,0,10,0,10,0,0,1,64,1,1
17,17,pool5,1,4,31,3,0,8,0,8,0,0,1,64,1,1
17,17,pool5,1,8,32,4,0,6,0,6,0,0,1,64,1,1
17,17,pool5,1,8,33,5,0,4,0,4,0,0,1,64,1,1
17,17,pool5,1,8,34,4,1,7,0,7,0,0,1,64,1,1
17,17,pool5,1,8,35,5,1,5,0,5,0,0,1,64,1,1
17,17,pool5,1,9,36,4,2,24,0,24,0,0,1,64,1,1
17,17,pool5,1,9,37,5,2,26,0,26,0,0,1,64,1,1
17,17,pool5,1,9,38,4,3,25,0,25,0,0,1,64,1,1
17,17,pool5,1,9,39,5,3,27,0,27,0,0,1,64,1,1
17,17,pool5,1,10,40,4,4,38,0,38,0,0,1,64,1,1
17,17,pool5,1,10,41,5,4,36,0,36,0,0,1,64,1,1
17,17,pool5,1,10,42,4,5,39,0,39,0,0,1,64,1,1
17,17,pool5,1,10,43,5,5,37,0,37,0,0,1,64,1,1
17,17,pool5,1,11,44,4,6,56,0,56,0,0,1,64,1,1
17,17,pool5,1,11,45,5,6,58,0,58,0,0,1,64,1,1
17,17,pool5,1,11,46,4,7,57,0,57,0,0,1,64,1,1
17,17,pool5,1,11,47,5,7,59,0,59,0,0,1,64,1,1
17,17,pool5,1,15,48,6,7,61,0,61,0,0,1,64,1,1
17,17,pool5,1,15,49,7,7,63,0,63,0,0,1,64,1,1
17,17,pool5,1,15,50,6,6,60,0,60,0,0,1,64,1,1
17,17,pool5,1,15,51,7,6,62,0,62,0,0,1,64,1,1
17,17,pool5,1,14,52,6,5,35,0,35,0,0,1,64,1,1
17,17,pool5,1,14,53,7,5,33,0,33,0,0,1,64,1,1
17,17,pool5,1,14,54,6,4,34,0,34,0,0,1,64,1,1
17,17,pool5,1,14,55,7,4,32,0,32,0,0,1,64,1,1
17,17,pool5,1,13,56,6,3,29,0,29,0,0,1,64,1,1
17,17,pool5,1,13,57,7,3,31,0,31,0,0,1,64,1,1
17,17,pool5,1,13,58,6,2,28,0,28,0,0,1,64,1,1
17,17,pool5,1,13,59,7,2,30,0,30,0,0,1,64,1,1
17,17,pool5,1,12,60,6,1,3,0,3,0,0,1,64,1,1
17,17,pool5,1,12,61,7,1,1,0,1,0,0,1,64,1,1
17,17,pool5,1,12,62,6,0,2,0,2,0,0,1,64,1,1
17,17,pool5,1,12,63,7,0,0,0,0,0,0,1,64,1,1
18,18,conv14,2,0,0,0,0,7,0,7,0,0,2,32,1,1
18,18,conv14,2,0,1,1,0,6,0,6,0,0,2,32,1,1
18,18,conv14,2,0,2,0,1,39,1,7,0,0,2,32,1,1
18,18,conv14,2,0,3,1,1,38,1,6,0,0,2,32,1,1
18,18,conv14,2,1,4,0,2,8,0,8,0,0,2,32,1,1
18,18,conv14,2,1,5,1,2,9,0,9,0,0,2,32,1,1
18,18,conv14,2,1,6,0,3,40,1,8,0,0,2,32,1,1
18,18,conv14,2,1,7,1,3,41,1,9,0,0,2,32,1,1
18,18,conv14,2,2,8,0,4,23,0,23,0,0,2,32,1,1
18,18,conv14,2,2,9,1,4,22,0,22,0,0,2,32,1,1
18,18,conv14,2,2,10,0,5,55,1,23,0,0,2,32,1,1
18,18,conv14,2,2,11,1,5,54,1,22,0,0,2,32,1,1
18,18,conv14,2,3,12,0,6,24,0,24,0,0,2,32,1,1
18,18,conv14,2,3,13,1,6,25,0,25,0,0,2,32,1,1
18,18,conv14,2,3,14,0,7,56,1,24,0,0,2,32,1,1
18,18,conv14,2,3,15,1,7,57,1,25,0,0,2,32,1,1
18,18,conv14,2,7,16,2,7,58,1,26,0,0,2,32,1,1
18,18,conv14,2,7,17,3,7,59,1,27,0,0,2,32,1,1
18,18,conv14,2,7,18,2,6,26,0,26,0,0,2,32,1,1
18,18,conv14,2,7,19,3,6,27,0,27,0,0,2,32,1,1
18,18,conv14,2,6,20,2,5,53,1,21,0,0,2,32,1,1
18,18,conv14,2,6,21,3,5,52,1,20,0,0,2,32,1,1
18,18,conv14,2,6,22,2,4,21,0,21,0,0,2,32,1,1
18,18,conv14,2,6,23,3,4,20,0,20,0,0,2,32,1,1
18,18,conv14,2,5,24,2,3,42,1,10,0,0,2,32,1,1
18,18,conv14,2,5,25,3,3,43,1,11,0,0,2,32,1,1
18,18,conv14,2,5,26,2,2,10,0,10,0,0,2,32,1,1
18,18,conv14,2,5,27,3,2,11,0,11,0,0,2,32,1,1
18,18,conv14,2,4,28,2,1,37,1,5,0,0,2,32,1,1
18,18,conv14,2,4,29,3,1,36,1,4,0,0,2,32,1,1
18,18,conv14,2,4,30,2,0,5,0,5,0,0,2,32,1,1
18,18,conv14,2,4,31,3,0,4,0,4,0,0,2,32,1,1
18,18,conv14,2,8,32,4,0,3,0,3,0,0,2,32,1,1
18,18,conv14,2,8,33,5,0,2,0,2,0,0,2,32,1,1
18,18,conv14,2,8,34,4,1,35,1,3,0,0,2,32,1,1
18,18,conv14,2,8,35,5,1,34,1,2,0,0,2,32,1,1
18,18,conv14,2,9,36,4,2,12,0,12,0,0,2,32,1,1
18,18,conv14,2,9,37,5,2,13,0,13,0,0,2,32,1,1
18,18,conv14,2,9,38,4,3,44,1,12,0,0,2,32,1,1
18,18,conv14,2,9,39,5,3,45,1,13,0,0,2,32,1,1
18,18,conv14,2,10,40,4,4,19,0,19,0,0,2,32,1,1
18,18,conv14,2,10,41,5,4,18,0,18,0,0,2,32,1,1
18,18,conv14,2,10,42,4,5,51,1,19,0,0,2,32,1,1
18,18,conv14,2,10,43,5,5,50,1,18,0,0,2,32,1,1
18,18,conv14,2,11,44,4,6,28,0,28,0,0,2,32,1,1
18,18,conv14,2,11,45,5,6,29,0,29,0,0,2,32,1,1
18,18,conv14,2,11,46,4,7,60,1,28,0,0,2,32,1,1
18,18,conv14,2,11,47,5,7,61,1,29,0,0,2,32,1,1
18,18,conv14,2,15,48,6,7,62,1,30,0,0,2,32,1,1
18,18,conv14,2,15,49,7,7,63,1,31,0,0,2,32,1,1
18,18,conv14,2,15,50,6,6,30,0,30,0,0,2,32,1,1
18,18,conv14,2,15,51,7,6,31,0,31,0,0,2,32,1,1
18,18,conv14,2,14,52,6,5,49,1,17,0,0,2,32,1,1
18,18,conv14,2,14,53,7,5,48,1,16,0,0,2,32,1,1
18,18,conv14,2,14,54,6,4,17,0,17,0,0,2,32,1,1
18,18,conv14,2,14,55,7,4,16,0,16,0,0,2,32,1,1
18,18,conv14,2,13,56,6,3,46,1,14,0,0,2,32,1,1
18,18,conv14,2,13,57,7,3,47,1,15,0,0,2,32,1,1
18,18,conv14,2,13,58,6,2,14,0,14,0,0,2,32,1,1
18,18,conv14,2,13,59,7,2,15,0,15,0,0,2,32,1,1
18,18,conv14,2,12,60,6,1,33,1,1,0,0,2,32,1,1
18,18,conv14,2,12,61,7,1,32,1,0,0,0,2,32,1,1
18,18,conv14,2,12,62,6,0,1,0,1,0,0,2,32,1,1
18,18,conv14,2,12,63,7,0,0,0,0,0,0,2,32,1,1
19,19,conv15,1,0,0,0,0,14,0,3,0,2,1,16,1,4
19,19,conv15,1,0,1,1,0,12,0,3,0,0,1,16,1,4
19,19,conv15,1,0,2,0,1,15,0,3,0,3,1,16,1,4
19,19,conv15,1,0,3,1,1,13,0,3,0,1,1,16,1,4
19,19,conv15,1,1,4,0,2,16,0,4,0,0,1,16,1,4
19,19,conv15,1,1,5,1,2,18,0,4,0,2,1,16,1,4
19,19,conv15,1,1,6,0,3,17,0,4,0,1,1,16,1,4
19,19,conv15,1,1,7,1,3,19,0,4,0,3,1,16,1,4
19,19,conv15,1,2,8,0,4,46,0,11,0,2,1,16,1,4
19,19,conv15,1,2,9,1,4,44,0,11,0,0,1,16,1,4
19,19,conv15,1,2,10,0,5,47,0,11,0,3,1,16,1,4
19,19,conv15,1,2,11,1,5,45,0,11,0,1,1,16,1,4
19,19,conv15,1,3,12,0,6,48,0,12,0,0,1,16,1,4
19,19,conv15,1,3,13,1,6,50,0,12,0,2,1,16,1,4
19,19,conv15,1,3,14,0,7,49,0,12,0,1,1,16,1,4
19,19,conv15,1,3,15,1,7,51,0,12,0,3,1,16,1,4
19,19,conv15,1,7,16,2,7,53,0,13,0,1,1,16,1,4
19,19,conv15,1,7,17,3,7,55,0,13,0,3,1,16,1,4
19,19,conv15,1,7,18,2,6,52,0,13,0,0,1,16,1,4
19,19,conv15,1,7,19,3,6,54,0,13,0,2,1,16,1,4
19,19,conv15,1,6,20,2,5,43,0,10,0,3,1,16,1,4
19,19,conv15,1,6,21,3,5,41,0,10,0,1,1,16,1,4
19,19,conv15,1,6,22,2,4,42,0,10,0,2,1,16,1,4
19,19,conv15,1,6,23,3,4,40,0,10,0,0,1,16,1,4
19,19,conv15,1,5,24,2,3,21,0,5,0,1,1,16,1,4
19,19,conv15,1,5,25,3,3,23,0,5,0,3,1,16,1,4
19,19,conv15,1,5,26,2,2,20,0,5,0,0,1,16,1,4
19,19,conv15,1,5,27,3,2,22,0,5,0,2,1,16,1,4
19,19,conv15,1,4,28,2,1,11,0,2,0,3,1,16,1,4
19,19,conv15,1,4,29,3,1,9,0,2,0,1,1,16,1,4
19,19,conv15,1,4,30,2,0,10,0,2,0,2,1,16,1,4
19,19,conv15,1,4,31,3,0,8,0,2,0,0,1,16,1,4
19,19,conv15,1,8,32,4,0,6,0,1,0,2,1,16,1,4
19,19,conv15,1,8,33,5,0,4,0,1,0,0,1,16,1,4
19,19,conv15,1,8,34,4,1,7,0,1,0,3,1,16,1,4
19,19,conv15,1,8,35,5,1,5,0,1,0,1,1,16,1,4
19,19,conv15,1,9,36,4,2,24,0,6,0,0,1,16,1,4
19,19,conv15,1,9,37,5,2,26,0,6,0,2,1,16,1,4
19,19,conv15,1,9,38,4,3,25,0,6,0,1,1,16,1,4
19,19,conv15,1,9,39,5,3,27,0,6,0,3,1,16,1,4
19,19,conv15,1,10,40,4,4,38,0,9,0,2,1,16,1,4
19,19,conv15,1,10,41,5,4,36,0,9,0,0,1,16,1,4
19,19,conv15,1,10,42,4,5,39,0,9,0,3,1,16,1,4
19,19,conv15,1,10,43,5,5,37,0,9,0,1,1,16,1,4
19,19,conv15,1,11,44,4,6,56,0,14,0,0,1,16,1,4
19,19,conv15,1,11,45,5,6,58,0,14,0,2,1,16,1,4
19,19,conv15,1,11,46,4,7,57,0,14,0,1,1,16,1,4
19,19,conv15,1,11,47,5,7,59,0,14,0,3,1,16,1,4
19,19,conv15,1,15,48,6,7,61,0,15,0,1,1,16,1,4
19,19,conv15,1,15,49,7,7,63,0,15,0,3,1,16,1,4
19,19,conv15,1,15,50,6,6,60,0,15,0,0,1,16,1,4
19,19,conv15,1,15,51,7,6,62,0,15,0,2,1,16,1,4
19,19,conv15,1,14,52,6,5,35,0,8,0,3,1,16,1,4
19,19,conv15,1,14,53,7,5,33,0,8,0,1,1,16,1,4
19,19,conv15,1,14,54,6,4,34,0,8,0,2,1,16,1,4
19,19,conv15,1,14,55,7,4,32,0,8,0,0,1,16,1,4
19,19,conv15,1,13,56,6,3,29,0,7,0,1,1,16,1,4
19,19,conv15,1,13,57,7,3,31,0,7,0,3,1,16,1,4
19,19,conv15,1,13,58,6,2,28,0,7,0,0,1,16,1,4
19,19,conv15,1,13,59,7,2,30,0,7,0,2,1,16,1,4
19,19,conv15,1,12,60,6,1,3,0,0,0,3,1,16,1,4
19,19,conv15,1,12,61,7,1,1,0,0,0,1,1,16,1,4
19,19,conv15,1,12,62,6,0,2,0,0,0,2,1,16,1,4
19,19,conv15,1,12,63,7,0,0,0,0,0,0,1,16,1,4
20,20,conv16,2,0,0,0,0,7,0,7,0,0,2,32,1,1
20,20,conv16,2,0,1,1,0,6,0,6,0,0,2,32,1,1
20,20,conv16,2,0,2,0,1,39,1,7,0,0,2,32,1,1
20,20,conv16,2,0,3,1,1,38,1,6,0,0,2,32,1,1
20,20,conv16,2,1,4,0,2,8,0,8,0,0,2,32,1,1
20,20,conv16,2,1,5,1,2,9,0,9,0,0,2,32,1,1
20,20,conv16,2,1,6,0,3,40,1,8,0,0,2,32,1,1
20,20,conv16,2,1,7,1,3,41,1,9,0,0,2,32,1,1
20,20,conv16,2,2,8,0,4,23,0,23,0,0,2,32,1,1
20,20,conv16,2,2,9,1,4,22,0,22,0,0,2,32,1,1
20,20,conv16,2,2,10,0,5,55,1,23,0,0,2,32,1,1
20,20,conv16,2,2,11,1,5,54,1,22,0,0,2,32,1,1
20,20,conv16,2,3,12,0,6,24,0,24,0,0,2,32,1,1
20,20,conv16,2,3,13,1,6,25,0,25,0,0,2,32,1,1
20,20,conv16,2,3,14,0,7,56,1,24,0,0,2,32,1,1
20,20,conv16,2,3,15,1,7,57,1,25,0,0,2,32,1,1
20,20,conv16,2,7,16,2,7,58,1,26,0,0,2,32,1,1
20,20,conv16,2,7,17,3,7,59,1,27,0,0,2,32,1,1
20,20,conv16,2,7,18,2,6,26,0,26,0,0,2,32,1,1
20,20,conv16,2,7,19,3,6,27,0,27,0,0,2,32,1,1
20,20,conv16,2,6,20,2,5,53,1,21,0,0,2,32,1,1
20,20,conv16,2,6,21,3,5,52,1,20,0,0,2,32,1,1
20,20,conv16,2,6,22,2,4,21,0,21,0,0,2,32,1,1
20,20,conv16,2,6,23,3,4,20,0,20,0,0,2,32,1,1
20,20,conv16,2,5,24,2,3,42,1,10,0,0,2,32,1,1
20,20,conv16,2,5,25,3,3,43,1,11,0,0,2,32,1,1
20,20,conv16,2,5,26,2,2,10,0,10,0,0,2,32,1,1
20,20,conv16,2,5,27,3,2,11,0,11,0,0,2,32,1,1
20,20,conv16,2,4,28,2,1,37,1,5,0,0,2,32,1,1
20,20,conv16,2,4,29,3,1,36,1,4,0,0,2,32,1,1
20,20,conv16,2,4,30,2,0,5,0,5,0,0,2,32,1,1
20,20,conv16,2,4,31,3,0,4,0,4,0,0,2,32,1,1
20,20,conv16,2,8,32,4,0,3,0,3,0,0,2,32,1,1
20,20,conv16,2,8,33,5,0,2,0,2,0,0,2,32,1,1
20,20,conv16,2,8,34,4,1,35,1,3,0,0,2,32,1,1
20,20,conv16,2,8,35,5,1,34,1,2,0,0,2,32,1,1
20,20,conv16,2,9,36,4,2,12,0,12,0,0,2,32,1,1
20,20,conv16,2,9,37,5,2,13,0,13,0,0,2,32,1,1
20,20,conv16,2,9,38,4,3,44,1,12,0,0,2,32,1,1
20,20,conv16,2,9,39,5,3,45,1,13,0,0,2,32,1,1
20,20,conv16,2,10,40,4,4,19,0,19,0,0,2,32,1,1
20,20,conv16,2,10,41,5,4,18,0,18,0,0,2,32,1,1
20,20,conv16,2,10,42,4,5,51,1,19,0,0,2,32,1,1
20,20,conv16,2,10,43,5,5,50,1,18,0,0,2,32,1,1
20,20,conv16,2,11,44,4,6,28,0,28,0,0,2,32,1,1
20,20,conv16,2,11,45,5,6,29,0,29,0,0,2,32,1,1
20,20,conv16,2,11,46,4,7,60,1,28,0,0,2,32,1,1
20,20,conv16,2,11,47,5,7,61,1,29,0,0,2,32,1,1
20,20,conv16,2,15,48,6,7,62,1,30,0,0,2,32,1,1
20,20,conv16,2,15,49,7,7,63,1,31,0,0,2,32,1,1
20,20,conv16,2,15,50,6,6,30,0,30,0,0,2,32,1,1
20,20,conv16,2,15,51,7,6,31,0,31,0,0,2,32,1,1
20,20,conv16,2,14,52,6,5,49,1,17,0,0,2,32,1,1
20,20,conv16,2,14,53,7,5,48,1,16,0,0,2,32,1,1
20,20,conv16,2,14,54,6,4,17,0,17,0,0,2,32,1,1
20,20,conv16,2,14,55,7,4,16,0,16,0,0,2,32,1,1
20,20,conv16,2,13,56,6,3,46,1,14,0,0,2,32,1,1
20,20,conv16,2,13,57,7,3,47,1,15,0,0,2,32,1,1
20,20,conv16,2,13,58,6,2,14,0,14,0,0,2,32,1,1
20,20,conv16,2,13,59,7,2,15,0,15,0,0,2,32,1,1
20,20,conv16,2,12,60,6,1,33,1,1,0,0,2,32,1,1
20,20,conv16,2,12,61,7,1,32,1,0,0,0,2,32,1,1
20,20,conv16,2,12,62,6,0,1,0,1,0,0,2,32,1,1
20,20,conv16,2,12,63,7,0,0,0,0,0,0,2,32,1,1
21,21,conv17,1,0,0,0,0,14,0,3,0,2,1,16,1,4
21,21,conv17,1,0,1,1,0,12,0,3,0,0,1,16,1,4
21,21,conv17,1,0,2,0,1,15,0,3,0,3,1,16,1,4
21,21,conv17,1,0,3,1,1,13,0,3,0,1,1,16,1,4
21,21,conv17,1,1,4,0,2,16,0,4,0,0,1,16,1,4
21,21,conv17,1,1,5,1,2,18,0,4,0,2,1,16,1,4
21,21,conv17,1,1,6,0,3,17,0,4,0,1,1,16,1,4
21,21,conv17,1,1,7,1,3,19,0,4,0,3,1,16,1,4
21,21,conv17,1,2,8,0,4,46,0,11,0,2,1,16,1,4
21,21,conv17,1,2,9,1,4,44,0,11,0,0,1,16,1,4
21,21,conv17,1,2,10,0,5,47,0,11,0,3,1,16,1,4
21,21,conv17,1,2,11,1,5,45,0,11,0,1,1,16,1,4
21,21,conv17,1,3,12,0,6,48,0,12,0,0,1,16,1,4
21,21,conv17,1,3,13,1,6,50,0,12,0,2,1,16,1,4
21,21,conv17,1,3,14,0,7,49,0,12,0,1,1,16,1,4
21,21,conv17,1,3,15,1,7,51,0,12,0,3,1,16,1,4
21,21,conv17,1,7,16,2,7,53,0,13,0,1,1,16,1,4
21,21,conv17,1,7,17,3,7,55,0,13,0,3,1,16,1,4
21,21,conv17,1,7,18,2,6,52,0,13,0,0,1,16,1,4
21,21,conv17,1,7,19,3,6,54,0,13,0,2,1,16,1,4
21,21,conv17,1,6,20,2,5,43,0,10,0,3,1,16,1,4
21,21,conv17,1,6,21,3,5,41,0,10,0,1,1,16,1,4
21,21,conv17,1,6,22,2,4,42,0,10,0,2,1,16,1,4
21,21,conv17,1,6,23,3,4,40,0,10,0,0,1,16,1,4
21,21,conv17,1,5,24,2,3,21,0,5,0,1,1,16,1,4
21,21,conv17,1,5,25,3,3,23,0,5,0,3,1,16,1,4
21,21,conv17,1,5,26,2,2,20,0,5,0,0,1,16,1,4
21,21,conv17,1,5,27,3,2,22,0,5,0,2,1,16,1,4
21,21,conv17,1,4,28,2,1,11,0,2,0,3,1,16,1,4
21,21,conv17,1,4,29,3,1,9,0,2,0,1,1,16,1,4
21,21,conv17,1,4,30,2,0,10,0,2,0,2,1,16,1,4
21,21,conv17,1,4,31,3,0,8,0,2,0,0,1,16,1,4
21,21,conv17,1,8,32,4,0,6,0,1,0,2,1,16,1,4
21,21,conv17,1,8,33,5,0,4,0,1,0,0,1,16,1,4
21,21,conv17,1,8,34,4,1,7,0,1,0,3,1,16,1,4
21,21,conv17,1,8,35,5,1,5,0,1,0,1,1,16,1,4
21,21,conv17,1,9,36,4,2,24,0,6,0,0,1,16,1,4
21,21,conv17,1,9,37,5,2,26,0,6,0,2,1,16,1,4
21,21,conv17,1,9,38,4,3,25,0,6,0,1,1,16,1,4
21,21,conv17,1,9,39,5,3,27,0,6,0,3,1,16,1,4
21,21,conv17,1,10,40,4,4,38,0,9,0,2,1,16,1,4
21,21,conv17,1,10,41,5,4,36,0,9,0,0,1,16,1,4
21,21,conv17,1,10,42,4,5,39,0,9,0,3,1,16,1,4
21,21,conv17,1,10,43,5,5,37,0,9,0,1,1,16,1,4
21,21,conv17,1,11,44,4,6,56,0,14,0,0,1,16,1,4
21,21,conv17,1,11,45,5,6,58,0,14,0,2,1,16,1,4
21,21,conv17,1,11,46,4,7,57,0,14,0,1,1,16,1,4
21,21,conv17,1,11,47,5,7,59,0,14,0,3,1,16,1,4
21,21,conv17,1,15,48,6,7,61,0,15,0,1,1,16,1,4
21,21,conv17,1,15,49,7,7,63,0,15,0,3,1,16,1,4
21,21,conv17,1,15,50,6,6,60,0,15,0,0,1,16,1,4
21,21,conv17,1,15,51,7,6,62,0,15,0,2,1,16,1,4
21,21,conv17,1,14,52,6,5,35,0,8,0,3,1,16,1,4
21,21,conv17,1,14,53,7,5,33,0,8,0,1,1,16,1,4
21,21,conv17,1,14,54,6,4,34,0,8,0,2,1,16,1,4
21,21,conv17,1,14,55,7,4,32,0,8,0,0,1,16,1,4
21,21,conv17,1,13,56,6,3,29,0,7,0,1,1,16,1,4
21,21,conv17,1,13,57,7,3,31,0,7,0,3,1,16,1,4
21,21,conv17,1,13,58,6,2,28,0,7,0,0,1,16,1,4
21,21,conv17,1,13,59,7,2,30,0,7,0,2,1,16,1,4
21,21,conv17,1,12,60,6,1,3,0,0,0,3,1,16,1,4
21,21,conv17,1,12,61,7,1,1,0,0,0,1,1,16,1,4
21,21,conv17,1,12,62,6,0,2,0,0,0,2,1,16,1,4
21,21,conv17,1,12,63,7,0,0,0,0,0,0,1,16,1,4
22,22,conv18,2,0,0,0,0,7,0,7,0,0,2,32,1,1
22,22,conv18,2,0,1,1,0,6,0,6,0,0,2,32,1,1
22,22,conv18,2,0,2,0,1,39,1,7,0,0,2,32,1,1
22,22,conv18,2,0,3,1,1,38,1,6,0,0,2,32,1,1
22,22,conv18,2,1,4,0,2,8,0,8,0,0,2,32,1,1
22,22,conv18,2,1,5,1,2,9,0,9,0,0,2,32,1,1
22,22,conv18,2,1,6,0,3,40,1,8,0,0,2,32,1,1
22,22,conv18,2,1,7,1,3,41,1,9,0,0,2,32,1,1
22,22,conv18,2,2,8,0,4,23,0,23,0,0,2,32,1,1
22,22,conv18,2,2,9,1,4,22,0,22,0,0,2,32,1,1
22,22,conv18,2,2,10,0,5,55,1,23,0,0,2,32,1,1
22,22,conv18,2,2,11,1,5,54,1,22,0,0,2,32,1,1
22,22,conv18,2,3,12,0,6,24,0,24,0,0,2,32,1,1
22,22,conv18,2,3,13,1,6,25,0,25,0,0,2,32,1,1
22,22,conv18,2,3,14,0,7,56,1,24,0,0,2,32,1,1
22,22,conv18,2,3,15,1,7,57,1,25,0,0,2,32,1,1
22,22,conv18,2,7,16,2,7,58,1,26,0,0,2,32,1,1
22,22,conv18,2,7,17,3,7,59,1,27,0,0,2,32,1,1
22,22,conv18,2,7,18,2,6,26,0,26,0,0,2,32,1,1
22,22,conv18,2,7,19,3,6,27,0,27,0,0,2,32,1,1
22,22,conv18,2,6,20,2,5,53,1,21,0,0,2,32,1,1
22,22,conv18,2,6,21,3,5,52,1,20,0,0,2,32,1,1
22,22,conv18,2,6,22,2,4,21,0,21,0,0,2,32,1,1
22,22,conv18,2,6,23,3,4,20,0,20,0,0,2,32,1,1
22,22,conv18,2,5,24,2,3,42,1,10,0,0,2,32,1,1
22,22,conv18,2,5,25,3,3,43,1,11,0,0,2,32,1,1
22,22,conv18,2,5,26,2,2,10,0,10,0,0,2,32,1,1
22,22,conv18,2,5,27,3,2,11,0,11,0,0,2,32,1,1
22,22,conv18,2,4,28,2,1,37,1,5,0,0,2,32,1,1
22,22,conv18,2,4,29,3,1,36,1,4,0,0,2,32,1,1
22,22,conv18,2,4,30,2,0,5,0,5,0,0,2,32,1,1
22,22,conv18,2,4,31,3,0,4,0,4,0,0,2,32,1,1
22,22,conv18,2,8,32,4,0,3,0,3,0,0,2,32,1,1
22,22,conv18,2,8,33,5,0,2,0,2,0,0,2,32,1,1
22,22,conv18,2,8,34,4,1,35,1,3,0,0,2,32,1,1
22,22,conv18,2,8,35,5,1,34,1,2,0,0,2,32,1,1
22,22,conv18,2,9,36,4,2,12,0,12,0,0,2,32,1,1
22,22,conv18,2,9,37,5,2,13,0,13,0,0,2,32,1,1
22,22,conv18,2,9,38,4,3,44,1,12,0,0,2,32,1,1
22,22,conv18,2,9,39,5,3,45,1,13,0,0,2,32,1,1
22,22,conv18,2,10,40,4,4,19,0,19,0,0,2,32,1,1
22,22,conv18,2,10,41,5,4,18,0,18,0,0,2,32,1,1
22,22,conv18,2,10,42,4,5,51,1,19,0,0,2,32,1,1
22,22,conv18,2,10,43,5,5,50,1,18,0,0,2,32,1,1
22,22,conv18,2,11,44,4,6,28,0,28,0,0,2,32,1,1
22,22,conv18,2,11,45,5,6,29,0,29,0,0,2,32,1,1
22,22,conv18,2,11,46,4,7,60,1,28,0,0,2,32,1,1
22,22,conv18,2,11,47,5,7,61,1,29,0,0,2,32,1,1
22,22,conv18,2,15,48,6,7,62,1,30,0,0,2,32,1,1
22,22,conv18,2,15,49,7,7,63,1,31,0,0,2,32,1,1
22,22,conv18,2,15,50,6,6,30,0,30,0,0,2,32,1,1
22,22,conv18,2,15,51,7,6,31,0,31,0,0,2,32,1,1
22,22,conv18,2,14,52,6,5,49,1,17,0,0,2,32,1,1
22,22,conv18,2,14,53,7,5,48,1,16,0,0,2,32,1,1
22,22,conv18,2,14,54,6,4,17,0,17,0,0,2,32,1,1
22,22,conv18,2,14,55,7,4,16,0,16,0,0,2,32,1,1
22,22,conv18,2,13,56,6,3,46,1,14,0,0,2,32,1,1
22,22,conv18,2,13,57,7,3,47,1,15,0,0,2,32,1,1
22,22,conv18,2,13,58,6,2,14,0,14,0,0,2,32,1,1
22,22,conv18,2,13,59,7,2,15,0,15,0,0,2,32,1,1
22,22,conv18,2,12,60,6,1,33,1,1,0,0,2,32,1,1
22,22,conv18,2,12,61,7,1,32,1,0,0,0,2,32,1,1
22,22,conv18,2,12,62,6,0,1,0,1,0,0,2,32,1,1
22,22,conv18,2,12,63,7,0,0,0,0,0,0,2,32,1,1
23,23,conv19,2,0,0,0,0,7,0,7,0,0,2,32,1,1
23,23,conv19,2,0,1,1,0,6,0,6,0,0,2,32,1,1
23,23,conv19,2,0,2,0,1,39,1,7,0,0,2,32,1,1
23,23,conv19,2,0,3,1,1,38,1,6,0,0,2,32,1,1
23,23,conv19,2,1,4,0,2,8,0,8,0,0,2,32,1,1
23,23,conv19,2,1,5,1,2,9,0,9,0,0,2,32,1,1
23,23,conv19,2,1,6,0,3,40,1,8,0,0,2,32,1,1
23,23,conv19,2,1,7,1,3,41,1,9,0,0,2,32,1,1
23,23,conv19,2,2,8,0,4,23,0,23,0,0,2,32,1,1
23,23,conv19,2,2,9,1,4,22,0,22,0,0,2,32,1,1
23,23,conv19,2,2,10,0,5,55,1,23,0,0,2,32,1,1
23,23,conv19,2,2,11,1,5,54,1,22,0,0,2,32,1,1
23,23,conv19,2,3,12,0,6,24,0,24,0,0,2,32,1,1
23,23,conv19,2,3,13,1,6,25,0,25,0,0,2,32,1,1
23,23,conv19,2,3,14,0,7,56,1,24,0,0,2,32,1,1
23,23,conv19,2,3,15,1,7,57,1,25,0,0,2,32,1,1
23,23,conv19,2,7,16,2,7,58,1,26,0,0,2,32,1,1
23,23,conv19,2,7,17,3,7,59,1,27,0,0,2,32,1,1
23,23,conv19,2,7,18,2,6,26,0,26,0,0,2,32,1,1
23,23,conv19,2,7,19,3,6,27,0,27,0,0,2,32,1,1
23,23,conv19,2,6,20,2,5,53,1,21,0,0,2,32,1,1
23,23,conv19,2,6,21,3,5,52,1,20,0,0,2,32,1,1
23,23,conv19,2,6,22,2,4,21,0,21,0,0,2,32,1,1
23,23,conv19,2,6,23,3,4,20,0,20,0,0,2,32,1,1
23,23,conv19,2,5,24,2,3,42,1,10,0,0,2,32,1,1
23,23,conv19,2,5,25,3,3,43,1,11,0,0,2,32,1,1
23,23,conv19,2,5,26,2,2,10,0,10,0,0,2,32,1,1
23,23,conv19,2,5,27,3,2,11,0,11,0,0,2,32,1,1
23,23,conv19,2,4,28,2,1,37,1,5,0,0,2,32,1,1
23,23,conv19,2,4,29,3,1,36,1,4,0,0,2,32,1,1
23,23,conv19,2,4,30,2,0,5,0,5,0,0,2,32,1,1
23,23,conv19,2,4,31,3,0,4,0,4,0,0,2,32,1,1
23,23,conv19,2,8,32,4,0,3,0,3,0,0,2,32,1,1
23,23,conv19,2,8,33,5,0,2,0,2,0,0,2,32,1,1
23,23,conv19,2,8,34,4,1,35,1,3,0,0,2,32,1,1
23,23,conv19,2,8,35,5,1,34,1,2,0,0,2,32,1,1
23,23,conv19,2,9,36,4,2,12,0,12,0,0,2,32,1,1
23,23,conv19,2,9,37,5,2,13,0,13,0,0,2,32,1,1
23,23,conv19,2,9,38,4,3,44,1,12,0,0,2,32,1,1
23,23,conv19,2,9,39,5,3,45,1,13,0,0,2,32,1,1
23,23,conv19,2,10,40,4,4,19,0,19,0,0,2,32,1,1
23,23,conv19,2,10,41,5,4,18,0,18,0,0,2,32,1,1
23,23,conv19,2,10,42,4,5,51,1,19,0,0,2,32,1,1
23,23,conv19,2,10,43,5,5,50,1,18,0,0,2,32,1,1
23,23,conv19,2,11,44,4,6,28,0,28,0,0,2,32,1,1
23,23,conv19,2,11,45,5,6,29,0,29,0,0,2,32,1,1
23,23,conv19,2,11,46,4,7,60,1,28,0,0,2,32,1,1
23,23,conv19,2,11,47,5,7,61,1,29,0,0,2,32,1,1
23,23,conv19,2,15,48,6,7,62,1,30,0,0,2,32,1,1
23,23,conv19,2,15,49,7,7,63,1,31,0,0,2,32,1,1
23,23,conv19,2,15,50,6,6,30,0,30,0,0,2,32,1,1
23,23,conv19,2,15,51,7,6,31,0,31,0,0,2,32,1,1
23,23,conv19,2,14,52,6,5,49,1,17,0,0,2,32,1,1
23,23,conv19,2,14,53,7,5,48,1,16,0,0,2,32,1,1
23,23,conv19,2,14,54,6,4,17,0,17,0,0,2,32,1,1
23,23,conv19,2,14,55,7,4,16,0,16,0,0,2,32,1,1
23,23,conv19,2,13,56,6,3,46,1,14,0,0,2,32,1,1
23,23,conv19,2,13,57,7,3,47,1,15,0,0,2,32,1,1
23,23,conv19,2,13,58,6,2,14,0,14,0,0,2,32,1,1
23,23,conv19,2,13,59,7,2,15,0,15,0,0,2,32,1,1
23,23,conv19,2,12,60,6,1,33,1,1,0,0,2,32,1,1
23,23,conv19,2,12,61,7,1,32,1,0,0,0,2,32,1,1
23,23,conv19,2,12,62,6,0,1,0,1,0,0,2,32,1,1
23,23,conv19,2,12,63,7,0,0,0,0,0,0,2,32,1,1
24,24,pool_avg,16,0,0,0,0,49,6,1,0,0,8,8,1,1
24,24,pool_avg,16,0,1,1,0,33,4,1,0,0,8,8,1,1
24,24,pool_avg,16,0,2,0,1,57,7,1,0,0,8,8,1,1
24,24,pool_avg,16,0,3,1,1,41,5,1,0,0,8,8,1,1
24,24,pool_avg,16,1,4,0,2,2,0,2,0,0,8,8,1,1
24,24,pool_avg,16,1,5,1,2,18,2,2,0,0,8,8,1,1
24,24,pool_avg,16,1,6,0,3,10,1,2,0,0,8,8,1,1
24,24,pool_avg,16,1,7,1,3,26,3,2,0,0,8,8,1,1
24,24,pool_avg,16,2,8,0,4,53,6,5,0,0,8,8,1,1
24,24,pool_avg,16,2,9,1,4,37,4,5,0,0,8,8,1,1
24,24,pool_avg,16,2,10,0,5,61,7,5,0,0,8,8,1,1
24,24,pool_avg,16,2,11,1,5,45,5,5,0,0,8,8,1,1
24,24,pool_avg,16,3,12,0,6,6,0,6,0,0,8,8,1,1
24,24,pool_avg,16,3,13,1,6,22,2,6,0,0,8,8,1,1
24,24,pool_avg,16,3,14,0,7,14,1,6,0,0,8,8,1,1
24,24,pool_avg,16,3,15,1,7,30,3,6,0,0,8,8,1,1
24,24,pool_avg,16,7,16,2,7,46,5,6,0,0,8,8,1,1
24,24,pool_avg,16,7,17,3,7,62,7,6,0,0,8,8,1,1
24,24,pool_avg,16,7,18,2,6,38,4,6,0,0,8,8,1,1
24,24,pool_avg,16,7,19,3,6,54,6,6,0,0,8,8,1,1
24,24,pool_avg,16,6,20,2,5,29,3,5,0,0,8,8,1,1
24,24,pool_avg,16,6,21,3,5,13,1,5,0,0,8,8,1,1
24,24,pool_avg,16,6,22,2,4,21,2,5,0,0,8,8,1,1
24,24,pool_avg,16,6,23,3,4,5,0,5,0,0,8,8,1,1
24,24,pool_avg,16,5,24,2,3,42,5,2,0,0,8,8,1,1
24,24,pool_avg,16,5,25,3,3,58,7,2,0,0,8,8,1,1
24,24,pool_avg,16,5,26,2,2,34,4,2,0,0,8,8,1,1
24,24,pool_avg,16,5,27,3,2,50,6,2,0,0,8,8,1,1
24,24,pool_avg,16,4,28,2,1,25,3,1,0,0,8,8,1,1
24,24,pool_avg,16,4,29,3,1,9,1,1,0,0,8,8,1,1
24,24,pool_avg,16,4,30,2,0,17,2,1,0,0,8,8,1,1
24,24,pool_avg,16,4,31,3,0,1,0,1,0,0,8,8,1,1
24,24,pool_avg,16,8,32,4,0,48,6,0,0,0,8,8,1,1
24,24,pool_avg,16,8,33,5,0,32,4,0,0,0,8,8,1,1
24,24,pool_avg,16,8,34,4,1,56,7,0,0,0,8,8,1,1
24,24,pool_avg,16,8,35,5,1,40,5,0,0,0,8,8,1,1
24,24,pool_avg,16,9,36,4,2,3,0,3,0,0,8,8,1,1
24,24,pool_avg,16,9,37,5,2,19,2,3,0,0,8,8,1,1
24,24,pool_avg,16,9,38,4,3,11,1,3,0,0,8,8,1,1
24,24,pool_avg,16,9,39,5,3,27,3,3,0,0,8,8,1,1
24,24,pool_avg,16,10,40,4,4,52,6,4,0,0,8,8,1,1
24,24,pool_avg,16,10,41,5,4,36,4,4,0,0,8,8,1,1
24,24,pool_avg,16,10,42,4,5,60,7,4,0,0,8,8,1,1
24,24,pool_avg,16,10,43,5,5,44,5,4,0,0,8,8,1,1
24,24,pool_avg,16,11,44,4,6,7,0,7,0,0,8,8,1,1
24,24,pool_avg,16,11,45,5,6,23,2,7,0,0,8,8,1,1
24,24,pool_avg,16,11,46,4,7,15,1,7,0,0,8,8,1,1
24,24,pool_avg,16,11,47,5,7,31,3,7,0,0,8,8,1,1
24,24,pool_avg,16,15,48,6,7,47,5,7,0,0,8,8,1,1
24,24,pool_avg,16,15,49,7,7,63,7,7,0,0,8,8,1,1
24,24,pool_avg,16,15,50,6,6,39,4,7,0,0,8,8,1,1
24,24,pool_avg,16,15,51,7,6,55,6,7,0,0,8,8,1,1
24,24,pool_avg,16,14,52,6,5,28,3,4,0,0,8,8,1,1
24,24,pool_avg,16,14,53,7,5,12,1,4,0,0,8,8,1,1
24,24,pool_avg,16,14,54,6,4,20,2,4,0,0,8,8,1,1
24,24,pool_avg,16,14,55,7,4,4,0,4,0,0,8,8,1,1
24,24,pool_avg,16,13,56,6,3,43,5,3,0,0,8,8,1,1
24,24,pool_avg,16,13,57,7,3,59,7,3,0,0,8,8,1,1
24,24,pool_avg,16,13,58,6,2,35,4,3,0,0,8,8,1,1
24,24,pool_avg,16,13,59,7,2,51,6,3,0,0,8,8,1,1
24,24,pool_avg,16,12,60,6,1,24,3,0,0,0,8,8,1,1
24,24,pool_avg,16,12,61,7,1,8,1,0,0,0,8,8,1,1
24,24,pool_avg,16,12,62,6,0,16,2,0,0,0,8,8,1,1
24,24,pool_avg,16,12,63,7,0,0,0,0,0,0,8,8,1,1
