mapping,source,destination,bytes,MiB,share_pct,change_from_D1_pp
D1,0,4,64686400,61.68975830078125,1.9557702289403955,0.0
D1,0,1,63784512,60.82965087890625,1.9285019669836534,0.0
D1,1,5,64139296,61.167999267578125,1.9392287346644084,0.0
D1,1,0,78556416,74.917236328125,2.3751252149610576,0.0
D1,1,2,98972672,94.3876953125,2.992403432194134,0.0
D1,2,6,68757632,65.5723876953125,2.078862476162523,0.0
D1,2,1,98010688,93.47027587890625,2.9633181891149554,0.0
D1,2,3,79566528,75.88055419921875,2.4056655909519216,0.0
D1,3,7,69853856,66.61782836914062,2.112006417755346,0.0
D1,3,2,63545600,60.601806640625,1.9212785478888113,0.0
D1,4,8,66763232,63.670379638671875,2.018562503608807,0.0
D1,4,0,58537408,55.82562255859375,1.7698576493008937,0.0
D1,4,5,57844416,55.16473388671875,1.7489052833863605,0.0
D1,5,9,66216928,63.149383544921875,2.0020451970474427,0.0
D1,5,4,66311424,63.239501953125,2.004902249898644,0.0
D1,5,1,57835104,55.155853271484375,1.7486237383881553,0.0
D1,5,6,93079936,88.7679443359375,2.8142386613024892,0.0
D1,6,10,72257568,68.91018676757812,2.1846817926184823,0.0
D1,6,5,86264576,82.268310546875,2.608178682891089,0.0
D1,6,2,56887104,54.25177001953125,1.7199612965605766,0.0
D1,6,7,77706368,74.1065673828125,2.3494243169118487,0.0
D1,7,11,76979040,73.41293334960938,2.327433814285721,0.0
D1,7,6,57479360,54.81658935546875,1.7378679454498538,0.0
D1,7,3,57298016,54.643646240234375,1.7323850742992413,0.0
D1,8,12,63038272,60.11798095703125,1.9059396667838513,0.0
D1,8,4,61329728,58.48858642578125,1.8542824484190212,0.0
D1,8,9,53689920,51.20269775390625,1.62329557882633,0.0
D1,9,13,63272736,60.341583251953125,1.9130286021853928,0.0
D1,9,8,68279040,65.115966796875,2.0643924177668014,0.0
D1,9,5,60626624,57.81805419921875,1.8330243497916607,0.0
D1,9,10,84739456,80.8138427734375,2.5620672237348896,0.0
D1,10,14,68433536,65.2633056640625,2.069063549214685,0.0
D1,10,9,87023040,82.99163818359375,2.631110571370322,0.0
D1,10,6,59507136,56.75042724609375,1.7991770294576177,0.0
D1,10,11,65548736,62.51214599609375,1.9818426502862043,0.0
D1,11,15,71339744,68.03488159179688,2.1569317113864614,0.0
D1,11,10,59368960,56.61865234375,1.7949993273880318,0.0
D1,11,7,59960768,57.18304443359375,1.81289243115712,0.0
D1,12,8,61831488,58.96710205078125,1.869452983030209,0.0
D1,12,13,51712896,49.3172607421875,1.5635209634342129,0.0
D1,13,12,78499968,74.8634033203125,2.373418529817299,0.0
D1,13,9,61137632,58.305389404296875,1.8484744943838833,0.0
D1,13,14,81965312,78.168212890625,2.4781919694929835,0.0
D1,14,13,98976512,94.391357421875,2.992519533224322,0.0
D1,14,10,60121792,57.33660888671875,1.8177609343563228,0.0
D1,14,15,65812608,62.7637939453125,1.9898207260772665,0.0
D1,15,14,59589120,56.82861328125,1.801655786452124,0.0
D1,15,11,60325088,57.530487060546875,1.8239075163961744,0.0
D2,0,4,61475136,58.62725830078125,1.8584294183907952,-0.09734081054960028
D2,0,1,66069248,63.008544921875,1.9973121187427259,0.06881015175907237
D2,1,5,60928032,58.105499267578125,1.8418901435770025,-0.0973385910874057
D2,1,0,77846080,74.23980712890625,2.3533326575870173,-0.021792557374040317
D2,1,2,102028544,97.302001953125,3.08438272808668,0.09197929589254555
D2,2,6,59609152,56.84771728515625,1.8020196276121863,-0.27684284855033703
D2,2,1,95079040,90.6744384765625,2.8742951460628756,-0.08902304305207984
D2,2,3,80344640,76.62261962890625,2.428865591871449,0.02320000091952726
D2,3,7,60704032,57.891876220703125,1.8351184921939208,-0.27688792556142505
D2,3,2,61342272,58.50054931640625,1.854412861741859,-0.06686568614695243
D2,4,8,60340704,57.545379638671875,1.824134873650562,-0.19442762995824475
D2,4,0,71177984,67.880615234375,2.151752204457902,0.3818945551570082
D2,4,5,60051200,57.269287109375,1.8153829979273135,0.066477714540953
D2,5,9,59794400,57.024383544921875,1.807619783305995,-0.1944254137414475
D2,5,4,65585856,62.54754638671875,1.9826988950580353,-0.02220335484060844
D2,5,1,70476512,67.21163940429688,2.130546294462397,0.3819225560742417
D2,5,6,96014656,91.56671142578125,2.9025793665112394,0.08834070520875002
D2,6,10,59895520,57.120819091796875,1.810676700216072,-0.37400509240241053
D2,6,5,83296256,79.4375,2.518094674767548,-0.09008400812354107
D2,6,2,66518592,63.43707275390625,2.0108960514171876,0.29093475485661124
D2,6,7,78414400,74.78179931640625,2.3705133045246645,0.021088987612815843
D2,7,11,64615648,61.622283935546875,1.9533689381603703,-0.3740648761253507
D2,7,6,55249088,52.68963623046875,1.6702123355768075,-0.06765560987304631
D2,7,3,66929504,63.828948974609375,2.0233181621900664,0.29093308789082534
D2,8,12,53404480,50.93048095703125,1.6144487538158983,-0.29149091296795315
D2,8,4,73694080,70.2801513671875,2.227815262307752,0.3735328138887311
D2,8,9,55974656,53.381591796875,1.692146681785378,0.06885110295904821
D2,9,13,53638944,51.154083251953125,1.6215367380564467,-0.2914918641289461
D2,9,8,67568704,64.43853759765625,2.042641553101075,-0.021750864665726413
D2,9,5,72992320,69.61090087890625,2.206600645903326,0.37357629611166515
D2,9,10,87795328,83.7281494140625,2.654104260175514,0.09203703644062415
D2,10,14,55818304,53.23248291015625,1.687420069119987,-0.38164348009469795
D2,10,9,84091392,80.19580078125,2.5421321024199504,-0.08897846895037156
D2,10,6,65927360,62.87322998046875,1.9930227612809277,0.19384573182331005
D2,10,11,66326848,63.25421142578125,2.00509951783327,0.023256867547065407
D2,11,15,58723872,56.003448486328125,1.775257093967478,-0.38167461741898323
D2,11,10,57165632,54.51739501953125,1.7281505848104548,-0.06684874257757711
D2,11,7,66380992,63.30584716796875,2.0067363227104376,0.19384389155331744
D2,12,8,70984576,67.6961669921875,2.1459053671779955,0.27645238414778645
D2,12,13,53919680,51.42181396484375,1.6300235519969861,0.0665025885627734
D2,13,12,77774400,74.17144775390625,2.351165729144431,-0.022252800672867626
D2,13,9,70292064,67.03573608398438,2.1249703232378137,0.27649582885393015
D2,13,14,84900032,80.96697998046875,2.5665777639128753,0.08838579441989187
D2,14,13,96008192,91.560546875,2.9023839559998987,-0.09013557722442334
D2,14,10,63328448,60.39471435546875,1.9144561271768754,0.0966951928205527
D2,14,15,66520640,63.43902587890625,2.0109579636584045,0.021137237581137988
D2,15,14,57358848,54.70166015625,1.733991617817747,-0.06766416863437721
D2,15,11,63531744,60.588592529296875,1.9206018844964066,0.09669436810023219
D3,0,4,64391744,61.40875244140625,1.8588450503837926,-0.09692517855660297
D3,0,1,67210944,64.09735107421875,1.9402290235534272,0.011727056569773783
D3,1,5,63844960,60.887298583984375,1.8430606241687009,-0.09616811049570732
D3,1,0,88291008,84.20086669921875,2.5487631335811596,0.17363791862010197
D3,1,2,107430656,102.453857421875,3.101281791111045,0.10887835891691053
D3,2,6,62533440,59.63653564453125,1.8051999869342232,-0.2736624892283001
D3,2,1,103535872,98.739501953125,2.9888481232061346,0.025529934091179235
D3,2,3,89946432,85.77960205078125,2.5965515070205636,0.19088591606864214
D3,3,7,63628640,60.680999755859375,1.836815951539567,-0.275190466215779
D3,3,2,64770880,61.77032470703125,1.8697898553113046,-0.051488692577506684
D3,4,8,64863712,61.858856201171875,1.872469706686618,-0.14609279692218874
D3,4,0,64666816,61.67108154296875,1.8667857613187095,0.0969281120178158
D3,4,5,61270848,58.43243408203125,1.7687517911864243,0.019846507800063903
D3,5,9,64317728,61.338165283203125,1.8567083746750368,-0.14533682237240567
D3,5,4,75990208,72.46990966796875,2.193666660409677,0.1887644105110331
D3,5,1,63964832,61.001617431640625,1.8465210596226564,0.09789732123450107
D3,5,6,101537920,96.8341064453125,2.9311717355918403,0.11693307428935103
D3,6,10,64424416,61.439910888671875,1.8597882176551455,-0.32489357496333704
D3,6,5,91753088,87.5025634765625,2.6487056086915204,0.04052692580043121
D3,6,2,63014208,60.09503173828125,1.8190786794756604,0.09911738291508397
D3,6,7,88122048,84.03973388671875,2.5438856377998236,0.1944613208879748
D3,7,11,69144864,65.94168090820312,1.9960569511187718,-0.33137686316694925
D3,7,6,58677696,55.95941162109375,1.693893316160607,-0.04397462928924685
D3,7,3,63425440,60.487213134765625,1.830950023847998,0.09856494954875693
D3,8,12,59533888,56.77593994140625,1.718609656525269,-0.1873300102585823
D3,8,4,65852736,62.80206298828125,1.9010206086020993,0.04673816018307825
D3,8,9,57116352,54.47039794921875,1.6488208210539912,0.025525242227661393
D3,9,13,59768672,56.999847412109375,1.7253873433714169,-0.187641258813976
D3,9,8,78013632,74.39959716796875,2.2520783674637332,0.1876859496969318
D3,9,5,65149952,62.1318359375,1.880732812702536,0.04770846291087538
D3,9,10,93197440,88.8800048828125,2.690400807476817,0.12833358374192694
D3,10,14,61949504,59.07965087890625,1.7883430659081225,-0.2807204833065624
D3,10,9,92548224,88.2608642578125,2.6716593994442905,0.04054882807396874
D3,10,6,64027840,61.06170654296875,1.8483399590911127,0.049162929633495
D3,10,11,75928640,72.41119384765625,2.191889330507539,0.21004668022133466
D3,11,15,64855392,61.850921630859375,1.872229526970113,-0.28470218441634837
D3,11,10,60594240,57.78717041015625,1.749219637625712,-0.04577968976231979
D3,11,7,64481792,61.49462890625,1.8614445339308907,0.048552102773770714
D3,12,8,64748096,61.74859619140625,1.8691321323953367,-0.00032085063487209686
D3,12,13,55139328,52.5849609375,1.5917485778035219,0.028227614369309012
D3,13,12,88178752,84.09381103515625,2.5455225549446205,0.17210402512732176
D3,13,9,64054560,61.087188720703125,1.8491113054883503,0.0006368111044669639
D3,13,14,90423296,86.234375,2.6103174998488714,0.13212553035588798
D3,14,13,104465024,99.6256103515625,3.015670654930919,0.023151121706596958
D3,14,10,63033792,60.11370849609375,1.8196440255775876,0.0018830912212650097
D3,14,15,76228288,72.69696044921875,2.2005394953742865,0.21071876929701985
D3,15,14,60787456,57.971435546875,1.754797349657474,-0.04685843679465007
D3,15,11,63237408,60.307891845703125,1.8255219622549816,0.0016144458588072952
D4,0,4,61475136,58.62725830078125,1.842810578463169,-0.11295965047722657
D4,0,1,63784512,60.82965087890625,1.9120376318599923,-0.016464335123661175
D4,1,5,60928032,58.105499267578125,1.8264103050466205,-0.11281842961778782
D4,1,0,79837120,76.13861083984375,2.3932389395614093,0.0181137246003521
D4,1,2,98972672,94.3876953125,2.9668561764607646,-0.025547255733369967
D4,2,6,59608000,56.84661865234375,1.7868403408010773,-0.2920221353614461
D4,2,1,100522880,95.8660888671875,3.013326015929167,0.05000782681421172
D4,2,3,80191552,76.47662353515625,2.4038635771213146,-0.0018020138306071992
D4,3,7,60702880,57.890777587890625,1.8196610318549005,-0.2923453859004454
D4,3,2,65441216,62.40960693359375,1.9616998506891175,0.040421302800306216
D4,4,8,60340704,57.545379638671875,1.808804256132347,-0.20975824747646
D4,4,0,68171200,65.01312255859375,2.043535267763025,0.27367761846213146
D4,4,5,57844416,55.16473388671875,1.7339742316279574,-0.014931051758403091
D4,5,9,59794400,57.024383544921875,1.7924279639309477,-0.20961723311649466
D4,5,4,67617856,64.48541259765625,2.026947940868309,0.022045690969665216
D4,5,1,67468896,64.34335327148438,2.0224826386074426,0.2738589002192874
D4,5,6,93079936,88.7679443359375,2.7902124641655894,-0.02402619713689977
D4,6,10,59895520,57.120819091796875,1.7954591895258647,-0.3892226030926177
D4,6,5,88810176,84.69598388671875,2.6622199226688306,0.05404123977774157
D4,6,2,72001920,68.6663818359375,2.158366918385651,0.4384056218250748
D4,6,7,78309120,74.681396484375,2.3474348186255614,-0.001989498286287389
D4,7,11,64615648,61.622283935546875,1.9369521959032756,-0.39048161838244544
D4,7,6,59371648,56.6212158203125,1.7797553305972622,0.041887385147408585
D4,7,3,72413408,69.05880737304688,2.17070189621003,0.4383168219107888
D4,8,12,53404480,50.93048095703125,1.6008804060445632,-0.305059260739288
D4,8,4,67752256,64.61358642578125,2.030976785013452,0.17669433659443062
D4,8,9,53689920,51.20269775390625,1.6094369036099614,-0.013858675216368507
D4,9,13,53638944,51.154083251953125,1.6079088205806253,-0.3051197816047676
D4,9,8,69559744,66.33734130859375,2.0851589832739847,0.02076656550718363
D4,9,5,67049152,63.94305419921875,2.0099001746427194,0.17687582485105893
D4,9,10,84739456,80.8138427734375,2.540193907501307,-0.0218733162335831
D4,10,14,55817152,53.23138427734375,1.6732039139415102,-0.3958596352731748
D4,10,9,89535232,85.387451171875,2.6839545775832696,0.05284400621294767
D4,10,6,71410688,68.1025390625,2.1406438411414475,0.34146681168382986
D4,10,11,66173760,63.10821533203125,1.983658969777357,0.0018163194911526015
D4,11,15,58722720,56.002349853515625,1.7603027281164647,-0.39662898326999657
D4,11,10,61264576,58.42645263671875,1.836498722635779,0.04149939524774708
D4,11,7,71864896,68.53570556640625,2.154259415854818,0.34136698469769755
D4,12,8,65042752,62.02960205078125,1.9497552870473753,0.08030230401716645
D4,12,13,51712896,49.3172607421875,1.5501726062349126,-0.013348357199300179
D4,13,12,79806400,76.10931396484375,2.3923180608996626,0.01889953108236385
D4,13,9,64348896,61.367889404296875,1.9289558995237734,0.08048140513989
D4,13,14,81965312,78.168212890625,2.457034727351138,-0.021157242141845584
D4,14,13,101522112,96.81903076171875,3.043279512899697,0.05075997967537507
D4,14,10,68811776,65.6240234375,2.06273750635766,0.24497657200133716
D4,14,15,66415360,63.338623046875,1.990901296752554,0.0010805706752874122
D4,15,14,61481408,58.63323974609375,1.8429985911899422,0.041342804737818165
D4,15,11,69015648,65.81845092773438,2.068848879226399,0.24494136283022444
D5,0,4,64394944,61.41180419921875,1.960634270801522,0.004864041861126628
D5,0,1,64405696,61.42205810546875,1.9609616371810887,0.032459670197435356
D5,1,5,63848160,60.890350341796875,1.9439863263739916,0.004757591709583439
D5,1,0,77463488,73.87493896484375,2.3585325162892055,-0.016592698671851966
D5,1,2,99412224,94.806884765625,3.0268061621576625,0.03440272996352821
D5,2,6,62524352,59.62786865234375,1.9036803151945856,-0.1751821609679377
D5,2,1,95509248,91.084716796875,2.907972166375077,-0.0553460227398786
D5,2,3,79120960,75.45562744140625,2.4089976025868802,0.0033320116349586093
D5,3,7,63619552,60.672332763671875,1.9370258935894022,-0.17498052416594356
D5,3,2,61959488,59.08917236328125,1.8864818886109394,-0.03479665927787201
D5,4,8,64865760,61.860809326171875,1.9749692158686643,-0.04359328774014258
D5,4,0,63865152,60.90655517578125,1.9445036821702708,0.1746460328693772
D5,4,5,58465600,55.75714111328125,1.7801034041270924,0.031198120740731985
D5,5,9,64319776,61.340118408203125,1.958345629058661,-0.043699567988781524
D5,5,4,65162688,62.14398193359375,1.9840097891900814,-0.020892460708562405
D5,5,1,63163168,60.237091064453125,1.9231303599424523,0.1745066215542969
D5,5,6,93519488,89.1871337890625,2.84738990006128,0.03315123875879053
D5,6,10,64418272,61.434051513671875,1.9613445389286173,-0.22333725368986512
D5,6,5,83726464,79.8477783203125,2.5492214837772034,-0.0589571991138859
D5,6,2,62212544,59.33050537109375,1.8941866901871618,0.17422539362658523
D5,6,7,77296576,73.71575927734375,2.3534505429683183,0.004026226056469406
D5,7,11,69138720,65.93582153320312,2.1050681226052563,-0.22236569168046472
D5,7,6,55866304,53.27825927734375,1.7009625818669267,-0.036905363582926884
D5,7,3,62623776,59.722686767578125,1.9067074799008734,0.17432240560163215
D5,8,12,58732224,56.01141357421875,1.7882213108965772,-0.11771835588727415
D5,8,4,65854784,62.80401611328125,2.0050820512652634,0.1507996028462421
D5,8,9,54311104,51.79510498046875,1.6536113733939366,0.030315794567606705
D5,9,13,58967008,56.235321044921875,1.7953697844884768,-0.11765881769691608
D5,9,8,67186112,64.07366943359375,2.0456170240494256,-0.018775393717375757
D5,9,5,65152000,62.1337890625,1.9836843714199175,0.15066002162825687
D5,9,10,85179008,81.2330322265625,2.5934471227690956,0.03137989903420589
D5,10,14,61143744,58.31121826171875,1.8616449131707444,-0.20741863604394062
D5,10,9,84521600,80.6060791015625,2.573431006989896,-0.05767956438042614
D5,10,6,64029888,61.06365966796875,1.9495194027714837,0.15034237331386613
D5,10,11,65103168,62.08721923828125,1.9821975824460536,0.00035493215984928883
D5,11,15,64049632,61.082489013671875,1.9501205487720565,-0.20681116261440474
D5,11,10,57782848,55.10601806640625,1.759315639024629,-0.03568368836340298
D5,11,7,64483840,61.49658203125,1.9633408892611515,0.15044845810403135
D5,12,8,64751296,61.75164794921875,1.9714841279528643,0.10203114492265547
D5,12,13,52334080,49.90966796875,1.593416880351174,0.02989591691696103
D5,13,12,77351232,73.76788330078125,2.355114655397781,-0.018303874419518112
D5,13,9,64057760,61.090240478515625,1.9503680221661335,0.10189352778224997
D5,13,14,82404864,78.58740234375,2.5089826996221727,0.030790730129189037
D5,14,13,96438400,91.9708251953125,2.9362620776759356,-0.05625745554838635
D5,14,10,63036992,60.11676025390625,1.9192886765060528,0.10152774214973008
D5,14,15,65402816,62.37298583984375,1.9913209716670635,0.0015002455897968753
D5,15,14,57976064,55.290283203125,1.7651984908098124,-0.03645729564231183
D5,15,11,63240608,60.310943603515625,1.9254881773190908,0.10158066092291647
D6,0,4,64170816,61.19805908203125,1.8897968772134226,-0.06597335172697297
D6,0,1,64528960,61.53961181640625,1.9003440301870222,-0.028157936796631075
D6,1,5,63222624,60.293792724609375,1.8618731200868381,-0.07735561457757022
D6,1,0,80962880,77.21221923828125,2.3843143555195723,0.0091891405585149
D6,1,2,102025216,97.298828125,3.0045891047080486,0.012185672513914322
D6,2,6,63615808,60.66876220703125,1.8734521826839272,-0.20541029347859624
D6,2,1,100393984,95.7431640625,2.956550177797557,-0.006768011317398459
D6,2,3,83110208,79.26007080078125,2.447552038966717,0.04188644801479506
D6,3,7,64309600,61.330413818359375,1.8938839932290144,-0.21812242452633157
D6,3,2,63776576,60.82208251953125,1.8781867159701462,-0.04309183191866517
D6,4,8,65436128,62.404754638671875,1.9270596520283894,-0.09150285158041754
D6,4,0,64034752,61.06829833984375,1.885789863771344,0.11593221447045027
D6,4,5,60205376,57.41632080078125,1.773016748863844,0.024111465477483565
D6,5,9,63607072,60.660430908203125,1.8731949120654683,-0.12885028498197426
D6,5,4,70664768,67.39117431640625,2.08104035790056,0.07613810800191634
D6,5,1,63532448,60.589263916015625,1.8709972744015622,0.12237353601340685
D6,5,6,96821376,92.3360595703125,2.8513387458296715,0.03710008452718211
D6,6,10,65444064,62.412322998046875,1.9272933630664033,-0.257388429552079
D6,6,5,91042688,86.8250732421875,2.6811594148267637,0.07298073193567484
D6,6,2,64777280,61.77642822265625,1.9076569239571382,0.18769562739656165
D6,6,7,81039040,77.28485107421875,2.3865572275779328,0.037132910666084
D6,7,11,69763104,66.53128051757812,2.0544868259726545,-0.27294698831306674
D6,7,6,59099712,56.36187744140625,1.7404555239224733,0.002587578472619534
D6,7,3,62614176,59.713531494140625,1.8439546455836189,0.1115695712843777
D6,8,12,62467776,59.57391357421875,1.8396432423621913,-0.06629642442166003
D6,8,4,65657920,62.61627197265625,1.9335913101109503,0.07930886169192908
D6,8,9,56038080,53.44207763671875,1.650292067176393,0.02699648835006313
D6,9,13,61331424,58.490203857421875,1.806178271914952,-0.10685033027044086
D6,9,8,75792192,72.28106689453125,2.2320403056548344,0.16764788788803317
D6,9,5,65956608,62.901123046875,1.9423875150658805,0.10936316527421983
D6,9,10,88368256,84.2745361328125,2.602398795016044,0.040331571281154374
D6,10,14,63877696,60.91851806640625,1.8811646469383891,-0.1878989022762959
D6,10,9,95477888,91.0548095703125,2.811773728813623,0.1806631574433011
D6,10,6,66045888,62.98626708984375,1.945016764243538,0.14583973478592033
D6,10,11,70399040,67.13775634765625,2.073214807659962,0.09137215737375776
D6,11,15,65956192,62.900726318359375,1.942375264084049,-0.21455644730241225
D6,11,10,61262912,58.42486572265625,1.8041606294456458,0.009161302057613882
D6,11,7,64153856,61.181884765625,1.8892974141079895,0.07640498295086937
D6,12,8,65029952,62.01739501953125,1.9150979818448741,0.045644998814665244
D6,12,13,56545536,53.926025390625,1.66523638024424,0.10171541681002726
D6,13,12,74195776,70.75860595703125,2.185026691685308,-0.18839183813199115
D6,13,9,64565792,61.574737548828125,1.9014287132707082,0.05295421888682483
D6,13,14,90500608,86.30810546875,2.665195443117259,0.18700347362427538
D6,14,13,93539968,89.2066650390625,2.754703001143752,-0.2378165320805703
D6,14,10,64552640,61.56219482421875,1.9010413937681931,0.08328045941187051
D6,14,15,70754496,67.47674560546875,2.083682800443267,0.09386207436600028
D6,15,14,60423552,57.6243896484375,1.7794419176427934,-0.022213868809330822
D6,15,11,64553504,61.563018798828125,1.9010668381150737,0.07715932171889935
