label,original_mapping,rotated_mapping
M01,002c537be980d23ac16e411d83ac039658bfd554552fd1302db2b751d779c891,b1cb75b71fb19874c0d5bb65ccae58a388ba6c1ee049c8cb8f8563b58663f3b0
M02,709cfc16ab80516b0a5d3a17dec69a5e021db2d80d2e6c9834e9b186a0bb15d4,20b971b72336aafa50040f02757436f4df47147ae6556a32369955d1ca2b488f
M03,1f6851b081f9e4ea56746917bfea18abef30f8743074f3e5deb7c3c310dde4b8,797ebedd344035b7ca1ef096be3f28035ec4ae5e2dceb75da23b06163dc9361c
M04,3ebe71da1023712fbe1777b16243ee55a76f412eb24310891ce6488dc5443a47,11c57db230a409dbeb25434d8d83d1bf38cdd4f996dc5b1550120a52e611f1cb
M05,6a0dfa26ee20448a3ef133164e4fb009d53c3e6000b503994859d8e4a9110c88,9990fdae4519d3fd271dbee603470848c9a0619fac846acc6ae849e7bde45f42
M06,d88bbf5684ca45ee08a3a8dc7126625a79bcb2823c9d783a783df67ed41e0598,e03ba35cb6de81cbbdbd37afb81b852ff557d4bce113ed09f0fdf99cf901be57
M07,64c5d4b7e8030b13e42c91055482e52afcbf4d7d484a73db9879a5a748b5e7d9,23201de55abe7eab5770e1c450ee4aded1836eacc71789afb924bff70a1c6503
M08,6c67714b9fd84e53a4028aa7244dea7830fbfb9cde395b9003f7c5cfdcd5ca53,114f4e9f9afdbc4cf1383c533466dc9fc5c3639b07455ab2f96c374ef17bdb40
M09,e2a2ecedc35dd919fa51f9d2672440d4924c956918c4c6bac4ffbc9e50f3c2e8,613c7579571024c1cee6623013ed47ac37a2919247c9ce713e0f2e50fc62e9c8
M10,d2b22548d127d331e83e5176943206c29cdfeb6cfdaaaeea2b5bf9923f3a6f75,09561fe990c5cbfe12b75d885ef4c47565ba5af38af3f3caf00ef10ec0cc373a
M11,ae290c6d53d186f9dfe362a6314ffc9302709577658e2d0186cb76c566185b02,f953fcd2570efe63c6664de56ae9a23baffa9f6d002efcaf14f87c04e0fd9330
M12,9bd6fcc23b317fc151547d23e19a32d46091280fa98a11a67aef2df854de236a,063050ccc066ad0c2a5dd6929c484c0b3d4204581786d534ba1af0b72c971bdd
M13,34eb0c9b8d11d76f7b4c2608fca95af5f40c329221cf198559be4e7e3e4a617d,d54784659f5e3b2df66aa3f3114632163a7cfcc92f73f6652759a723c6e89ca0
M14,06db2327ec1a004c6f33ec85fb8805409da109c9baddaee080580b542dfbf42a,d7c31e43fa57448374c84db774d46859a04b9fd9aa4aef6c180dee9f00912ed7
M15,01a8b55818eec668c9f723d276ded5c85b7ded9d567cac2784049b3fa12e80c9,a924ebf00a9bf2a9725b2694e90153b391c1622889ed18f83d5fb0a56f59e3aa
M16,1e0a165ebc7a8e5f7f0fd70c963bbc3b57a3fb5ca2a549c03d32e3e72d224eab,ac5ef3728babd4c9e5fb5377e38f6c82c15febd6c8016557697e7ede5c918c8a
M17,3d244ed248152ba1ec9b26054b3e2beba04fe9f73bae639931674dfcd5f5a919,a5ef5e9d9bcd993444cd61f3d8698079d027ce90f57959c9040117f21cddb7d1
M18,01de62b8bbf14a9d41d6bedadfa367dcb38305a46b365c3cd203e6978bcff72d,69ee76b686a2fde2df170500e2af7e063e6be261a3c5bc47aa103efc3f1c668b
M19,cd0738992f9031b28abecfb8c95842afc53b6772cb5de76c01321a945433581f,16c49e52a9338f4cd3d5d26306a7012ac6e4fa689585f7395d8422513be826ce
M20,46cc25f7e3addf8b14bc57870d9fbb1cbf875e1a67cc60fa5c97916a45ec7a48,1b83ff5d30b9c4afa9b4d8e5ca19a4ee2e252ea894f47839c62e1691e2b2a5c4
