workload,mapping,mapping_rotation,profile,capacity_Bpc,uniform_Bpc,baseline1_Bpc,baseline2_Bpc,b1_reduction_pct,b2_reduction_pct,b1_reduction_Bpc,b2_reduction_Bpc,cycles,limit
resnext50,01d85d0272917ee529d95147cea14cddaecb041d157d6e7676e8cd691faf41d6,3,certified_minimum,19712,32,32768,24576,39.84375,19.791666666666664,13056,4864,4664128,4665012
googlenet,066d3cc83c3bd36aa706aef3fd4d573732ad7c7f561c68338baa4a5bc59ca1bc,1,feasible_shrink_0,20864,32,32768,24576,36.328125,15.104166666666663,11904,3712,3717864,3717962
densenet,076d0c3595d91b87995a071767192d6903b7e111f7f38151fbc6fb714afb1777,0,feasible_shrink_0,17536,24,24576,18432,28.645833333333336,4.861111111111116,7040,896,5978228,5979129
gpt_decode_block,088559b926168e59c98af72325cc422b16d52bb6ab03207f41c9b7e0d07093ad,2,feasible_shrink_0,24256,40,40960,30720,40.78125,21.04166666666667,16704,6464,145129,145656
transformer_cell,148e5d28add7a39fb12f0335b4053174443fc76a2e5839f252800c0081d37b43,2,feasible_shrink_0,12992,24,24576,18432,47.135416666666664,29.513888888888886,11584,5440,10046296,10053435
transformer,1ee801404adb9a2390747218e8e1d2fc08a1bd8b8ab36bee2b41334b15bb2cf7,2,feasible_shrink_0,17920,32,32768,24576,45.3125,27.083333333333336,14848,6656,57475072,57532547
darknet19,2159e2cf689a3932cfab1f115cc5d927dd24f557aa2061bf78e468110ab15ae5,0,feasible_shrink_0,19328,32,32768,24576,41.015625,21.354166666666664,13440,5248,5597692,5600406
pnasnet,224d955664dcfccf9b9c971ce7624f6bff11a9ce68a956c8148c2b9ad1b3fae9,0,feasible_shrink_0,19136,32,32768,24576,41.6015625,22.135416666666664,13632,5440,74480006,74482947
resnext50,2463a5f58ba3e08e984f09c547d93a4fff700d3eb7bd5c69facebf5b834835b8,2,certified_minimum,23680,32,32768,24576,27.734375,3.645833333333337,9088,896,4660352,4665012
transformer_cell,249fe153392e0eb9668760da6e2588649919c8d0e2a29c83b658883cea2d514d,2,feasible_shrink_0,14976,24,24576,18432,39.0625,18.75,9600,3456,10047984,10053435
gpt_decode_block,281c758134094a765dd8513a7b05dd7acfe6aad8ec26898e0ca4c6bc78e87e46,2,feasible_shrink_2,22400,40,40960,30720,45.3125,27.083333333333336,18560,8320,145587,145656
resnet50,2aa66c6bbfe857ec9bcea1c34051e62c47c49b4c0bfe847f5c813d84686393a7,2,certified_minimum,21504,32,32768,24576,34.375,12.5,11264,3072,8150944,8157333
resnet50,2c6341ac8fc66c7e4038baba73ba42eca6fd00e99bc72f943f600e0af816f706,0,certified_minimum,20480,32,32768,24576,37.5,16.666666666666664,12288,4096,8149184,8157333
densenet,31549f2f1611bdaedebb71de849df653df86cfadadcaaaaf7aaf3df20d3f638c,0,feasible_shrink_0,16000,24,24576,18432,34.895833333333336,13.194444444444443,8576,2432,5979076,5979129
inception_resnet_v1,32c0a903241f5518cdb92c2723318bae166eef5984bda5bfd68ccb03b81bfa6c,0,feasible_shrink_0,21504,32,32768,24576,34.375,12.5,11264,3072,12770416,12774229
googlenet,336c682f4057a8d96ad1569653bca8312ee1dff6dad830723ba0507ec0878c9e,1,feasible_shrink_1,17408,32,32768,24576,46.875,29.166666666666664,15360,7168,3716764,3717962
lstm,355dfce1b4d077b10fe04c5b0aeddef65f0ce3c4bf5820e2eef4d116dd5319d8,2,feasible_shrink_0,17920,32,32768,24576,45.3125,27.083333333333336,14848,6656,130176,130306
gpt_prefill_block,358498cf5573f488ce497d2636fcf66098d4ae6bd251d6b5d5e43b6f06f14e5f,2,feasible_shrink_0,16000,24,24576,18432,34.895833333333336,13.194444444444443,8576,2432,20705280,20705484
pnasnet,35abfdf8d71ef53e302bee92bfe30ea2a3637a2ceee21243c3e9f7a5d665f578,0,feasible_shrink_0,17920,32,32768,24576,45.3125,27.083333333333336,14848,6656,74365378,74482947
pnasnet,386ed8e70cdd4e02d6a4c1ceac27d11bd337c9db2a2ce741e34ae9a136ddd315,0,feasible_shrink_0,20672,32,32768,24576,36.9140625,15.885416666666663,12096,3904,74466992,74482947
pnasnet,39dc399ed69bc65163202b22b0ad813d8f9e752d853131fb285b050cd0849077,0,feasible_shrink_0,19136,32,32768,24576,41.6015625,22.135416666666664,13632,5440,74476813,74482947
gpt_decode_block,479ded07b5a827fd1987a97b51a9b0e98d0bcd7f357368f90a8ddf69ae51feb9,2,feasible_shrink_3,23680,40,40960,30720,42.1875,22.916666666666664,17280,7040,144959,145656
gpt_decode_block,4a6be66ccc6f4da0abb02160df4576bed0a3806114775c48932a76743c5bf0c5,2,feasible_shrink_1,22784,40,40960,30720,44.375,25.83333333333333,18176,7936,145172,145656
transformer_cell,4c1e850a1ad0bf5dfc84701b4d07ec6cef7ded7f3891319393280cbb1e5d6c4a,2,feasible_shrink_1,13056,32,32768,24576,60.15625,46.875,19712,11520,10052704,10053435
resnet152,53e7bd958f04b5db97e9b2a575bdccb4c448d200f24c37fb246955b6b8ea9f5f,2,feasible_shrink_0,21504,32,32768,24576,34.375,12.5,11264,3072,23145280,23149846
gpt_decode_block,55944e84a29d5dea10b3cac454998090a5ac07ac9f0c51b703bac5d569370fa2,2,feasible_shrink_0,23040,40,40960,30720,43.75,25.0,17920,7680,145129,145656
gpt_decode_block,57451971c8350f209b029f0f2eec91bebce9b08f7d728220d6688d04365cd8e2,2,feasible_shrink_0,23616,40,40960,30720,42.34375,23.124999999999996,17344,7104,145486,145656
inception_resnet_v1,5833145d812c838004063cbc6b24a978796646d2529c752edbbdd1de0c8fe7c7,0,certified_minimum,17920,32,32768,24576,45.3125,27.083333333333336,14848,6656,12761468,12774229
pnasnet,5d02e93825bf81600385292fbb9907a7498ced6b45930800b75031541b7ef7d6,0,certified_minimum,18944,32,32768,24576,42.1875,22.916666666666664,13824,5632,74408534,74482947
gpt_decode_block,5e3b8b578cca948ebb31862a8bdd3e8767522e9aa7cf6c8332b8734502c3e4b4,2,feasible_shrink_1,23808,40,40960,30720,41.87499999999999,22.499999999999996,17152,6912,144549,145656
gpt_prefill_block,631eea20ff4b2457523f1c1669b4053c09fe6f7097508818cf361fe4d5db8808,2,feasible_shrink_0,11520,16,16384,12288,29.6875,6.25,4864,768,20674432,20705484
googlenet,6585ad7f6dd5ed886b58b7c72b91237124b629cf4aeccc22eb21d35f95fe1c06,1,feasible_shrink_3,19584,32,32768,24576,40.234375,20.3125,13184,4992,3717864,3717962
resnet101,65dcaa1f59a48f50bf874fa8157bfa94be0c205ec3929963fcbea9251b8085b4,1,feasible_shrink_0,21504,32,32768,24576,34.375,12.5,11264,3072,15627840,15628476
darknet19,678d9850215158602c005e3d85a9778b76b71c3792aa411d844a16d9b194393a,3,certified_minimum,16512,32,32768,24576,49.609375,32.8125,16256,8064,5594812,5600406
transformer_cell,6fcb3e47bae844cad331ef59f48450fde2e094339ad32ab4993a62144325e213,2,feasible_shrink_0,17920,32,32768,24576,45.3125,27.083333333333336,14848,6656,10043392,10053435
pnasnet,7234c90806b53d3a7f47879ee419ca92f634cab6af70c1ca42428261d9b57597,0,feasible_shrink_0,19136,32,32768,24576,41.6015625,22.135416666666664,13632,5440,74477951,74482947
gpt_decode_block,796532db64417f30bb51c91a800db334600485f1f9a239ac3d889183affdffa8,2,feasible_shrink_1,22976,40,40960,30720,43.90625,25.208333333333332,17984,7744,145362,145656
gpt_decode_block,797a857ff578490e04278a4dfdcc680b1dc6f88d4a808ce1961068b26eea8203,2,feasible_shrink_2,23104,40,40960,30720,43.59375,24.791666666666668,17856,7616,144835,145656
gpt_decode_block,7c3325c47b2ab40d1ff3be5f3b3c58f1d0466aba3b6d95becdc6102cea9d43a8,2,feasible_shrink_0,24384,40,40960,30720,40.46875,20.625000000000004,16576,6336,144765,145656
gpt_decode_block,7d056808bda0d368441d05a80a69d3980a625841ac49336a8db8983ad0db8647,2,feasible_shrink_0,24640,48,49152,36864,49.869791666666664,33.15972222222222,24512,12224,144859,145656
transformer_cell,7d61fa0af52f9ec93210eead7f3cf5b803055e113ee2210e850a870612437a69,2,feasible_shrink_0,14848,24,24576,18432,39.583333333333336,19.444444444444443,9728,3584,10052144,10053435
transformer,7e96468eb701b171088ea65fa3bbc39cc26d8527392a30725175e633f8cf5d8c,2,feasible_shrink_0,15872,24,24576,18432,35.416666666666664,13.888888888888884,8704,2560,57529836,57532547
inception_resnet_v1,7f828899df7e3fc3cbea335a20597c72907f8f4f0f70f80bdf469126d4c8c1d0,0,certified_minimum,21760,32,32768,24576,33.59375,11.458333333333337,11008,2816,12761468,12774229
gpt_decode_block,83f3f4e3c3a82361e22ea1187068017bc56482435a5ad7c5c8f5e19e5748ad64,2,feasible_shrink_1,22400,40,40960,30720,45.3125,27.083333333333336,18560,8320,145390,145656
gpt_decode_block,86436587aba8571f3cc45da66fd25529db99aa60c5cafe1d05804a888ba7b493,2,feasible_shrink_1,22656,40,40960,30720,44.6875,26.249999999999996,18304,8064,145600,145656
gpt_prefill_block,88dae6ce13124ca6207b6f6047728b880213423137d408f5f924427437fede3e,2,feasible_shrink_0,16000,24,24576,18432,34.895833333333336,13.194444444444443,8576,2432,20705280,20705484
inception_resnet_v1,93e4c56bb7b26af91d6e05afaeb30d6397f60548d509958fa830bf3e64972ebb,0,certified_minimum,19840,32,32768,24576,39.453125,19.270833333333336,12928,4736,12772964,12774229
gpt_prefill_block,9a917183e837b77b378f718916cff1dbaec4dffd34cf6287587b0555726dded1,2,feasible_shrink_0,10816,16,16384,12288,33.984375,11.979166666666663,5568,1472,20701220,20705484
inception_resnet_v1,a085c90f1f997680d6db4dbdc828743f9d8d69309268d55f488972cc36daf574,0,feasible_shrink_0,19712,32,32768,24576,39.84375,19.791666666666664,13056,4864,12772456,12774229
resnet101,a1071346dc838e6df21f09ce74612c831357655262a6c17a1fc20c76f3745540,0,feasible_shrink_0,19712,32,32768,24576,39.84375,19.791666666666664,13056,4864,15621696,15628476
pnasnet,a381836341e109ca7aba68f13f896c5f37ab6e75287dea624bf45966ca9edea9,0,feasible_shrink_0,19648,32,32768,24576,40.0390625,20.052083333333336,13120,4928,74482183,74482947
resnet152,a4b261f8e8cdc9ac604d9f257fe50b937f8fb0dd81a2b3723212d9e33f336900,2,feasible_shrink_0,19712,32,32768,24576,39.84375,19.791666666666664,13056,4864,23143488,23149846
gpt_decode_block,a61ae45e23fdd537c1aaa37e1a044a219e41361460db59434eefce95245ef9f1,2,feasible_shrink_1,24256,40,40960,30720,40.78125,21.04166666666667,16704,6464,145600,145656
inception_resnet_v1,a7a209d1291f96179a0b4abeec086314919bd458165a2a629fa46e6d4bf89eac,0,certified_minimum,20224,32,32768,24576,38.28125,17.708333333333336,12544,4352,12761468,12774229
gpt_decode_block,ac482675b0167de91cf7b2a3aa31ab574c18953f813443638ff632a883c2ad66,2,feasible_shrink_1,22848,40,40960,30720,44.21874999999999,25.624999999999996,18112,7872,145003,145656
bert_block,ae6a2c294ce5c18770344a25105520cf6a89e9c6344473d33b5224c2d919fe3e,2,feasible_shrink_0,12800,24,24576,18432,47.916666666666664,30.555555555555557,11776,5632,10887512,10889854
densenet,b354cbb1afcd83e633f9ef13cd29be93e1fe61f42f65d9fa99a2f1e65f4b4941,1,minimum_uniform_fallback,18432,24,24576,18432,25.0,0.0,6144,0,5975588,5979129
gpt_decode_block,c05366b70ced617ff12afb4aa2108460bbf59fe5bb332c497f76f75ec96debc1,2,feasible_shrink_0,23872,40,40960,30720,41.71875000000001,22.291666666666664,17088,6848,145652,145656
googlenet,cdab6830da24673a7d7cdfb01da5fa63f926cf35a667ee027ff8364ba1dc4d8f,1,feasible_shrink_1,17408,32,32768,24576,46.875,29.166666666666664,15360,7168,3716764,3717962
gpt_decode_block,d0505298a552c18465495420cf8e0a8ced1ad7c04efab3be22c8464bd456ed64,2,feasible_shrink_0,24256,40,40960,30720,40.78125,21.04166666666667,16704,6464,145207,145656
pnasnet,d26f435e325f6e912e3f532ba3717b5dc86e6661bc43077d1bcdd92fe467b058,0,feasible_shrink_0,21952,32,32768,24576,33.0078125,10.677083333333337,10816,2624,74388187,74482947
gpt_prefill_block,d570a970654d894fffaace49a6490b911cf8bc5151640a37c1173b0c46e28c9d,2,feasible_shrink_0,13056,24,24576,18432,46.875,29.166666666666664,11520,5376,20697600,20705484
transformer,d86bb693c21580a1eaded76917acb7525f678c5c1cf71e4cab50564fb579916a,2,feasible_shrink_0,15360,24,24576,18432,37.5,16.666666666666664,9216,3072,57516120,57532547
gpt_decode_block,d881bf2a1a4adaea0952c1435a4fbb10292c74465b3ac3a01c9a5d74cd733632,2,feasible_shrink_0,23488,32,32768,24576,28.3203125,4.4270833333333375,9280,1088,142336,145656
bert_block,e10f99ec6df9995dcbd633ee3cf744fa6dc28823e7f81b60709f96dd3f919abe,2,feasible_shrink_2,10560,16,16384,12288,35.546875,14.0625,5824,1728,10887360,10889854
gpt_decode_block,e494f91e5457a0502dc5c0fe2f3b08e3b73a009e96d52edb419a8ab18589b31c,2,feasible_shrink_1,23680,40,40960,30720,42.1875,22.916666666666664,17280,7040,145133,145656
lstm,e844a5b2b276fb25a4b85274de58c93d21ae0dadb1e412b6650beaab3be5977f,2,certified_minimum,17920,32,32768,24576,45.3125,27.083333333333336,14848,6656,130304,130306
gpt_decode_block,e9d41af73ff63b0b13670e9aa83e4000730a3caa86fa266c02adf44a831de2d4,2,feasible_shrink_0,22400,40,40960,30720,45.3125,27.083333333333336,18560,8320,145443,145656
gpt_decode_block,eb9d3f128f870f8669d1acc7612628f8ae8cb21b193ab2ea18159a09a50071ce,2,feasible_shrink_2,22528,40,40960,30720,44.99999999999999,26.66666666666667,18432,8192,145606,145656
gnmt,eefa0a029a59c67643f3e2a1e45c0b8c02dcad730a6819881227a4d1176016ce,2,feasible_shrink_0,17920,32,32768,24576,45.3125,27.083333333333336,14848,6656,130742,130818
bert_block,f287cdad40917b6e538638b2afa3e9094db99ad64d0014b029756120c70fef7e,2,feasible_shrink_0,17920,32,32768,24576,45.3125,27.083333333333336,14848,6656,10878976,10889854
darknet19,f6185a5b4c8123e7d30aa6e2531775fd1fbbc01c0421953e408bd1acb585e7ab,3,certified_minimum,23296,32,32768,24576,28.90625,5.2083333333333375,9472,1280,5594812,5600406
vgg19,f7aca917039a36240459ebacb0e4bf85b2772b6f2dbf18def5f8ae50c5af878f,0,feasible_shrink_0,14720,24,24576,18432,40.104166666666664,20.138888888888886,9856,3712,38382155,38388494
googlenet,f82de58e81b85e927deb98726c7b02969e5c99f10bb5eef379120f20d1e386ae,1,feasible_shrink_0,19840,32,32768,24576,39.453125,19.270833333333336,12928,4736,3716792,3717962
resnext50,f9f618d5bde5dcfd8f55f246a4cfc96497a4be86cc90a57d06cce7c8348ad37e,3,certified_minimum,21632,32,32768,24576,33.984375,11.979166666666663,11136,2944,4662336,4665012
googlenet,fc6bd2c1afe33e6a0f9f3efd1d09af41f04fafc7406edb0aa356841cece55bc7,1,feasible_shrink_1,18560,32,32768,24576,43.359375,24.479166666666664,14208,6016,3717160,3717962
pnasnet,ff50bcbefec992349b71a6d555d2adc904c1b0621b28193c1e5e9cfccb5adc35,0,feasible_shrink_0,20928,32,32768,24576,36.1328125,14.84375,11840,3648,74481880,74482947
bert_block,017259272981c12a2208c8ecdc10c2f402020d4e6485b8c241be504e6e43507b,3,feasible_shrink_0,10752,16,16384,12288,34.375,12.5,5632,1536,10887360,10889854
resnext50,0dd352c2a125c89565ce11ab5fc3d3dccc50fbb36f90f52623140fa6fe0ec3c4,0,certified_minimum,21504,32,32768,24576,34.375,12.5,11264,3072,4662112,4665012
googlenet,1010fcf99b6406b41994158b64de15fb80a672eaad3547a8b6b893f95d6e2a48,2,feasible_shrink_2,18688,32,32768,24576,42.96875,23.958333333333336,14080,5888,3713244,3717962
inception_resnet_v1,25df8cb5deb56779c65d58eda5c5dcb386ca2db3a52cbd126c568a82f737882a,1,feasible_shrink_0,18816,32,32768,24576,42.578125,23.4375,13952,5760,12761692,12774229
resnet101,33d732031d5fbad39f04d9572810fdc62648895888a5d37e9963fa20e3855acd,1,feasible_shrink_0,19712,32,32768,24576,39.84375,19.791666666666664,13056,4864,15621696,15628476
gpt_prefill_block,38a03b475de2c196e48e726c43260f9b95991bb73e4ce3b6317a10956b308fa9,3,feasible_shrink_0,16000,24,24576,18432,34.895833333333336,13.194444444444443,8576,2432,20705280,20705484
resnet152,39504ba62872476eb32569c73289848b0822600267b975084765cabf5996e5a9,3,feasible_shrink_0,19712,32,32768,24576,39.84375,19.791666666666664,13056,4864,23143488,23149846
googlenet,3f8d9b11f1f724cab9c320fa18206ada35d0c48481e68b14304d3f25dd9502af,2,feasible_shrink_3,21504,32,32768,24576,34.375,12.5,11264,3072,3716584,3717962
bert_block,43659219547c8fd4fc65d87c354a43e8dc4922b98b39b71f7a7f577ec037e628,3,feasible_shrink_0,14464,24,24576,18432,41.145833333333336,21.52777777777778,10112,3968,10887512,10889854
lstm,43c5d67d3b1928915bae87c830e5c67f1eaa4bbf707721fa1121e6b24b807a69,3,certified_minimum,17920,32,32768,24576,45.3125,27.083333333333336,14848,6656,130304,130306
darknet19,440e2e18f42542d63045906cbba21e47b7a1569b42d52c82d5d766ab01b4cd3c,1,feasible_shrink_0,19328,32,32768,24576,41.015625,21.354166666666664,13440,5248,5597692,5600406
vgg19,4ec6878c9c3465f38edfbab5ab9d8c54991d081f2dc57a0460744ef885e1d911,1,feasible_shrink_0,14720,24,24576,18432,40.104166666666664,20.138888888888886,9856,3712,38382155,38388494
densenet,61bb7180efc5708ea3af071d1257a436378946904db90332fd80138599cda29d,1,feasible_shrink_0,15744,24,24576,18432,35.9375,14.583333333333337,8832,2688,5978596,5979129
inception_resnet_v1,63cf5dedeb694c3f86d109a2ab4a0759cf010b54342c45f50021fd599edaab4e,1,feasible_shrink_0,17920,32,32768,24576,45.3125,27.083333333333336,14848,6656,12761468,12774229
densenet,6dcf4ac84cca4bdac0167604305511075a40b3883e352ac3dd77921a4185e4cc,1,feasible_shrink_0,17280,24,24576,18432,29.6875,6.25,7296,1152,5977748,5979129
googlenet,6e30266165a83873fe454bf70ea51777a3631d9da6ce56f3f652992d1472a7f3,2,feasible_shrink_1,19840,32,32768,24576,39.453125,19.270833333333336,12928,4736,3716984,3717962
bert_block,789ec065b1a01f5b6e918971a1b0af1ece2719e772d47e874ef7c8cd4e5b6652,3,feasible_shrink_0,17920,32,32768,24576,45.3125,27.083333333333336,14848,6656,10878976,10889854
googlenet,7996459779d3a9c316b64bb75053a5688a2fd61c1ea90657be03943a354e1ffe,2,feasible_shrink_2,18688,32,32768,24576,42.96875,23.958333333333336,14080,5888,3713244,3717962
resnet101,7cae5ad9feaa4e3da7b05f9e7f5ec24aac8c96fb202b3cd513246c650b921891,2,feasible_shrink_0,21504,32,32768,24576,34.375,12.5,11264,3072,15627840,15628476
inception_resnet_v1,7ec372c2dd9f0d782e3859d4ba61aa1755583c9c4f07727123525c4de3055208,1,feasible_shrink_0,18432,32,32768,24576,43.75,25.0,14336,6144,12772124,12774229
transformer_cell,7fc805187e6a7db71596dc4da71422b115eac67d2b66d3129d6d5ff40c852ec7,3,feasible_shrink_0,13312,24,24576,18432,45.833333333333336,27.77777777777778,11264,5120,10047870,10053435
transformer_cell,83752c515b4b41af502e21bbcd2247419154bb65ae87ec5d5ffc873da47fd624,3,feasible_shrink_0,17920,32,32768,24576,45.3125,27.083333333333336,14848,6656,10043392,10053435
pnasnet,8b68f0a051ce7e414f7c93557f61b98aaecd3124abe43885eab58cc7a5aeddcd,1,feasible_shrink_0,19200,32,32768,24576,41.40625,21.875,13568,5376,74481474,74482947
darknet19,8f589bf23f6aa4ec2013f90ab8ae1162325a0470bba4e3759102e11a4cd89986,0,feasible_shrink_0,16512,32,32768,24576,49.609375,32.8125,16256,8064,5594812,5600406
resnet152,98c44127141bf27039069b4436c96c788126b192487016507eb60b0ed106b8fa,3,feasible_shrink_0,21760,32,32768,24576,33.59375,11.458333333333337,11008,2816,23130756,23149846
transformer_cell,997df12cfdf2951e2f2760f024b9bfc76fdc3fbc096c3e66105bb8a27df98d44,3,feasible_shrink_0,14848,24,24576,18432,39.583333333333336,19.444444444444443,9728,3584,10052144,10053435
gpt_prefill_block,9c6f398b4a8659703c0edbecb221f235ea3a81f83f6afa2a6880314cdc802e9d,3,feasible_shrink_0,16000,24,24576,18432,34.895833333333336,13.194444444444443,8576,2432,20705280,20705484
googlenet,b436baa1af0b532c3cdcfb4c030956383f8a2d3c50504ae429ab05d4f30a2409,2,feasible_shrink_1,19840,32,32768,24576,39.453125,19.270833333333336,12928,4736,3717160,3717962
resnet152,b4fc224d9d6bd7e95ca2c53ae8cea86b48055f5b971d5b12093ea2f04eaeda96,0,certified_minimum,23680,32,32768,24576,27.734375,3.645833333333337,9088,896,23126720,23149846
densenet,bc9c825443069baec7f9883d1897d788e48317c3766eb75bb1ef36c4625361ef,0,minimum_uniform_fallback,18432,24,24576,18432,25.0,0.0,6144,0,5975172,5979129
googlenet,be5df6e5d34b9031ee5f24096e052305f2ad7addf7c484ce37e26d6ff8126cde,2,feasible_shrink_1,20608,32,32768,24576,37.109375,16.145833333333336,12160,3968,3717928,3717962
inception_resnet_v1,ce6bc5c3a1e4af14ea8bc192f867cfd041062c9795caf25d1b746e158c7162fa,1,feasible_shrink_0,19712,32,32768,24576,39.84375,19.791666666666664,13056,4864,12771752,12774229
lstm,dc01dcc9b326c62cb97c430bbc059010fb51844e5339fa83a83fee0de660c911,3,feasible_shrink_0,17920,32,32768,24576,45.3125,27.083333333333336,14848,6656,130176,130306
transformer,e2016ddff8542bb46a54f43e4300f20bea711d238162877044b27690cbb3764b,3,feasible_shrink_0,15488,24,24576,18432,36.979166666666664,15.972222222222221,9088,2944,57526591,57532547
transformer_cell,e58141216e761b92680538bc3bc4334822c2b4cd8483be0d103160f7f669f266,3,feasible_shrink_0,14528,24,24576,18432,40.885416666666664,21.180555555555557,10048,3904,10052129,10053435
gpt_prefill_block,ea04943de24e72e87d4b9f22646a5548e01234e60caba10c3f673fdcd5e04aed,3,feasible_shrink_0,13056,24,24576,18432,46.875,29.166666666666664,11520,5376,20697600,20705484
darknet19,ebec46b64b6ff05277a93945c4b5d51604d5db34c042afca099f42e40845ac20,0,feasible_shrink_0,21248,32,32768,24576,35.15625,13.541666666666663,11520,3328,5594876,5600406
resnet50,ed4d630703e486bdb98cca4269f31739ab0afb023a072d7624b219e8f4ed3ff1,0,feasible_shrink_0,19712,32,32768,24576,39.84375,19.791666666666664,13056,4864,8152960,8157333
transformer,f4bdff6e78858228d2c48fce21673ee11fd2f793c3f2b028772cdf75c41ae27a,3,feasible_shrink_0,17920,32,32768,24576,45.3125,27.083333333333336,14848,6656,57475072,57532547
transformer,f9595b6fff8ba50d6e9a21e6eab8025112b3e3dc460845b71597534d8dc34905,3,feasible_shrink_0,15872,24,24576,18432,35.416666666666664,13.888888888888884,8704,2560,57529836,57532547
gnmt,fa0b2cc8293ed091b308d50fd9869f383675e9b83ebe9d1a3be48898c17c79c4,3,feasible_shrink_0,17920,32,32768,24576,45.3125,27.083333333333336,14848,6656,130702,130818
resnext50,fba15d57eeeb92f26e847ff15e1ea7e38412c9a9b4fd2f8cb688319fa6dc6f4e,0,certified_minimum,21632,32,32768,24576,33.984375,11.979166666666663,11136,2944,4662336,4665012
gpt_decode_block,0334882584487599a761f34d7212e3499fda3bba53f470655b514daf1f4a970b,0,feasible_shrink_0,23808,40,40960,30720,41.87499999999999,22.499999999999996,17152,6912,145529,145656
transformer,08d79c8c5083f5e8bab38a5a1d52b9382fe0ff76719d91645df609b4071ec791,0,feasible_shrink_0,16640,24,24576,18432,32.291666666666664,9.722222222222221,7936,1792,57519576,57532547
densenet,0a79dd1bce0e8d094379975347837dbb1f57457e8f742518801f4328ea34f6b6,2,feasible_shrink_1,17280,24,24576,18432,29.6875,6.25,7296,1152,5978244,5979129
transformer_cell,0c58614a7d1970a6e6fcbbfed27a3efeba48aa2dfd486fc3904d9dcbf6755901,0,certified_minimum,17920,32,32768,24576,45.3125,27.083333333333336,14848,6656,10043392,10053435
pnasnet,0cc48e799897cdf9e860dd5e9fd52b2c6f750a729a5fc13345e0328672e39c27,2,feasible_shrink_0,19392,32,32768,24576,40.8203125,21.09375,13376,5184,74475386,74482947
vgg19,0f3871c13e9c63f55fefd1bbeca878744d91a069da5980e29f9e4e0b7da7c4de,2,feasible_shrink_0,14720,24,24576,18432,40.104166666666664,20.138888888888886,9856,3712,38382155,38388494
pnasnet,0fbfe36eb5d446f9d38b96d2a2db34ab8607f7dfac25f8072e0f072cd77b8048,2,feasible_shrink_0,18240,32,32768,24576,44.3359375,25.78125,14528,6336,74479741,74482947
resnet101,10630a3210c2e7d0ed37fe1a7583bbec207d1deae6b696d63e62b2ff5a17c7e5,3,feasible_shrink_0,21504,32,32768,24576,34.375,12.5,11264,3072,15627840,15628476
darknet19,1091cde4c3c82cae3bf70ede6d339919f9deac200ea4cd836b3f135561f602da,1,feasible_shrink_0,16512,32,32768,24576,49.609375,32.8125,16256,8064,5594812,5600406
resnext50,13e681d9c11cbfde9d2a7d204d1bdc5041cbe1d01cb0c06cf89c53f2082ec06b,1,certified_minimum,21632,32,32768,24576,33.984375,11.979166666666663,11136,2944,4662336,4665012
transformer_cell,14121b6334fcdc24bae26bdcc24f7ecf1bcd80ba6788d2900e260bd5429d48f1,0,feasible_shrink_0,11904,24,24576,18432,51.5625,35.416666666666664,12672,6528,10051788,10053435
inception_resnet_v1,181cd110925a6fecf6b7d43617e807f3f89db4ddfb746116a2a88b165ab0afd5,2,certified_minimum,19840,32,32768,24576,39.453125,19.270833333333336,12928,4736,12772964,12774229
bert_block,26998e2ae56ff946754048403dfbeb2ebcf4196e63186a9c662b89d2227553ba,0,feasible_shrink_0,13824,24,24576,18432,43.75,25.0,10752,4608,10886592,10889854
googlenet,273bc27556cbc68467dae2c0b11ec687e1da0c6eb950b201fae69e6a91677b27,3,feasible_shrink_1,17408,32,32768,24576,46.875,29.166666666666664,15360,7168,3716764,3717962
gpt_decode_block,2a773cdefac66e36ea67a9f43f9ffe45b03fc8bb3db9128e084c601262b059c5,0,feasible_shrink_0,20096,32,32768,24576,38.671875,18.229166666666664,12672,4480,142744,145656
transformer_cell,2aaeadf8383927b9e87192e0687c60ba31a38b244cfc4a15bc6b7d68d7be26c3,0,feasible_shrink_0,12544,24,24576,18432,48.958333333333336,31.944444444444443,12032,5888,10052994,10053435
resnet152,2c57eb2111af105328d4f78ff9594b3500ef101548d3536cdef73fd872de761c,1,feasible_shrink_0,21504,32,32768,24576,34.375,12.5,11264,3072,23141696,23149846
pnasnet,2eb516581a5c021b4368f2ebf8814646fdd495dd4ddac9162fd7f48055c29316,2,feasible_shrink_0,20928,32,32768,24576,36.1328125,14.84375,11840,3648,74481878,74482947
gpt_decode_block,3115fdfc3262b6593d6205fe91e0983bd7d00642be1a802fa2af99cf249ed23a,0,feasible_shrink_0,23488,32,32768,24576,28.3203125,4.4270833333333375,9280,1088,142391,145656
gpt_decode_block,363082bfc869992993169e637d45a37448b37ea4be5c38339c8041d648317ef0,0,feasible_shrink_0,23872,40,40960,30720,41.71875000000001,22.291666666666664,17088,6848,145527,145656
gpt_decode_block,37e67164f23e6359919d4f37e376075a66050c3960377fae5e095a80ae1f6afc,0,feasible_shrink_0,18432,40,40960,30720,55.00000000000001,40.0,22528,12288,143428,145656
pnasnet,38720bce4552b646d89e3860fc03f68ed32e86d395bbc1e6805b8151fec71e93,2,feasible_shrink_0,19328,32,32768,24576,41.015625,21.354166666666664,13440,5248,74476829,74482947
bert_block,3a0af429538abbe205ab9c9ddfc06493902bef1bcb9d32886668d707c700fecf,0,feasible_shrink_0,12800,24,24576,18432,47.916666666666664,30.555555555555557,11776,5632,10887168,10889854
inception_resnet_v1,3af97b44db5e1331092ef8f89ac9c81a2fec28f4e310a0068fa5ea66313c22c8,2,feasible_shrink_0,17920,32,32768,24576,45.3125,27.083333333333336,14848,6656,12761468,12774229
gpt_decode_block,3f2e0f6bc24671ae3315ef6ec6fee04234375c9c3e32d7822f73c3d675bf2d45,0,feasible_shrink_0,22208,40,40960,30720,45.78124999999999,27.708333333333336,18752,8512,145128,145656
transformer_cell,4031da47363009879b08df3dd007e0b1a9e451fc6973a9a5e663d60251f597df,0,feasible_shrink_0,12800,24,24576,18432,47.916666666666664,30.555555555555557,11776,5632,10039276,10053435
gpt_decode_block,455cadbf66bfa0dfb6d97e0ad61a23542dbeda37c104204e64cd032b828cf260,0,certified_minimum,24768,48,49152,36864,49.609375,32.8125,24384,12096,145511,145656
gpt_decode_block,4fabb8ebd9afc9418c7d92b7202a9db09ffc561fa9c5e78be9a1c55ab407fd63,0,feasible_shrink_0,22784,40,40960,30720,44.375,25.83333333333333,18176,7936,145153,145656
transformer,517ca26085e571295239fd12a4743695962d57c4c0b803e44a8e6bbe45187387,0,feasible_shrink_0,14848,24,24576,18432,39.583333333333336,19.444444444444443,9728,3584,57504964,57532547
densenet,53410d9dfb70f1f0a60cafa3bb93cac36b9cc9d5983748fdfc726d70c317ca0b,2,feasible_shrink_0,17152,24,24576,18432,30.208333333333336,6.944444444444442,7424,1280,5978148,5979129
transformer_cell,559dfadd7458a3eebbcb9d627c3f1ffd5561ffe405203b1eb2f40e833b584f06,0,feasible_shrink_0,16640,24,24576,18432,32.291666666666664,9.722222222222221,7936,1792,10052896,10053435
gpt_prefill_block,5a082fb1e7b7159c07e1532f4353127582f56ba0c026c8e35bc0d64a1e38af74,0,feasible_shrink_0,12864,24,24576,18432,47.65625,30.208333333333336,11712,5568,20686664,20705484
resnet152,5dfde12902c79c484fca29a80d20ad7d8e5a5c999f3ba21b958e68803476100b,0,feasible_shrink_0,19584,32,32768,24576,40.234375,20.3125,13184,4992,23148480,23149846
googlenet,6b792e1c8792397c00e2bae2372c3da6c754cd4e063f7e732ebaea44458a47c2,3,feasible_shrink_1,18560,32,32768,24576,43.359375,24.479166666666664,14208,6016,3717160,3717962
bert_block,709a10dd658fab4723408a076c1f974e78c1976be14670b7a0dee6339de03b82,0,feasible_shrink_0,11648,24,24576,18432,52.60416666666667,36.80555555555556,12928,6784,10873964,10889854
gpt_decode_block,7159a9164dff5b17dbdb7ac28e805acea9023c441dfc1b110bb3dfde5da96bc6,0,feasible_shrink_0,24896,40,40960,30720,39.21875,18.958333333333332,16064,5824,143159,145656
resnet50,73078573a566ffffc321c2a9ad2c3b0d7f8ae3bbe5134db9d9e308b7609afa22,0,certified_minimum,21632,32,32768,24576,33.984375,11.979166666666663,11136,2944,8151168,8157333
bert_block,74d7517fb3645e492ce4ee56fe2af96d844a4b424b4df88a4118f4f08a1f1151,0,feasible_shrink_0,11840,16,16384,12288,27.734375,3.645833333333337,4544,448,10886144,10889854
gnmt,75ada4393e2f9bd1993dbe605059380ad877cfcf1e683cd1bfc2884d7a4035ef,0,certified_minimum,18048,32,32768,24576,44.921875,26.5625,14720,6528,130688,130818
googlenet,7d5d2762335222f8129414b0a5b8ef8ad7f616131ca948b2adef1d15583ffc7c,3,certified_minimum,23040,32,32768,24576,29.6875,6.25,9728,1536,3714248,3717962
gnmt,7e8ded022e238ac3f6329867aa8eae4621ab3bfd7883d6a560af20c3884c9c5d,0,feasible_shrink_0,17920,32,32768,24576,45.3125,27.083333333333336,14848,6656,130688,130818
gpt_decode_block,7f88dffaa7227d0946195723be462d919b996d823086f99822429af4cc70db90,0,feasible_shrink_0,23104,40,40960,30720,43.59375,24.791666666666668,17856,7616,143400,145656
gpt_decode_block,80ae59d93b4fc7069d6f35f89f5553069c7292f4e12113f70b5ff87a26b56ed8,0,feasible_shrink_0,24256,48,49152,36864,50.65104166666667,34.201388888888886,24896,12608,145396,145656
gpt_decode_block,823113af9c80834d46260aaacfc69ff05b642a5f493e5ef4f566acfa6899963a,0,feasible_shrink_0,23232,40,40960,30720,43.28125000000001,24.375000000000004,17728,7488,144772,145656
resnet50,8b8d8f39d7b2c68935dd4225ff933d82a4a198a99d3e41c221a3e85645f831df,0,certified_minimum,19584,32,32768,24576,40.234375,20.3125,13184,4992,8156160,8157333
resnet101,8ededec6f007375ce6005848951ca60643b7de42077fb69ada77d0b80eedb481,2,feasible_shrink_0,19712,32,32768,24576,39.84375,19.791666666666664,13056,4864,15621696,15628476
gpt_decode_block,932360abdad6e63d4ac4093ee121ad12e3f06f6accb22e4ca7276279a88c09fb,0,feasible_shrink_0,22400,32,32768,24576,31.640625,8.854166666666663,10368,2176,144020,145656
pnasnet,95571c5378890f709b40a12d4b1d4fddba62e61dfe7ad549c2a8595c3f3c9e33,2,feasible_shrink_0,19136,32,32768,24576,41.6015625,22.135416666666664,13632,5440,74477955,74482947
inception_resnet_v1,9687071f1766d066a1918d4e6b8a98cdd19988c058fce3fe7cff7da25ee78e4b,2,feasible_shrink_0,19712,32,32768,24576,39.84375,19.791666666666664,13056,4864,12772456,12774229
pnasnet,98c54d5f5d7f5860b80c4daf7a0b1949787e236d65349d8e371da6b652bdf647,2,feasible_shrink_0,18112,32,32768,24576,44.7265625,26.302083333333336,14656,6464,74465295,74482947
densenet,992486b669fab2f682564b759fbe24b54916530fc21da9629d34a1762cebb408,2,feasible_shrink_0,17536,24,24576,18432,28.645833333333336,4.861111111111116,7040,896,5978228,5979129
gpt_prefill_block,a089b7572f429d1df0b03d5efba13d35523dc85e7ee3e294acd8c61cc550ad33,0,feasible_shrink_0,14528,24,24576,18432,40.885416666666664,21.180555555555557,10048,3904,20699408,20705484
gpt_decode_block,a29a6d2bb182c377d5d554531e8352e833f11c812938d376d3666ba45c74f874,0,feasible_shrink_0,23424,40,40960,30720,42.8125,23.750000000000004,17536,7296,145288,145656
pnasnet,a2ce7839f8ae5a86b17929cceaed056189f9124939778d4f9eef3cb4bfc30c71,2,feasible_shrink_1,19136,32,32768,24576,41.6015625,22.135416666666664,13632,5440,74480006,74482947
lstm,ac8cc7c3444f25a9f17b8e2b693e47563148c0b8ee72d2483904dc314f72f8f9,0,feasible_shrink_0,17920,32,32768,24576,45.3125,27.083333333333336,14848,6656,130176,130306
gpt_decode_block,b22717b620b76d6fbd3fa2a6de006cdc9bcb04c1f6fcc873981525807977892e,0,feasible_shrink_0,21120,32,32768,24576,35.546875,14.0625,11648,3456,137131,145656
googlenet,b5502d5f9d6db4bf082bfc370ab2a1ddf616ad8f931a81d7aef151e725d81bb3,3,feasible_shrink_1,17408,32,32768,24576,46.875,29.166666666666664,15360,7168,3716764,3717962
gpt_decode_block,b58d7001c9e6bc13c3d2ed2eebfcf540bfab30bcd8958f311e4e628e52ef1cbf,0,feasible_shrink_0,24320,40,40960,30720,40.625,20.833333333333336,16640,6400,141929,145656
gpt_decode_block,b63216f62d3ca313c22c79b8e1de16aa22b842f1c37e4359870a48d35ae373ec,0,feasible_shrink_0,24960,40,40960,30720,39.0625,18.75,16000,5760,144291,145656
googlenet,b75f667269bf774e1ff30773a1d7e5d3a8b6aed5e0dfb2866428cb9f86ac28d5,3,feasible_shrink_0,19840,32,32768,24576,39.453125,19.270833333333336,12928,4736,3716792,3717962
pnasnet,be654e11edb15465f735d4cec5570aba6f6515d7878d78ccbae32440f56a9172,2,feasible_shrink_1,17152,32,32768,24576,47.65625,30.208333333333336,15616,7424,74479941,74482947
gpt_decode_block,bfa28d54f61c5cca738cc9d067c6741f3c08d8dc37af7068d2d32312b30a6ab6,0,feasible_shrink_0,24448,40,40960,30720,40.31249999999999,20.41666666666667,16512,6272,144536,145656
inception_resnet_v1,c3975e842c446e526db499b5e1feb77755a31ee880655aef5b156fca53207e7e,2,feasible_shrink_0,18816,32,32768,24576,42.578125,23.4375,13952,5760,12761692,12774229
transformer,c56d6cd71e98e52a67b3ac7894f52f8c13703e4af53f96a6ecade9bb98b2b805,0,certified_minimum,17920,32,32768,24576,45.3125,27.083333333333336,14848,6656,57475072,57532547
darknet19,cba7d7c23253803134dde0c366c86947c88c89fe90530394f4463fb348d49aa4,2,feasible_shrink_0,19328,32,32768,24576,41.015625,21.354166666666664,13440,5248,5597692,5600406
gpt_prefill_block,d01f0b60c506f9153962e8457a10f71650f33f56d02e0b1fb7d5519205831a1e,0,minimum_uniform_fallback,12288,16,16384,12288,25.0,0.0,4096,0,20687360,20705484
pnasnet,d69b619e75897239d590020e099927073f40f12ef2f2c6f56a53ffb5f2db93b2,2,feasible_shrink_0,20672,32,32768,24576,36.9140625,15.885416666666663,12096,3904,74466997,74482947
gpt_decode_block,daa5bfcc5d7ec831149adc913be5a1f91920d92ad447332e755f24a26422d64d,0,feasible_shrink_0,21824,40,40960,30720,46.71875,28.95833333333333,19136,8896,144416,145656
inception_resnet_v1,dad7327f893f040f9db1c29d6ef06e99f8ca711fd2cf9bf073a0bf875df5a9f6,2,feasible_shrink_0,21504,32,32768,24576,34.375,12.5,11264,3072,12770416,12774229
googlenet,de23dc3640c183fee3fe49daa30e7b8603d9f189e2dbb3d41e58e4452dc579bf,3,feasible_shrink_3,19584,32,32768,24576,40.234375,20.3125,13184,4992,3717864,3717962
darknet19,deabf2928e6936a02a691d7374a4acf3106f02b1be092c4d5243f81e7e9f69a7,1,feasible_shrink_0,21248,32,32768,24576,35.15625,13.541666666666663,11520,3328,5594876,5600406
inception_resnet_v1,df4fcd9551210a9732efecd10582cfc53581a27551262dae285a07467c742fee,2,feasible_shrink_0,18432,32,32768,24576,43.75,25.0,14336,6144,12773020,12774229
gpt_decode_block,e1786d190558de05a6d0568381a929938c50c8e1e9d2a1a0dd2fb6ab2e1f7863,0,feasible_shrink_0,24576,40,40960,30720,40.0,19.999999999999996,16384,6144,141589,145656
gpt_decode_block,e40712d4b4d31ab0c70b29d4bab30e93332dbd9d98091b240870368bc4a1c1f6,0,feasible_shrink_0,23296,40,40960,30720,43.125,24.16666666666667,17664,7424,145580,145656
gpt_decode_block,e91897eaf83f3bf30b7d0141426e6b2ee3198ae534a42bd74f0307538ea193a1,0,feasible_shrink_0,24192,40,40960,30720,40.93750000000001,21.250000000000004,16768,6528,145472,145656
transformer_cell,e95d9d0defe124d602900954580f62a6be909e2410177148c0a81b315960403c,0,feasible_shrink_0,15360,24,24576,18432,37.5,16.666666666666664,9216,3072,10052528,10053435
gpt_prefill_block,f5adf2b3a827d071c446bd849ea93acd97fa7a008ea647910912efdc6c3bad6b,0,feasible_shrink_0,11200,16,16384,12288,31.640625,8.854166666666663,5184,1088,20683648,20705484
gpt_decode_block,f90a6dba183df2e04b24701eb4df7f5ee75d71ac6e49a4ad07be4be196c6455c,0,feasible_shrink_0,24064,40,40960,30720,41.25,21.666666666666668,16896,6656,143332,145656
gpt_decode_block,fa346c9fc2ed3225913668f15450cdfa5dfbc9d91fa0a63111ac4602888fc024,0,feasible_shrink_0,25408,40,40960,30720,37.96874999999999,17.29166666666667,15552,5312,143413,145656
gpt_decode_block,fa4cb7357ae7d225dfc6112d7ed0aa3af5b5e1633c1bfdb001ef543fc4ec5fdd,0,feasible_shrink_0,22784,40,40960,30720,44.375,25.83333333333333,18176,7936,145359,145656
gpt_decode_block,fe1169da136c5d4117101185b563a8cbbdce9a893998040cf0e0c8d5b49678db,0,feasible_shrink_0,22400,40,40960,30720,45.3125,27.083333333333336,18560,8320,145381,145656
resnext50,0ba5092c8cf09e69350901fc32e6a90f31096f5a679f060d4ce50a34784f1e93,2,certified_minimum,21504,32,32768,24576,34.375,12.5,11264,3072,4662112,4665012
inception_resnet_v1,0cc6ca780738b5c23cd27ae2eaf74b5e4e43d7b703c5ea7332339d65eafb6e06,3,feasible_shrink_0,19712,32,32768,24576,39.84375,19.791666666666664,13056,4864,12771752,12774229
googlenet,11c57db230a409dbeb25434d8d83d1bf38cdd4f996dc5b1550120a52e611f1cb,0,feasible_shrink_0,20992,32,32768,24576,35.9375,14.583333333333337,11776,3584,3716008,3717962
gpt_prefill_block,12713f0ffa31403c948531bc68ec27433a52cd6f9cd1626e432bb2f81372cffb,1,feasible_shrink_0,12928,24,24576,18432,47.395833333333336,29.861111111111114,11648,5504,20686664,20705484
pnasnet,129c9c101eeb75e06f3570ef26370ff627b30ad97eb7259c236176be97e30ef4,3,feasible_shrink_0,19328,32,32768,24576,41.015625,21.354166666666664,13440,5248,74481474,74482947
vgg19,19653c9679f393fe91e22c52a7465d5be5991a69cb2cfa87ca3c765ee3345b01,3,feasible_shrink_0,14720,24,24576,18432,40.104166666666664,20.138888888888886,9856,3712,38382155,38388494
resnet101,1c27887050e7d7f1a7e355d4ac635d858d8a5993636b85b0dc7a40bef36b36bc,0,certified_minimum,20480,32,32768,24576,37.5,16.666666666666664,12288,4096,15612864,15628476
lstm,201227f28a13e0753203b38625c1ebbce85ec60e06597cf44d336df2ae0c81ab,1,feasible_shrink_0,17920,32,32768,24576,45.3125,27.083333333333336,14848,6656,130176,130306
gpt_prefill_block,29fe977eda0ce2d5baf1d4b2b17ac7fa5d35b16cf087ac6d69dc1a3e90f343a7,1,feasible_shrink_0,12416,24,24576,18432,49.479166666666664,32.638888888888886,12160,6016,20689280,20705484
darknet19,2b82cd1ebb97a886dd37c61a6bd6ec2105c3a129a33118c8662c2732c466aa67,2,feasible_shrink_0,21248,32,32768,24576,35.15625,13.541666666666663,11520,3328,5594876,5600406
gnmt,2e1d095b57a384197457bdf3a67d837dc1293b4ffcb66a3945f5551ac3d7e36f,1,feasible_shrink_0,17920,32,32768,24576,45.3125,27.083333333333336,14848,6656,130688,130818
darknet19,331c5ee273ce5969b0ac8342296a4782c83cbe479206501984cb0370b10f7503,2,feasible_shrink_0,16512,32,32768,24576,49.609375,32.8125,16256,8064,5594812,5600406
googlenet,3ccc82c2d0ac4bb554f5e395b3db0043e5859c900df78dd178ff60b92dc1a570,0,feasible_shrink_0,20992,32,32768,24576,35.9375,14.583333333333337,11776,3584,3716072,3717962
transformer_cell,3d48712fe4edbd93deee8bff8c7ce8158e9313033459b2e076c5ca4590b2f2cf,1,feasible_shrink_1,12544,24,24576,18432,48.958333333333336,31.944444444444443,12032,5888,10048989,10053435
gnmt,41abcb9baa1c788d37d7818ea34559519cfe91e1f828161ae11a06ff7c8e9be7,1,feasible_shrink_0,17920,32,32768,24576,45.3125,27.083333333333336,14848,6656,130688,130818
bert_block,456b8c33ace60e9891c3fafc76fadd0c963d6bb676308c1b8f32d600f067c1ca,1,feasible_shrink_2,11648,24,24576,18432,52.60416666666667,36.80555555555556,12928,6784,10879312,10889854
transformer,46a836670b094bd900c4cd86301d94fcebaf4583bd902370fa1d90d256ac0995,1,feasible_shrink_0,16640,24,24576,18432,32.291666666666664,9.722222222222221,7936,1792,57519576,57532547
resnet152,5186a831f6c5b7c6e69d5ea576a46434df2d5d0dc7314a39312173a7d34e7cfe,2,feasible_shrink_0,21504,32,32768,24576,34.375,12.5,11264,3072,23141696,23149846
transformer_cell,534a7f20a2d991d51d4d0f98cd18f87813bd3bc960d3bceec16decf167c738bd,1,feasible_shrink_0,15552,24,24576,18432,36.71875,15.625,9024,2880,10052528,10053435
resnet101,60c1c5dbd85e2ddbe9c304291da2f739a7ef77ad26863ffd41aeb7266d6a33ac,3,feasible_shrink_0,19712,32,32768,24576,39.84375,19.791666666666664,13056,4864,15621696,15628476
densenet,612463bc4de7b92eb8dd9d5798882b99dbce6f60dc83e88ce187503e34f42e4a,3,feasible_shrink_0,17280,24,24576,18432,29.6875,6.25,7296,1152,5977748,5979129
inception_resnet_v1,621a17dd5469757e3b3dcf1c6472259dbe860fd65aca180a05b4d6d7a2a85b66,3,feasible_shrink_0,18432,32,32768,24576,43.75,25.0,14336,6144,12773020,12774229
bert_block,62c3731a5130667952ec85709b14ed4fc29cee31a1a32526ef854b525cf5b3b8,1,feasible_shrink_0,11840,16,16384,12288,27.734375,3.645833333333337,4544,448,10886177,10889854
googlenet,67df3ad86df3faa5e7953ac96b1d148ce6b2e828ac0ba0a0827bcf96f74d0417,0,feasible_shrink_0,19328,32,32768,24576,41.015625,21.354166666666664,13440,5248,3716712,3717962
densenet,6c21770d111faae66a2000efba9ffb79280eb3d075f3c65fa60a486e8c926811,3,feasible_shrink_0,15744,24,24576,18432,35.9375,14.583333333333337,8832,2688,5978596,5979129
gpt_prefill_block,74241dd73aa885112e55be5a4fda50bbdcdfdcc4b040003e937f60e0225fef8e,1,feasible_shrink_2,14272,32,32768,24576,56.4453125,41.927083333333336,18496,10304,20684612,20705484
googlenet,8bf3b4d77415f605d78751465f92a76af8f306c1a3ddf89008659f6f9e08a066,0,feasible_shrink_0,24448,40,40960,30720,40.31249999999999,20.41666666666667,16512,6272,3717850,3717962
bert_block,8d65e838e66fd7b859f213bf42963910d2f58efdd245f0fcfe32a02292a44065,1,feasible_shrink_0,13696,24,24576,18432,44.270833333333336,25.694444444444443,10880,4736,10886592,10889854
transformer_cell,908d8402ad749913e06d2656c6e6cd4000c814b1c491706a3e082e04fc5ad7cc,1,feasible_shrink_0,12928,24,24576,18432,47.395833333333336,29.861111111111114,11648,5504,10042369,10053435
resnet50,9281836bbbbc7b4def4dba94b821125b1a80a639acabb4a36cecffb96094b437,1,certified_minimum,19584,32,32768,24576,40.234375,20.3125,13184,4992,8156160,8157333
bert_block,a7b2ee407863961ea83f929d0059020d925cd2626dafdb41372a66ebdfea99fd,1,feasible_shrink_0,12800,24,24576,18432,47.916666666666664,30.555555555555557,11776,5632,10887168,10889854
darknet19,a9114330ce7db2914e3707915f4176f0dbb717493648a779b9077ffb54843425,3,feasible_shrink_0,19328,32,32768,24576,41.015625,21.354166666666664,13440,5248,5597692,5600406
googlenet,ae833190fdd1389e2abdb1d79b8725a2a7c6598f1cda8301100cac639ca261d2,0,feasible_shrink_0,19968,32,32768,24576,39.0625,18.75,12800,4608,3717552,3717962
transformer_cell,ba92eec2f567df95c1905c587d6fdf0b01fabcabf51617bde1b1c584161e847f,1,feasible_shrink_0,14016,24,24576,18432,42.96875,23.958333333333336,10560,4416,10039276,10053435
densenet,bffcf5ed215fa800157c265aebf10ac7f1cffea1f4c7eea61ab7e24a34b99ba3,3,feasible_shrink_0,17280,24,24576,18432,29.6875,6.25,7296,1152,5978116,5979129
inception_resnet_v1,c43256cbe4e5106a838553cb53e442b9339aed7ef3198f2cec675177c6cbaaf1,3,feasible_shrink_0,18816,32,32768,24576,42.578125,23.4375,13952,5760,12761692,12774229
resnext50,c77a9957e0e90aa55f00d2be2bcd3c21782300c28ff5a80880d88cfb5977fed0,3,certified_minimum,21632,32,32768,24576,33.984375,11.979166666666663,11136,2944,4662336,4665012
transformer,c7a44edc47a0b46439b892602b23a095efd91c056defd491026ea96aa10e3dc3,1,feasible_shrink_0,17920,32,32768,24576,45.3125,27.083333333333336,14848,6656,57475072,57532547
inception_resnet_v1,cdce665847f8fdd578633e5ee06835f48270940492a994571ea410714d7f1aed,3,feasible_shrink_0,17920,32,32768,24576,45.3125,27.083333333333336,14848,6656,12761468,12774229
transformer,dbbf61921e6efdd34c3c3d46f818816db12e50a41c5bb886d625266b7cb8f769,1,feasible_shrink_2,15424,24,24576,18432,37.239583333333336,16.319444444444443,9152,3008,57521855,57532547
resnet50,de2edf6772bf1a8bcd690d5824afa169a17d614a5ffb2230bcecc00d6d1e1bf0,1,certified_minimum,21632,32,32768,24576,33.984375,11.979166666666663,11136,2944,8151168,8157333
googlenet,e69ba244dd7bdbaab266f537ef5a8a69cf0315b4f42964c7119aca3b95178d15,0,feasible_shrink_0,19712,32,32768,24576,39.84375,19.791666666666664,13056,4864,3715752,3717962
resnet152,eb0e053c1f983c869157f02a12c5ed64710ca8f43e3b18c79f2ef68fdad02953,1,feasible_shrink_0,19584,32,32768,24576,40.234375,20.3125,13184,4992,23148480,23149846
gpt_prefill_block,ecda783fb8603884553a2311ede8f4682367112bfd6bd4013982563914858351,1,feasible_shrink_1,12224,24,24576,18432,50.26041666666667,33.68055555555556,12352,6208,20687360,20705484
transformer_cell,f8ae1cbc43ffe29f24234fb1b0741c59501944d1bf5740dd729d68c7f135621b,1,feasible_shrink_0,17920,32,32768,24576,45.3125,27.083333333333336,14848,6656,10043392,10053435
transformer_cell,fab0982e1e20d6ce6ab97356cca004e697cc1aca96e423e9232333b41a774129,1,feasible_shrink_0,17984,32,32768,24576,45.1171875,26.822916666666664,14784,6592,10050577,10053435
pnasnet,0ebf0fcdae01cce3770892bc3387348c2ff0c8cbde0e5edf2470b9959bbac32c,0,feasible_shrink_0,22336,32,32768,24576,31.8359375,9.114583333333337,10432,2240,74387115,74482947
gpt_decode_block,10d8accb64abcbf5ef1832da5d7d525ac0c51c8c30bde194723c7c9924fe11ca,2,feasible_shrink_0,23232,40,40960,30720,43.28125000000001,24.375000000000004,17728,7488,145310,145656
pnasnet,17844feaa0c8f18a671b8c40354124da5fe7369ecd7df942130eab56d3383e78,0,feasible_shrink_0,18368,32,32768,24576,43.9453125,25.260416666666664,14400,6208,74407263,74482947
transformer,17fb42a51ce898ab157864c0e855a46a7ac28f954d2ae71580d45f2302a582e3,2,feasible_shrink_0,17920,32,32768,24576,45.3125,27.083333333333336,14848,6656,57475072,57532547
gpt_decode_block,187b2713c8f53530a70e44c3ed3883d6d2a1e19dd24ebdb74d90f05008d87869,2,feasible_shrink_2,19136,32,32768,24576,41.6015625,22.135416666666664,13632,5440,143253,145656
googlenet,1b622930df76a6588773846e7ea6f3737f342d8fee38092121775ef958461f1b,1,feasible_shrink_3,19200,32,32768,24576,41.40625,21.875,13568,5376,3717616,3717962
transformer_cell,1e25b67e55e4f628adc2196e391cdc4b7aa23440edff577db6a54644703f21c5,2,feasible_shrink_0,12800,24,24576,18432,47.916666666666664,30.555555555555557,11776,5632,10039276,10053435
gpt_decode_block,1e3dbeb14bbdcb1eb34e3c8f697f72eb44af80c02f7e52f0f07ce7d4a697e1e9,2,feasible_shrink_1,23488,40,40960,30720,42.65624999999999,23.54166666666667,17472,7232,145128,145656
gpt_prefill_block,207ebc27fdc42622582ee5cb1e53d5140caeb97734e1a1e5db3875198f5427c3,2,feasible_shrink_0,12864,24,24576,18432,47.65625,30.208333333333336,11712,5568,20686664,20705484
transformer,224e30f54ee821aab52cba53a68346c8b312bafa5ec48784921c5242aa845646,2,feasible_shrink_0,14848,24,24576,18432,39.583333333333336,19.444444444444443,9728,3584,57504964,57532547
pnasnet,248d1ff945c2ea410cc6fc99b5467a51e2156af8ca82f885df6351c292291a6c,0,feasible_shrink_0,21632,32,32768,24576,33.984375,11.979166666666663,11136,2944,74254381,74482947
gpt_decode_block,24eb25a563d025af502d6ca591d6d46da37e0ba8f3b03885725692250a74e88c,2,feasible_shrink_1,22080,40,40960,30720,46.09375,28.125,18880,8640,145620,145656
gpt_decode_block,272b938daad7b58e335917d4093a1321e176db6590208dac8295728dcbb1ab37,2,feasible_shrink_0,24192,40,40960,30720,40.93750000000001,21.250000000000004,16768,6528,145472,145656
gpt_decode_block,2dbf371ca11cb1061ca4da660de3991497d615a9be83f5b8062eb8bc30e1cde8,2,feasible_shrink_0,23424,40,40960,30720,42.8125,23.750000000000004,17536,7296,144686,145656
googlenet,30927def7ed97df36f25d7b4bf0c0bd7bd08aeede5bc0d5f6f24f688a3ed514a,1,feasible_shrink_0,22848,32,32768,24576,30.2734375,7.03125,9920,1728,3717916,3717962
transformer_cell,3129c9f855c392fdea687eedd717c5770bc2534c126176ea712f5ca73fecab7f,2,feasible_shrink_0,17920,32,32768,24576,45.3125,27.083333333333336,14848,6656,10043392,10053435
inception_resnet_v1,35616d5f4453ec0f9121b3578f0de12d803e6f69dbe6738ca70281be73d3a083,0,feasible_shrink_0,21504,32,32768,24576,34.375,12.5,11264,3072,12763900,12774229
densenet,361dfe317711138625547cd0d61129c8c37850a34f6adc765345829a06e608b2,0,feasible_shrink_0,17536,24,24576,18432,28.645833333333336,4.861111111111116,7040,896,5978432,5979129
resnet50,383035f210e318290704d455a29d4aa074a7c241f115377745561387adb0d383,3,certified_minimum,23680,32,32768,24576,27.734375,3.645833333333337,9088,896,8149184,8157333
gpt_prefill_block,3b028674a4c1e4d88a396220cbd192fc3d26e79fdfe7b9812988e1df604f8eea,2,feasible_shrink_0,11200,16,16384,12288,31.640625,8.854166666666663,5184,1088,20683648,20705484
inception_resnet_v1,3be58d107e34182853f678799e8f8e9afc782a328de91713573d273c932bacda,0,feasible_shrink_0,15872,24,24576,18432,35.416666666666664,13.888888888888884,8704,2560,12771444,12774229
gpt_decode_block,3e4e58376dc5efcc1d5a65e264af58614d243a62b7719fc94ef878de9434a351,2,feasible_shrink_0,24384,40,40960,30720,40.46875,20.625000000000004,16576,6336,144882,145656
pnasnet,4459947bd4631f151180fbdcacccfc00d50e1d0eacbbf075cc2ceb5b055adcd0,0,feasible_shrink_0,19904,32,32768,24576,39.2578125,19.010416666666664,12864,4672,74471055,74482947
pnasnet,45f869718de9088e4cf489d23e6bcb0f146898c902ea5b0afe11ea300d878c8c,0,feasible_shrink_0,21696,40,40960,30720,47.03125,29.374999999999996,19264,9024,74474421,74482947
gpt_decode_block,4d59372d6d7c34c9d1cf22000e850240c32db0f64f2a1113a4d51103f6ecb3ac,2,feasible_shrink_1,22848,40,40960,30720,44.21874999999999,25.624999999999996,18112,7872,145594,145656
densenet,4ec5296ce4bfb9eafb0e7f534cdb642d28cde8a78ea5793eee303cc9e03ad0d9,0,feasible_shrink_0,15744,24,24576,18432,35.9375,14.583333333333337,8832,2688,5978948,5979129
googlenet,516f92646ee707bd593ef7b160fd9abffb2729c0afb793fb3468b3ce424a4fff,1,feasible_shrink_3,19584,32,32768,24576,40.234375,20.3125,13184,4992,3717288,3717962
googlenet,52abc82baea9276551ce77f107ca6cc100a5cf219348631bfa9767495350e60c,1,feasible_shrink_1,18432,32,32768,24576,43.75,25.0,14336,6144,3715176,3717962
gnmt,59ef90f23ad3ba48242c4a95abf343594f85e37abbe169a36d2ec0c3032d6227,2,feasible_shrink_0,17920,32,32768,24576,45.3125,27.083333333333336,14848,6656,130688,130818
gpt_decode_block,5c6c7e6cf260bdaafb9282b4c13985f83d607aeef6a5528d6d415c7d7f538336,2,feasible_shrink_3,23616,40,40960,30720,42.34375,23.124999999999996,17344,7104,145623,145656
transformer,63154d96987ead07bf87f0aef2dfe0227a55623871be7b1277bc6e871a5666a5,2,feasible_shrink_0,16640,24,24576,18432,32.291666666666664,9.722222222222221,7936,1792,57519576,57532547
resnet101,66358391088e6313895f36d7fe7f28696e24b2c6b55afd120f70a443c2f2e1cc,0,feasible_shrink_0,19584,32,32768,24576,40.234375,20.3125,13184,4992,15610304,15628476
bert_block,68d7621d4c20ced5e77120371b9f26769f2e30afd642836b3cd57c39fb3d6467,2,feasible_shrink_0,11840,16,16384,12288,27.734375,3.645833333333337,4544,448,10886144,10889854
gpt_decode_block,69060859bb5043c25735bca618dff868047a6e0831089f429f7babd502156a68,2,feasible_shrink_1,23168,40,40960,30720,43.43749999999999,24.583333333333336,17792,7552,145653,145656
resnet50,69fb4851502ea90d8719280ee0e8e9b3f2e816f40759af0ff4a60326d16390b6,2,certified_minimum,21632,32,32768,24576,33.984375,11.979166666666663,11136,2944,8151168,8157333
bert_block,7240acad46418ef6849b1aeebd8fa455fb3efe863b69700c201ad08e35cb769c,2,feasible_shrink_0,12800,24,24576,18432,47.916666666666664,30.555555555555557,11776,5632,10887168,10889854
gpt_decode_block,795a9f9aefded90279e053d6d37dec465a47e32d1ba6d98b0af99bbc47083d51,2,feasible_shrink_1,22912,40,40960,30720,44.06250000000001,25.416666666666664,18048,7808,145355,145656
bert_block,7997e12ffe670deecac9b0d4fe0661049a2175c36bdd26e6000b37f3b10089c0,2,feasible_shrink_0,13824,24,24576,18432,43.75,25.0,10752,4608,10886592,10889854
darknet19,7bf5ca577a82b171f464164e919aa7bda6944fa533b6c3266f1ef2d1c694b851,0,certified_minimum,21248,32,32768,24576,35.15625,13.541666666666663,11520,3328,5599616,5600406
inception_resnet_v1,7d6e0e36cf67655171ccc2cda68a779981c8a72aa43892301c78238374526ac8,1,certified_minimum,20480,32,32768,24576,37.5,16.666666666666664,12288,4096,12761468,12774229
resnext50,8022a8e4985289e70843aafd517da1f3d4d781de50f8fbf7668099c724ffe5d4,0,certified_minimum,20480,32,32768,24576,37.5,16.666666666666664,12288,4096,4660352,4665012
gpt_decode_block,8418a0663ba4d09f7ba1c0b531f94e2472c0dda52a152bdd7b1e55fc0378985f,2,feasible_shrink_1,22016,40,40960,30720,46.25,28.333333333333332,18944,8704,145458,145656
gpt_decode_block,8672d24d07d63e4d5d6374422262159cf9ba8f5c726a433f34e415df52c0205b,2,feasible_shrink_3,23040,40,40960,30720,43.75,25.0,17920,7680,145001,145656
vgg19,86e20d12c7f06cff0ca6fec2074462e81d8afeca33a8f94164189679a6740b97,3,certified_minimum,16512,24,24576,18432,32.8125,10.416666666666663,8064,1920,38350144,38388494
pnasnet,8b0aeb9f5e49fe07f1202cf957d9fa734b328abbc0d8a7dc2c6ed51175e5298a,0,feasible_shrink_0,18880,32,32768,24576,42.3828125,23.177083333333336,13888,5696,74482489,74482947
gpt_prefill_block,8c50fdaf7bcdb2078a3661b36701eba99f5430be1dc07965db9fe3af7944988a,2,feasible_shrink_1,12032,16,16384,12288,26.5625,2.083333333333337,4352,256,20687360,20705484
darknet19,8ec6390ab015cfc63f32072c10b98bda7121de2d8dcc4060c6a699781ebbde3b,3,certified_minimum,17024,32,32768,24576,48.046875,30.729166666666664,15744,7552,5594812,5600406
transformer_cell,90208823821e1a1e5e7abc2256934639740706f3019f86f40860de563248daf2,2,feasible_shrink_1,12544,24,24576,18432,48.958333333333336,31.944444444444443,12032,5888,10053005,10053435
pnasnet,9180c8d684b963181cb1d64085d38e72253864ea4d3e8701053cd766061937de,0,feasible_shrink_0,20992,32,32768,24576,35.9375,14.583333333333337,11776,3584,74442406,74482947
gpt_prefill_block,954104806d82cdf581866e8dd36234be55b2f005e06106a0f07caa026cd15586,2,feasible_shrink_1,13568,24,24576,18432,44.791666666666664,26.388888888888886,11008,4864,20703382,20705484
gpt_decode_block,957e3c4878ec6be269640b444e2600a6c24f3930f349497d43a2cdf9260addb6,2,feasible_shrink_0,23296,40,40960,30720,43.125,24.16666666666667,17664,7424,145580,145656
gpt_decode_block,9cf6e7168f572bd0557558758fe8564c994acdfbc13f5a7880e18e155bb2c966,2,feasible_shrink_2,21632,40,40960,30720,47.18750000000001,29.58333333333333,19328,9088,145600,145656
gpt_decode_block,a532021e0f0a64737867fc6f81e5778a98eb6d53ebe349cea7b63463d4137860,2,feasible_shrink_0,22208,40,40960,30720,45.78124999999999,27.708333333333336,18752,8512,145283,145656
gpt_decode_block,a625477b31f7358f1710857955bf0c388effd7f5ed0a593090acc95ce6af0f8d,2,feasible_shrink_2,22720,40,40960,30720,44.53125,26.041666666666664,18240,8000,145453,145656
inception_resnet_v1,ac1e6a680b71caaeb736c1103d43247bac8a86c52ca4dfc8cbeae8be8ebd40cd,1,certified_minimum,17920,32,32768,24576,45.3125,27.083333333333336,14848,6656,12761468,12774229
gnmt,ae24a96257eff502ff9360575ff3a53fff0ade2914171a5d3b010de13f5ae035,2,feasible_shrink_0,17920,32,32768,24576,45.3125,27.083333333333336,14848,6656,130688,130818
lstm,aee53eb7c8311263414a619a8768bf98566a001b672cee248264698030c4353b,2,feasible_shrink_0,17920,32,32768,24576,45.3125,27.083333333333336,14848,6656,130176,130306
resnet152,b4f6e0e04363f542a5317e759446d462ad0fd68411c7225bb36bd06352489f0c,2,feasible_shrink_0,19584,32,32768,24576,40.234375,20.3125,13184,4992,23148480,23149846
transformer_cell,b888adcc925772a644446f027aeb8689584661f93dab6d50ac9160f2afeed0ba,2,feasible_shrink_0,16640,24,24576,18432,32.291666666666664,9.722222222222221,7936,1792,10052896,10053435
gpt_decode_block,b9da18c429dc299c264403d820d0ec3e5e5157eae7c0601135649390bcedc4b5,2,feasible_shrink_0,22272,32,32768,24576,32.03125,9.375,10496,2304,144356,145656
transformer_cell,bcc738efcb41693f92fb4e89990f360cd45b0323df21ad5ee487e212b6c7c533,2,feasible_shrink_0,15360,24,24576,18432,37.5,16.666666666666664,9216,3072,10052528,10053435
gpt_decode_block,c28d9fa00e75d2cb88ed55fd6d833701bc8bcb6f13f4aa174d7ea8a670eb6a5a,2,feasible_shrink_3,23232,40,40960,30720,43.28125000000001,24.375000000000004,17728,7488,145378,145656
gpt_decode_block,c5504f986e1ed0e21c2d8a3583100992d4f72f039dd02180bc9f6621f1902787,2,feasible_shrink_2,24064,40,40960,30720,41.25,21.666666666666668,16896,6656,145252,145656
pnasnet,c61fd0e5920d876bf5b4767c1a6fad895d81dd21d49643014c1e57cb13297c0e,0,feasible_shrink_0,19712,32,32768,24576,39.84375,19.791666666666664,13056,4864,74480849,74482947
googlenet,c6ff588e1ae4cc53f47d1286efac5babdb3e81c6bb02dde726f4b9b2d2f13865,1,feasible_shrink_3,18560,32,32768,24576,43.359375,24.479166666666664,14208,6016,3716648,3717962
densenet,c7af0f1e089cff00518a089eba88d4647f27bc90f985845a2480d371f4606d69,0,feasible_shrink_0,17280,24,24576,18432,29.6875,6.25,7296,1152,5978276,5979129
pnasnet,ca2fa2a370e9a3b8572951a361bb70c306fa1b06e6f8401884d961a0d883c52d,0,feasible_shrink_0,18816,32,32768,24576,42.578125,23.4375,13952,5760,74479818,74482947
resnet152,cad043fcec96b5cfe217febd19e03b7450a7e62a76a02fe59821098f0c4e1675,3,feasible_shrink_0,21504,32,32768,24576,34.375,12.5,11264,3072,23141696,23149846
googlenet,cc9415540ca97b8529a76df98fedb9915face4e2edc60288a9d534addd6374ad,1,feasible_shrink_0,20864,32,32768,24576,36.328125,15.104166666666663,11904,3712,3717160,3717962
gpt_decode_block,d2eb9564503431ef88a46dce045722d191af04fd02a2743f714f42b03fa8e78a,2,feasible_shrink_0,24768,48,49152,36864,49.609375,32.8125,24384,12096,145511,145656
resnet50,d86890075928cd98a000b9d8f43e75f6d1c3c8d2ccec3f79be69640057b07e2c,2,certified_minimum,19584,32,32768,24576,40.234375,20.3125,13184,4992,8156160,8157333
gpt_decode_block,e954a1d73e1e5f82e579df495c00634bed9c730205c81e2da5c06e5af0e6d29a,2,feasible_shrink_1,21696,32,32768,24576,33.7890625,11.71875,11072,2880,144599,145656
transformer_cell,eaa0dceeea488492a3ef9ba1283b273853ec23dfa1de8b562820009a696b06be,2,feasible_shrink_0,11904,24,24576,18432,51.5625,35.416666666666664,12672,6528,10045656,10053435
gpt_decode_block,ec13cc2a72f2d24307f42c8e89b882305df17c73eb171cab2311af3407960e23,2,feasible_shrink_0,24320,40,40960,30720,40.625,20.833333333333336,16640,6400,145092,145656
bert_block,f0a97588241d7f83838442a93d725f95be573395695a004dc4e1f953dd0c8d7a,2,feasible_shrink_0,11840,24,24576,18432,51.82291666666667,35.763888888888886,12736,6592,10873964,10889854
resnet101,f31a73f84fdc3cf218a1dcf7864de86f9d39b7ec2e6515bee5e24c9385529cc7,0,feasible_shrink_0,21504,32,32768,24576,34.375,12.5,11264,3072,15627840,15628476
inception_resnet_v1,f411d840142b061aeaf641372f01601487807464f0b5675d586bcf5d0cb1e0d8,0,feasible_shrink_0,18432,32,32768,24576,43.75,25.0,14336,6144,12773004,12774229
inception_resnet_v1,f722f88b04c44cd61f23978de5099e5df93138cbacdc21539ccc325d121b31dc,0,feasible_shrink_0,18688,32,32768,24576,42.96875,23.958333333333336,14080,5888,12773820,12774229
resnext50,06c261b27483ffe539ef36ef9036418e839a6a2da92d564e38e2ccf297f8d323,0,certified_minimum,21632,32,32768,24576,33.984375,11.979166666666663,11136,2944,4662336,4665012
inception_resnet_v1,10b0cc359b381e2659a2e14730d70315feb960813b9a2693c7ab7b578dad8437,1,feasible_shrink_0,15872,24,24576,18432,35.416666666666664,13.888888888888884,8704,2560,12771444,12774229
transformer,10dce46d2d2f10aff5b54576e03e1a29ae7208978af7208a6183483a6e23ce69,3,feasible_shrink_0,16640,24,24576,18432,32.291666666666664,9.722222222222221,7936,1792,57519576,57532547
gpt_prefill_block,12c2f8890992fda046e970a732ac39371a49468b163029290348eaf6f9b4380b,3,feasible_shrink_1,12224,24,24576,18432,50.26041666666667,33.68055555555556,12352,6208,20687360,20705484
transformer,2708f3a6a0a5fdc8e09483a6e683dd019cc90f6c0d29061a61297c9c9e71854d,3,feasible_shrink_0,17920,32,32768,24576,45.3125,27.083333333333336,14848,6656,57475072,57532547
gpt_prefill_block,3592794ce392d5d4231cae9b5d08f43195e8e06e83d35be5fbc01aed57c75e79,3,feasible_shrink_0,12160,24,24576,18432,50.52083333333333,34.02777777777778,12416,6272,20683648,20705484
bert_block,36faf7a80c7b6f198371a58592c259eacc088e8d3de68de9e0c3ddcc8aa1d8b8,3,feasible_shrink_0,12800,24,24576,18432,47.916666666666664,30.555555555555557,11776,5632,10887168,10889854
transformer_cell,3d7f9044cd1bc59c89efac122a8ce774017fffbc772f9f248ee25b25fd315305,3,feasible_shrink_0,17920,32,32768,24576,45.3125,27.083333333333336,14848,6656,10043392,10053435
resnet50,46122980a77ac8ed9a4027bcf30a479dbbff82a815f25f64dcee3ed9b48e7f2b,0,certified_minimum,21632,32,32768,24576,33.984375,11.979166666666663,11136,2944,8151168,8157333
densenet,4649c800083cb2eb9e7dcf3136e9e0748498f4fa5d414602b5b5f66652d45997,1,feasible_shrink_0,15744,24,24576,18432,35.9375,14.583333333333337,8832,2688,5975460,5979129
googlenet,51bee418bd031f3680e66c0d9409565d2c68346c1061f028fb0ef6ffbe089232,2,feasible_shrink_0,19712,32,32768,24576,39.84375,19.791666666666664,13056,4864,3715752,3717962
resnet50,5a618ed2f906d87b00f7c990440d47542f930b4703b57cf79d465643358620ed,3,certified_minimum,19584,32,32768,24576,40.234375,20.3125,13184,4992,8156160,8157333
googlenet,6494d23129ec6c25fde81f5dd9957c4ae726e54b259276998bb529500347955e,2,feasible_shrink_1,19328,32,32768,24576,41.015625,21.354166666666664,13440,5248,3716712,3717962
inception_resnet_v1,6a43b678f6f7c7749efcb4dbdd2499d6cba45d97e5f048a2e9281b7f9e2c71be,1,feasible_shrink_0,18432,32,32768,24576,43.75,25.0,14336,6144,12773004,12774229
resnet101,6aef5c1ab8d2c64e1bd2c9318976b6ae15d8212c97ae15b203b3723748be750b,1,feasible_shrink_0,21504,32,32768,24576,34.375,12.5,11264,3072,15627840,15628476
inception_resnet_v1,740dba6b8f6ab2444abcca3d48b362013a62ecd4ecb27127b79df5b024255cb1,1,feasible_shrink_0,18944,32,32768,24576,42.1875,22.916666666666664,13824,5632,12773820,12774229
transformer_cell,7462bf2af95c7c469ebb557e2058487560bf9b5edf550f16049b59b7b382dfe6,3,feasible_shrink_0,17984,32,32768,24576,45.1171875,26.822916666666664,14784,6592,10050577,10053435
gpt_prefill_block,845b28dacb57ea183ab787e8dd94c08c5eb35080b05616821343a931c4b22b8d,3,feasible_shrink_2,14272,32,32768,24576,56.4453125,41.927083333333336,18496,10304,20684612,20705484
transformer_cell,848ee9213c44df0699f209b136b05812ea7db9f261f6766c1b5f7d6836584a14,3,feasible_shrink_1,14016,24,24576,18432,42.96875,23.958333333333336,10560,4416,10039276,10053435
transformer,8799d28df8e7b3e9428bbc204efb043b51a589149c7c7c95c578a42105b304cb,3,feasible_shrink_0,15424,24,24576,18432,37.239583333333336,16.319444444444443,9152,3008,57521851,57532547
bert_block,8d4c4882b7b013aa36baacd23d59cec4319e98fce77f688e98ad5fdf0ee4b8ec,3,feasible_shrink_0,11584,24,24576,18432,52.86458333333333,37.15277777777778,12992,6848,10873964,10889854
transformer_cell,8e5df47ed90626718298c77875abf50bdffa7b0951ef2026e219a996dfb16f7c,3,feasible_shrink_0,12928,24,24576,18432,47.395833333333336,29.861111111111114,11648,5504,10042346,10053435
resnext50,9303bc2e384151eb3e3520db82c86c9e266da03720d38ef5648953d21a5eccb6,0,certified_minimum,19712,32,32768,24576,39.84375,19.791666666666664,13056,4864,4664128,4665012
lstm,99818d21510111ff087f2b531648b0493c5f08596360b737fa7272fc04edeec6,3,feasible_shrink_0,17920,32,32768,24576,45.3125,27.083333333333336,14848,6656,130176,130306
bert_block,9e220d3ee4212ee8adc22f660af9a533bcf46d220bf261671c0f96bc7cd6831e,3,feasible_shrink_0,13824,24,24576,18432,43.75,25.0,10752,4608,10886592,10889854
transformer_cell,a107c58bad0d5637ec78f5c9507aeb0bc7a3d431670b518fc27fd86089f53f8e,3,feasible_shrink_0,15552,24,24576,18432,36.71875,15.625,9024,2880,10052528,10053435
resnet152,a2404179826c2204f2dec38f397ce849f431a50edfee2d207c6f761ad7783a17,3,feasible_shrink_0,19584,32,32768,24576,40.234375,20.3125,13184,4992,23148480,23149846
googlenet,a8c2e732cd4aa8aded0f52c30be753ad581181a1ba8f0be4bf3f1b0307bbbb4a,2,feasible_shrink_1,19968,32,32768,24576,39.0625,18.75,12800,4608,3717552,3717962
pnasnet,aaa72e9db95176583f1e6e9f326417d43812f25e132f6afe36660b334510ba2a,1,feasible_shrink_1,22144,40,40960,30720,45.9375,27.916666666666668,18816,8576,74480893,74482947
resnet152,ac6288b179cf3d71b5bcd2a528cb0765c85e051b80f68a3e351489a3d9086b76,0,certified_minimum,20480,32,32768,24576,37.5,16.666666666666664,12288,4096,23126720,23149846
gpt_prefill_block,ae80ee3f346cb327850890172e5bdfc65fabab93bdc2461ef4a35870c3203b9d,3,feasible_shrink_0,12928,24,24576,18432,47.395833333333336,29.861111111111114,11648,5504,20686664,20705484
googlenet,b15c157b6bc45173bbb892280a4c14e9d96579da17d282dba53bec5269c7545e,2,feasible_shrink_0,20992,32,32768,24576,35.9375,14.583333333333337,11776,3584,3716008,3717962
pnasnet,b8df7de47a801bdd63ec89c77c6000bdc1284eb0f531fdd718083f5f89b8d6c3,1,feasible_shrink_0,21952,40,40960,30720,46.40625000000001,28.541666666666664,19008,8768,74482220,74482947
resnet50,b9aaa83df3d7bf76323febceb5889e600b904b4761cb5261d7b6d2f96042de85,3,certified_minimum,21632,32,32768,24576,33.984375,11.979166666666663,11136,2944,8151168,8157333
googlenet,bf48acd1e5ace6e697e0d4f59181e8e72f20df6b6c2fb7dcde45823d87afd493,2,feasible_shrink_0,24448,40,40960,30720,40.31249999999999,20.41666666666667,16512,6272,3717850,3717962
darknet19,c045cb60e04c85ba0e4b609e407f2ff5d456094afd527b17c13ba8be4b9f584e,1,certified_minimum,21248,32,32768,24576,35.15625,13.541666666666663,11520,3328,5599616,5600406
inception_resnet_v1,ce1bd43efb57fd42ae9b2f8da8459d621b432f58969dc0c58f794c8d8b7a8f88,0,feasible_shrink_0,17920,32,32768,24576,45.3125,27.083333333333336,14848,6656,12761468,12774229
darknet19,d0807e79ea3490af070bfc96369673ae398eef8210d2c7557009442ef36b8467,0,feasible_shrink_0,16512,32,32768,24576,49.609375,32.8125,16256,8064,5594876,5600406
vgg19,d8f7189ecdd24bef663c564b041f30a92df28a615ff55da529bacc8f30ae01e2,0,feasible_shrink_0,14720,24,24576,18432,40.104166666666664,20.138888888888886,9856,3712,38382208,38388494
resnet101,da8c2a933298ed14effd2dccfbecae5853d607df3253f00d10be521a05943036,1,feasible_shrink_0,19584,32,32768,24576,40.234375,20.3125,13184,4992,15610304,15628476
googlenet,dcab49f0e6286df8d5e1ecbfe9f72713bf08192782afeda5fffb39a2522158a7,2,feasible_shrink_3,21376,32,32768,24576,34.765625,13.020833333333337,11392,3200,3717928,3717962
gnmt,e03e62d4066bf907439c62921a737a27415bbf5434104f3ae5b524c1252144b0,3,feasible_shrink_0,17920,32,32768,24576,45.3125,27.083333333333336,14848,6656,130688,130818
inception_resnet_v1,eb0cd608bfae156549d10a1b6067c0dd96960e0a8d5bea8344cac995441689a5,0,feasible_shrink_0,19456,32,32768,24576,40.625,20.833333333333336,13312,5120,12765436,12774229
densenet,f3c8cb00f293d3c68ca1f62486561e0bfba7b404ea859bd0291109c62713001e,1,feasible_shrink_1,15744,24,24576,18432,35.9375,14.583333333333337,8832,2688,5978884,5979129
gnmt,f557e4952eed4c369230868a5da4166f233952189c9f8cbe2dfed70533380ae5,3,feasible_shrink_0,17920,32,32768,24576,45.3125,27.083333333333336,14848,6656,130688,130818
transformer_cell,f9bef46fcb5d0599207d5effc79f0ede003526d3d002449066bf0605507fc886,3,feasible_shrink_0,12544,24,24576,18432,48.958333333333336,31.944444444444443,12032,5888,10048997,10053435
densenet,fc0e015c81530718f282e9b331b00f8d54a8ff298b9e4676431128971aa4f910,1,feasible_shrink_0,17280,24,24576,18432,29.6875,6.25,7296,1152,5977952,5979129
bert_block,fc92cc97bfaadc1856274551a9b821af3e66d32c5736420e20ca1334ba0914a0,3,feasible_shrink_0,12032,16,16384,12288,26.5625,2.083333333333337,4352,256,10886144,10889854
gpt_decode_block,00c161f9d67b441807510592a5595eb247027ca34fd135520fcb9442152022ed,0,feasible_shrink_0,24256,40,40960,30720,40.78125,21.04166666666667,16704,6464,145079,145656
pnasnet,01ca5bebf740819290047060ca198c52a4f748557b9d863bb67008009aecd521,2,feasible_shrink_2,18304,32,32768,24576,44.140625,25.520833333333336,14464,6272,74479809,74482947
inception_resnet_v1,01db41ffa01caee1e3085c59337c327a3a865f655677644471f84ad505406415,2,feasible_shrink_0,18432,32,32768,24576,43.75,25.0,14336,6144,12773004,12774229
resnet101,02fe9ef1d7fdb304975f1c13a578a1999dfd3dea4d651a7bb33bf27d7ede6563,2,feasible_shrink_0,21504,32,32768,24576,34.375,12.5,11264,3072,15627840,15628476
gpt_decode_block,03b05408aa07a32fafcc5502d720e0e3ba38d7cc62af82125121a86cea3e2c6b,0,feasible_shrink_0,24640,40,40960,30720,39.84375,19.791666666666664,16320,6080,144640,145656
gpt_decode_block,0565c6fa84624defa1b8a458997627eeed42ad42a3865f8bee4224db61917f12,0,feasible_shrink_0,22400,40,40960,30720,45.3125,27.083333333333336,18560,8320,144950,145656
googlenet,05b1cc784dcf4cc73b736717a4c4ae0a9cf9b96b4abf8290722db5cc9dcc0807,3,feasible_shrink_0,22848,32,32768,24576,30.2734375,7.03125,9920,1728,3717916,3717962
gpt_decode_block,09ff9ead107e57148a95ff959ae535ef1ff32839d8405c94326cedb63c33aa9e,0,feasible_shrink_0,20736,32,32768,24576,36.71875,15.625,12032,3840,144713,145656
pnasnet,0c67ff359194556d5a58c0b9f2fbc71b5f6fbe4298496ccd74a464b07e16ae00,2,feasible_shrink_3,19776,32,32768,24576,39.6484375,19.53125,12992,4800,74438613,74482947
gpt_prefill_block,11bcbe1afe9038488017bf6eb781396476059bdf771e75fc0df4950ff6f2f0bb,0,feasible_shrink_0,10816,16,16384,12288,33.984375,11.979166666666663,5568,1472,20701220,20705484
gpt_decode_block,1696283505668cc55d8db23af548b774ac6d2427d5bfdc6478bbb216a0831567,0,feasible_shrink_0,25344,48,49152,36864,48.4375,31.25,23808,11520,143477,145656
inception_resnet_v1,17684119d55cfe1ac9513bb2cdcd235d604932d75f4107147b09afa01f23cd0a,2,feasible_shrink_0,17920,32,32768,24576,45.3125,27.083333333333336,14848,6656,12761468,12774229
googlenet,19224cbb3d597c0aea055099aa9ad8220d74c869b45fc241cfbbbda05522fc67,3,feasible_shrink_0,20992,32,32768,24576,35.9375,14.583333333333337,11776,3584,3715752,3717962
gnmt,1a71db1e0859c528eedc881892e40e2837b97a58c05e9978ea3fe3a2513e20ad,0,certified_minimum,17920,32,32768,24576,45.3125,27.083333333333336,14848,6656,130688,130818
densenet,232afe3d72b042d617e46cf10eb45b9bb48e6803089a860fd0c940fa9a1602f1,2,feasible_shrink_0,17152,24,24576,18432,30.208333333333336,6.944444444444442,7424,1280,5978436,5979129
transformer_cell,23ba331271462b21956516c6868c681ab337a7d91cb0c2dc0230d9880e77f655,0,feasible_shrink_0,13760,24,24576,18432,44.010416666666664,25.34722222222222,10816,4672,10038296,10053435
pnasnet,252ab8394f0f3bb25c2764788ad90b1797caafda61cacddb341164031f50b32c,2,feasible_shrink_0,20672,32,32768,24576,36.9140625,15.885416666666663,12096,3904,74395536,74482947
transformer_cell,27eaf7c9ff784ab047c7b2ee0c615a0ccb35eb8bb6e00ba89c5f1eb3384d6b44,0,feasible_shrink_0,14976,24,24576,18432,39.0625,18.75,9600,3456,10047984,10053435
inception_resnet_v1,2b7a57b1d46e9c70628392909830e0821ef93fd3abd20c95338dea79e81036b3,2,feasible_shrink_0,19456,32,32768,24576,40.625,20.833333333333336,13312,5120,12765180,12774229
gpt_decode_block,2c1f01067f21f2a94d7b98a6c71386a01964da1ea06f203045dc86f471f1c71b,0,feasible_shrink_0,23616,40,40960,30720,42.34375,23.124999999999996,17344,7104,145614,145656
transformer_cell,2df51d32c97ec98d35f47f0507cbb318434cd6e114f9c542186650633c2c8d94,0,certified_minimum,17920,32,32768,24576,45.3125,27.083333333333336,14848,6656,10043392,10053435
gpt_decode_block,2ec87e24ca89c775adf87f2051bdc289a247bf240ce966b7327c013b9c906958,0,feasible_shrink_0,24704,40,40960,30720,39.6875,19.58333333333333,16256,6016,145091,145656
gpt_decode_block,2eeea8239adf9627e39bfdca494fa9529dc5873d532000efdec8978d6df0bade,0,feasible_shrink_0,22464,40,40960,30720,45.15625,26.875000000000004,18496,8256,145234,145656
inception_resnet_v1,328fa5797d5e2e54275aa4eecdc4cc6a5a2d2bfd0ed55e2dc4cb5d2d7b5e713e,2,feasible_shrink_0,18688,32,32768,24576,42.96875,23.958333333333336,14080,5888,12773820,12774229
gpt_prefill_block,3410c090f104509deeedfcae54b2db5e9951985ffa001b4037e8b4cab501e83c,0,feasible_shrink_0,16000,24,24576,18432,34.895833333333336,13.194444444444443,8576,2432,20705280,20705484
gpt_decode_block,36ea6baaa955c85a596eb36c422fe744c0ca8136cf35b767c18b1121164b7597,0,feasible_shrink_0,22848,40,40960,30720,44.21874999999999,25.624999999999996,18112,7872,145429,145656
vgg19,37becf3bc3f9738a4a3d2c2aa4b89983ab5a220eda151b3854170a3e79477a73,1,feasible_shrink_0,14720,24,24576,18432,40.104166666666664,20.138888888888886,9856,3712,38382208,38388494
googlenet,41f837f7e7efebfb47d8156c97608b72eb725048a21e9e4eca3fccb5441116c8,3,minimum_uniform_fallback,24576,32,32768,24576,25.0,0.0,8192,0,3714312,3717962
gpt_decode_block,420238e4ca08dc555522bb61579c7b4998697257171bc416a45921283919b540,0,feasible_shrink_0,24256,40,40960,30720,40.78125,21.04166666666667,16704,6464,144425,145656
resnet152,44ed1115af57cefe108aabdaf8844ba1cdfecca1d3192f4e8c402f702516cb6b,0,feasible_shrink_0,21504,32,32768,24576,34.375,12.5,11264,3072,23145280,23149846
transformer,459c6d9df812d47f70eff7633670de88b36df01287e8c47715f33d511bc37d94,0,feasible_shrink_0,15872,24,24576,18432,35.416666666666664,13.888888888888884,8704,2560,57529836,57532547
inception_resnet_v1,4b0df3d43ae87eb4863a4bc700b10917c197698ef135f3d479522a7441956a24,2,feasible_shrink_0,15872,24,24576,18432,35.416666666666664,13.888888888888884,8704,2560,12771444,12774229
pnasnet,4b0f56dbd0d566401be5836e8666a50925e29efc29dd05a6195bfe78cacdc97a,2,feasible_shrink_0,19712,32,32768,24576,39.84375,19.791666666666664,13056,4864,74479569,74482947
pnasnet,51c60d3aa7e8f814c4865b99da5268389af00269aa6eb699420947e38295ae95,2,feasible_shrink_3,19520,32,32768,24576,40.4296875,20.572916666666664,13248,5056,74419103,74482947
transformer_cell,52131f91f066c6c023b1701d797a33e7b727c0992508edab7f4e0fb06bbf13fd,0,feasible_shrink_0,13056,32,32768,24576,60.15625,46.875,19712,11520,10052704,10053435
googlenet,53fd8db8d8b4753c4b0deceaef3d0bc0a961bd765620c211a979e0d7744c25d8,3,feasible_shrink_3,18560,32,32768,24576,43.359375,24.479166666666664,14208,6016,3716648,3717962
gpt_decode_block,555cbfdea0d886746b712a2207c62e285b4a7e395b723dd9e29b7863a6d438c7,0,feasible_shrink_0,23232,40,40960,30720,43.28125000000001,24.375000000000004,17728,7488,145363,145656
googlenet,55daa840bb7958dfc1eb900dd118ea3588e649bff2ea36bd31af7d9dc0410fab,0,certified_minimum,23680,32,32768,24576,27.734375,3.645833333333337,9088,896,3714248,3717962
bert_block,5732789f703db009354a969862a571c18d34078682e9b6da56a6f8528a6f3367,0,feasible_shrink_0,11264,16,16384,12288,31.25,8.333333333333337,5120,1024,10874218,10889854
gpt_prefill_block,5b5aa94b394eadccdbdc73b4cbf4df62baf2eefa3baf0ec216291e79b5e7de61,1,certified_minimum,17920,24,24576,18432,27.083333333333336,2.777777777777779,6656,512,20684800,20705484
gpt_decode_block,601a12d5571a0255ef546904b9d08fdc2c643cf8c95a21c20cecf47c0765b8b0,0,feasible_shrink_0,22592,40,40960,30720,44.84375000000001,26.45833333333333,18368,8128,144762,145656
lstm,62493d0ed166d50483398a7fea66f4653bf0db89a59479b202cd2390a73a02c7,0,certified_minimum,17920,32,32768,24576,45.3125,27.083333333333336,14848,6656,130176,130306
gpt_decode_block,65953dfe1cbab1eff8a390c21780e75818ba5711abe8931e6571f08b504c3613,0,feasible_shrink_0,23744,40,40960,30720,42.03125,22.70833333333333,17216,6976,144848,145656
gpt_prefill_block,65b15807c2b1ae432fe95825be315b3b7899e66e8fd97a50d0ff5ed38745f22c,0,feasible_shrink_0,13056,24,24576,18432,46.875,29.166666666666664,11520,5376,20697600,20705484
darknet19,67d1a0694811236b5d4f0cec928b7fad13171cff4a7005635c22f779b4936b91,2,certified_minimum,21248,32,32768,24576,35.15625,13.541666666666663,11520,3328,5599616,5600406
resnet50,6fa8394bd7ae60316c4a8f337df77fa51500c278c4ced3b38f71d269abaf3627,1,certified_minimum,21632,32,32768,24576,33.984375,11.979166666666663,11136,2944,8151168,8157333
gpt_decode_block,74c513f867f070ebc0f04ff46ff998b0ef4b69a986121a1828559456b6f8ae3f,0,feasible_shrink_0,23040,40,40960,30720,43.75,25.0,17920,7680,145199,145656
resnet152,75db3f42e3e0e021b398fec1c2441fd84a6672b776b4217f3301abf2b7349c52,0,feasible_shrink_0,19712,32,32768,24576,39.84375,19.791666666666664,13056,4864,23143488,23149846
gpt_decode_block,79773713c55638da351588d9e56ebb7a9e358ab9c5de9155cb50631d08990fa4,0,feasible_shrink_0,23552,40,40960,30720,42.50000000000001,23.33333333333333,17408,7168,144468,145656
bert_block,7faca19f9b22c9bdef4e27cdf935452edab60195dc401ce60e8023ced65721c2,0,feasible_shrink_0,11904,24,24576,18432,51.5625,35.416666666666664,12672,6528,10873536,10889854
gpt_decode_block,7fee7aa84658ba5ba9c18cc029d02bc9d72f1e77a2f3e293885923d971635f73,0,feasible_shrink_0,22336,32,32768,24576,31.8359375,9.114583333333337,10432,2240,145004,145656
inception_resnet_v1,86516f706ffb141ce8656c571b1b377e2b5f79447d746a6d723757ecfd61a491,2,feasible_shrink_0,20224,32,32768,24576,38.28125,17.708333333333336,12544,4352,12773325,12774229
densenet,86a8546bf8cc8463bd86ff0895a00bfed2e54a19085032a1255ba4b2212fb066,2,feasible_shrink_0,15744,24,24576,18432,35.9375,14.583333333333337,8832,2688,5978948,5979129
resnext50,8e9462987e7521550d9e7a729a65b9fdf60df0249c4c862b60d6258de86fc39e,1,certified_minimum,19712,32,32768,24576,39.84375,19.791666666666664,13056,4864,4664128,4665012
bert_block,966cc2e5996346400a8d233ec065408eeaa58fcbc50484a3de67656f765328c3,0,feasible_shrink_0,12800,24,24576,18432,47.916666666666664,30.555555555555557,11776,5632,10887512,10889854
gpt_decode_block,9ab39165e53431afbe7a903d0b315cc588cb72b9a793af6b36f3bfdee056f935,0,feasible_shrink_0,23424,40,40960,30720,42.8125,23.750000000000004,17536,7296,142858,145656
gpt_decode_block,9d12863366f317da2de54cfff40b3f8bf3cd953345a5128d1fdc395311d85228,0,feasible_shrink_0,20032,32,32768,24576,38.8671875,18.489583333333336,12736,4544,145591,145656
transformer_cell,9e345bd96f8ccd87015637aa29cb71d1181d6463e3a26a1bc4e0a0437cfbefd5,0,feasible_shrink_0,14848,24,24576,18432,39.583333333333336,19.444444444444443,9728,3584,10052144,10053435
pnasnet,a2f978c68784a8a6875483a323af5eda1644b036f7621ce70bf36195ec489392,2,feasible_shrink_0,19904,32,32768,24576,39.2578125,19.010416666666664,12864,4672,74471055,74482947
densenet,a368deb59bc2f0985ebee5361a42a40e08ebdf91ee059f0aef061d16a96c4f57,2,feasible_shrink_0,17536,24,24576,18432,28.645833333333336,4.861111111111116,7040,896,5978432,5979129
resnext50,a492ee8fe3854872fada8395b03c8b5b1d15a75d448864b2c1e7d4b6c0a703d8,1,certified_minimum,21632,32,32768,24576,33.984375,11.979166666666663,11136,2944,4662336,4665012
transformer,a539def26b187399ee18dd04672f91ce53c77010cf1686646a8e7d95c1167b20,0,certified_minimum,17920,32,32768,24576,45.3125,27.083333333333336,14848,6656,57475072,57532547
gpt_decode_block,ad2aac236fe0fa1722603e9fc5b99228cc6f751d62b5f617e70e3a31ed1d0da2,0,feasible_shrink_0,22912,40,40960,30720,44.06250000000001,25.416666666666664,18048,7808,145567,145656
gpt_decode_block,b005d5b003b35e7f023cb6225d155077f997d25c8b0387da246ffce1fc3423e8,0,feasible_shrink_0,24256,40,40960,30720,40.78125,21.04166666666667,16704,6464,145129,145656
pnasnet,b272dcd1b1048d652ba0c1f7b91dadf90357911b1ead776b7457aa1ae8541610,2,feasible_shrink_0,18624,32,32768,24576,43.1640625,24.21875,14144,5952,74470393,74482947
googlenet,b371e2e55044323fec84bcebdfb15656f461ccaab9a5bb0b0ad5e24b05937bf1,3,feasible_shrink_1,18432,32,32768,24576,43.75,25.0,14336,6144,3715176,3717962
gpt_decode_block,ba1497436e86f099f478ef68acfe8a950500847c3fa4895f1968bbff43a3f1a4,0,feasible_shrink_0,25152,40,40960,30720,38.59375000000001,18.125000000000004,15808,5568,145365,145656
googlenet,ba57dbc23e11fde6c18313660e95710ef4af2cb4595a84defad31532fabb4435,3,feasible_shrink_3,19200,32,32768,24576,41.40625,21.875,13568,5376,3717616,3717962
gpt_decode_block,c4e4fcb69095db94eb767d60985d3cf0fa429fb8a7f8635381a6bd5491eed5b8,0,feasible_shrink_0,23552,40,40960,30720,42.50000000000001,23.33333333333333,17408,7168,143299,145656
transformer,cf0f162ba1f01eeefc1c6c0be1709c47808ddca953e4d769f84eca35f7bc0a1c,0,feasible_shrink_0,15360,24,24576,18432,37.5,16.666666666666664,9216,3072,57516120,57532547
gpt_decode_block,d003bcf030883e94d8e2d67d6fb22aaf4d36c0d28fd816022f2f6407164991e6,0,feasible_shrink_0,24128,40,40960,30720,41.09374999999999,21.458333333333336,16832,6592,144265,145656
gpt_decode_block,d3923b4f0221c03c35578c913413a3a7e421092d481ac41da8f28113e5bde4d2,0,feasible_shrink_0,24832,40,40960,30720,39.37500000000001,19.166666666666664,16128,5888,145392,145656
lstm,d73f7c69d6fe6c8330669f6f1380c1029b25a126a894b3e3b10f1358142ca1c0,0,certified_minimum,17920,32,32768,24576,45.3125,27.083333333333336,14848,6656,130304,130306
resnet101,d78dd74647901ec0e9981f2ecfe419a0799c93c3a8bb65a09bc657794528b57c,2,feasible_shrink_0,19584,32,32768,24576,40.234375,20.3125,13184,4992,15610304,15628476
gpt_decode_block,db5b3e6fe69b16e3e85256955bccd29d73fdd39a2ac8926df96166e43dea62d9,0,feasible_shrink_0,23872,40,40960,30720,41.71875000000001,22.291666666666664,17088,6848,145652,145656
darknet19,df0b0fc585c6a2c64aec2308e7b74bd9ea7e1df27131e52a03e386dfda1ec4ef,1,feasible_shrink_0,16512,32,32768,24576,49.609375,32.8125,16256,8064,5594876,5600406
gpt_prefill_block,e7b94e5868dedc6ef5f437f25358524750348de3d30ff6deb0d64f714eb65387,0,feasible_shrink_0,11520,16,16384,12288,29.6875,6.25,4864,768,20674432,20705484
bert_block,e9a6ece5774ad6252ea82ffc70d77ccae5befa0b6d9d5f6a1a7333838e0caccd,0,certified_minimum,17920,32,32768,24576,45.3125,27.083333333333336,14848,6656,10878976,10889854
pnasnet,f4e904a635ede83d384ea910900593b0ca697d9b7cd8eff515093ef6aab7d485,2,feasible_shrink_0,17920,32,32768,24576,45.3125,27.083333333333336,14848,6656,74438513,74482947
pnasnet,f4f2df5677fb9e2a923071fad83fb4a4b9dee76742ceb094e1338bebfe8d7c37,2,feasible_shrink_0,21760,40,40960,30720,46.875,29.166666666666664,19200,8960,74480404,74482947
resnet50,f7fcff9d3473b79e371cb61c03342579ab227f1b8eb76ac029e2c37c50edaa87,0,certified_minimum,21504,32,32768,24576,34.375,12.5,11264,3072,8150944,8157333
bert_block,00a55dae4795cf4efcc2d0da719dbf0834bdd2f0476d9c5dd171e105bc31ec53,1,feasible_shrink_0,14976,24,24576,18432,39.0625,18.75,9600,3456,10886764,10889854
googlenet,025bd2ca8ae48f85e28c8b8b695e3132de1b0a483094d114010a5c69daea0c64,0,feasible_shrink_0,18688,32,32768,24576,42.96875,23.958333333333336,14080,5888,3713244,3717962
transformer_cell,05b7e0fcdcdf6abeb210dc916bd877972c3bef2c81abe88062ef728ab0da1e7e,1,feasible_shrink_0,17920,32,32768,24576,45.3125,27.083333333333336,14848,6656,10043392,10053435
bert_block,06117440f0e6d80e222063a387f5af0c4d7af01bd3162f633f13f076a79ee58b,1,feasible_shrink_0,17920,32,32768,24576,45.3125,27.083333333333336,14848,6656,10878976,10889854
inception_resnet_v1,110fb63116ac8eb6fc690d65bf5567eae808881427ae633cbc445352eb5d0b37,3,feasible_shrink_0,15872,24,24576,18432,35.416666666666664,13.888888888888884,8704,2560,12771444,12774229
resnet152,1283519f34750b9278f99228f335430557ea91ab449889e555b1b8d378848aab,1,feasible_shrink_0,21760,32,32768,24576,33.59375,11.458333333333337,11008,2816,23130756,23149846
gpt_decode_block,1a4cb8fe6404a707cf78d5902f8ca4f7f3511a1bb3c09144a5464d61eaa59738,1,feasible_shrink_0,21184,40,40960,30720,48.28125,31.041666666666668,19776,9536,145560,145656
inception_resnet_v1,1b3474c2e888e6fab7a88cb417933527466cade85271b449cdcd0b166a827d65,3,feasible_shrink_0,18944,32,32768,24576,42.1875,22.916666666666664,13824,5632,12773820,12774229
googlenet,212e539480bd1142b50033a49387636e4f1770e5eebe3c6c575e37504424c3d6,0,feasible_shrink_0,19840,32,32768,24576,39.453125,19.270833333333336,12928,4736,3716984,3717962
pnasnet,29ed390806295b613472ff9846cc8f563f1479baed6b19ec4d381ef9bb4fd95b,3,feasible_shrink_1,21952,40,40960,30720,46.40625000000001,28.541666666666664,19008,8768,74480673,74482947
resnet101,2b5456f5d48ed6c520c8ecef408082fbcbd139c6c1619301543c74a25e6c0e41,0,certified_minimum,23680,32,32768,24576,27.734375,3.645833333333337,9088,896,15612864,15628476
bert_block,339328290126ba48e96f82eb37d8fef0f1b0594a98a1b0a0dc786b04fc3bf2f3,1,feasible_shrink_0,10688,16,16384,12288,34.765625,13.020833333333337,5696,1600,10887360,10889854
resnet152,37f0a5f455ffb15edba813dd45bf45157db05836965b9f52772592c2a73dad65,1,feasible_shrink_0,19712,32,32768,24576,39.84375,19.791666666666664,13056,4864,23143488,23149846
transformer,3870103e3948e0eedf6b1f0f5f5330c6436d838cac7a57e333821f00e008e29b,1,feasible_shrink_0,15872,24,24576,18432,35.416666666666664,13.888888888888884,8704,2560,57529836,57532547
gpt_prefill_block,4486c184186098c840289b4ffa7a7468f53e05dbd3404e115489097330164895,1,feasible_shrink_0,16000,24,24576,18432,34.895833333333336,13.194444444444443,8576,2432,20705280,20705484
googlenet,522294887e557060d3b6e6263f349941d67a95bd64641b075217e006c44ab8dc,0,feasible_shrink_0,20480,32,32768,24576,37.5,16.666666666666664,12288,4096,3714408,3717962
inception_resnet_v1,5284e138788dc346747485cf0b26bf2144f907702ebd7d6b892bab1d84f9bf65,3,feasible_shrink_0,18432,32,32768,24576,43.75,25.0,14336,6144,12773004,12774229
googlenet,54069024c64a442641357d3e0a3f731efcb4e812223dd47dd8b0e9ca91c5b8d2,0,feasible_shrink_0,19840,32,32768,24576,39.453125,19.270833333333336,12928,4736,3706780,3717962
inception_resnet_v1,55cdf1b97a3f969283981df50a3ab05c790bdcba82eabee0e695e6b5b77085f8,3,feasible_shrink_0,19456,32,32768,24576,40.625,20.833333333333336,13312,5120,12765436,12774229
pnasnet,66b9398ce1b12c1310e2829a15d8b2811165ae9e0076cf485b95721bead07044,3,feasible_shrink_1,21312,32,32768,24576,34.9609375,13.28125,11456,3264,74474754,74482947
gpt_prefill_block,6f27a8a3868a7d986d8c3bda934d5558a7eaa5520db7224dea80dd49b2660e9f,0,feasible_shrink_0,16000,24,24576,18432,34.895833333333336,13.194444444444443,8576,2432,20705280,20705484
transformer_cell,705d2b443c9b203603c9c33fb59020c30fcff46bce96767135fbc29e8f565fb5,1,feasible_shrink_0,14848,24,24576,18432,39.583333333333336,19.444444444444443,9728,3584,10052144,10053435
densenet,71c24b7833de9598a2e646be58aa79a38e9696c04b0b9f1f3b9cb09d03073796,3,feasible_shrink_0,15744,24,24576,18432,35.9375,14.583333333333337,8832,2688,5975460,5979129
transformer,72eab009fab06bb10b2657fdbe9239b8e64de6d3d6100e5fa4f6da8cab50be2c,1,feasible_shrink_0,17920,32,32768,24576,45.3125,27.083333333333336,14848,6656,57475072,57532547
transformer_cell,8724a6f06942d90027f377238daaf50b8f3a040244360117257ec0a4416e1e2d,1,feasible_shrink_0,13312,24,24576,18432,45.833333333333336,27.77777777777778,11264,5120,10052862,10053435
transformer_cell,89ddcb0a83dc3871eda7753dc8abaec0369cfc7d0b89ed8617364e929b8258c0,1,feasible_shrink_0,14528,24,24576,18432,40.885416666666664,21.180555555555557,10048,3904,10052129,10053435
resnet50,8be14db48b83adc11f762770eeda6d6b61a1be19aebd8cf8fd796563c1a02d16,2,certified_minimum,21632,32,32768,24576,33.984375,11.979166666666663,11136,2944,8151168,8157333
vgg19,96be52ee0ea2bb9999e20651bd4be2eba42a64c1910bfda612355731aba61ad8,2,feasible_shrink_0,14720,24,24576,18432,40.104166666666664,20.138888888888886,9856,3712,38382208,38388494
inception_resnet_v1,9e5f04bd8fcf70082d8764dacc1fd6f9a652414406a30104b9212b3c2826de4d,3,feasible_shrink_0,17920,32,32768,24576,45.3125,27.083333333333336,14848,6656,12761468,12774229
googlenet,9f4b535add6dfa79ebe70188153275b1ac15c31f6d56fc75bbb504451f149a2a,0,feasible_shrink_0,22912,32,32768,24576,30.078125,6.7708333333333375,9856,1664,3713896,3717962
resnet101,a26ae636a78b494bfbc31a6f31eb9133d9ff5f030f57390c3b39e009d6e52499,3,feasible_shrink_0,21504,32,32768,24576,34.375,12.5,11264,3072,15627840,15628476
densenet,a3b60623c22ef1bf348d37b7eb4e0d40ea1eb3e4edcdeebf269d1206643793ca,3,feasible_shrink_0,17280,24,24576,18432,29.6875,6.25,7296,1152,5977952,5979129
lstm,a4bb86a8b83cf669995147633090cc9dbc58177fc1fab17d08de2a392f7dcdcc,1,certified_minimum,17920,32,32768,24576,45.3125,27.083333333333336,14848,6656,130304,130306
darknet19,b184a8d09d7e95e8377d3283b20f97262afb24c182192fcea12f0eae47b62471,2,feasible_shrink_0,16512,32,32768,24576,49.609375,32.8125,16256,8064,5594876,5600406
lstm,b7eed7bb14ac683a3863d3086f6b474ed3035d53b886732389fbd071c917374a,1,feasible_shrink_0,17920,32,32768,24576,45.3125,27.083333333333336,14848,6656,130176,130306
transformer,ba1271c598e38b9703d4e172f88e89f98c335b1c7aee3bd08a598c13473a3e52,1,feasible_shrink_0,15488,24,24576,18432,36.979166666666664,15.972222222222221,9088,2944,57526591,57532547
resnet101,bb689211cb8d5857d649d292400f3f41321c9e2be84b0f3bdaafd20759d771cb,3,feasible_shrink_0,19584,32,32768,24576,40.234375,20.3125,13184,4992,15610304,15628476
resnext50,c9f0fb8e46a3d87eb864937cf6af026331eca23bf56376c103d6769ac123aecf,2,certified_minimum,19712,32,32768,24576,39.84375,19.791666666666664,13056,4864,4664128,4665012
darknet19,d46085fea3815d5ba09d212938f0429ef454c36c8f4d79a9be576b6b476f3c14,3,certified_minimum,21248,32,32768,24576,35.15625,13.541666666666663,11520,3328,5599616,5600406
densenet,dd0951f4284f8b868fa6b734515b8fe3e8b0866779fb4625eb10a397d8c0e7ba,3,feasible_shrink_0,15744,24,24576,18432,35.9375,14.583333333333337,8832,2688,5978884,5979129
gnmt,dd51fc6b964573eea2f3f4cec35c15107694a7577a55e1459739cf81b9369417,1,feasible_shrink_0,17920,32,32768,24576,45.3125,27.083333333333336,14848,6656,130688,130818
googlenet,e03ba35cb6de81cbbdbd37afb81b852ff557d4bce113ed09f0fdf99cf901be57,0,feasible_shrink_0,20992,32,32768,24576,35.9375,14.583333333333337,11776,3584,3716136,3717962
bert_block,e58ca356f38a436db316edeaf29eacfb7d9fb09bc0e078d3b1a293d442800005,1,feasible_shrink_1,14400,24,24576,18432,41.40625,21.875,10176,4032,10885325,10889854
gpt_prefill_block,e9a52504bc47b67cb79ee1c5801862ede9cca8e1beef1336f0a36d83ee3a2e8d,1,feasible_shrink_0,13056,24,24576,18432,46.875,29.166666666666664,11520,5376,20697600,20705484
resnext50,f0277eae9d8df842ebe94dafdf969244f7fc8219e88fd8947aa2672432166d94,2,certified_minimum,21632,32,32768,24576,33.984375,11.979166666666663,11136,2944,4662336,4665012
