workload,previous,current,previous_b1,previous_b2,current_b1,current_b2,additional_Bpc,additional_pct,status
darknet19,16512,16512,32768,24576,32768,24576,0,0.0,OPTIMAL
vgg19,16512,14720,32768,24576,24576,18432,1792,10.852713178294573,OPTIMAL
resnet50,20480,19584,32768,24576,32768,24576,896,4.375,OPTIMAL
googlenet,23040,17408,32768,24576,32768,24576,5632,24.444444444444443,OPTIMAL
resnet101,20480,19584,32768,24576,32768,24576,896,4.375,OPTIMAL
densenet,18816,15744,32768,24576,24576,18432,3072,16.3265306122449,OPTIMAL
inception_resnet_v1,17920,15872,32768,24576,24576,18432,2048,11.428571428571429,OPTIMAL
pnasnet,18304,17152,32768,24576,32768,24576,1152,6.293706293706293,OPTIMAL
resnext50,20480,19712,32768,24576,32768,24576,768,3.75,OPTIMAL
resnet152,20480,19584,32768,24576,32768,24576,896,4.375,OPTIMAL
gnmt,17920,17920,32768,24576,32768,24576,0,0.0,OPTIMAL
lstm,17920,17920,32768,24576,32768,24576,0,0.0,OPTIMAL
transformer,17920,14848,32768,24576,24576,18432,3072,17.142857142857142,OPTIMAL
transformer_cell,17920,11904,32768,24576,24576,18432,6016,33.57142857142857,OPTIMAL
bert_block,17920,10560,32768,24576,16384,12288,7360,41.07142857142857,OPTIMAL
gpt_prefill_block,17920,10816,32768,24576,16384,12288,7104,39.642857142857146,OPTIMAL
gpt_decode_block,19840,18432,32768,24576,32768,24576,1408,7.096774193548387,OPTIMAL
ALL17,23040,20544,32768,24576,32768,24576,2496,10.833333333333334,OPTIMAL
