workload,channels,cores_per_chiplet,rotation_only_Bpc,capacity_Bpc,saved_Bpc,saved_pct,baseline2_Bpc,b2_reduction_pct,cycles,mapping
resnext50,1,16,4096,4096,0,0.0,4096.0,0.0,78064,13c374b668ef57bd59614e958e7ab4180114439210568eb7ce85a5edd7f7458a
darknet19,1,16,4096,4032,64,1.5625,4096.0,1.5625,91273,277c53206e57cb9a3830943618268c0a0b089e983013fa5316165263087a0e17
inception_resnet_v1,1,16,4096,4096,0,0.0,4096.0,0.0,231376,5b312ea2b314db1e4be9c916e141d81334ec740ea3b7a25611405f9d87614734
gpt_decode_block,1,16,4096,4096,0,0.0,4096.0,0.0,12736,6670cc2461b87e67613fb33b1cf4e360f688d89fb3e32ca73ca8ef83977c732e
lstm,1,16,4096,4096,0,0.0,4096.0,0.0,33597,6a2b39679cd38caaeb38f54bb0ac977f11f3affd150ebe1766399a0292e254a6
googlenet,1,16,4096,4096,0,0.0,4096.0,0.0,62716,7722c5fb322e4e02bf0fa7ff6b9319e5b7ada1e88cc73d060ff7c41482b9896f
pnasnet,1,16,4096,4096,0,0.0,4096.0,0.0,1297144,8d34de3c59b4333616742d5d7a4a1ea6202c5824af4203dd83c812202be41bd5
densenet,1,16,4096,4096,0,0.0,4096.0,0.0,97241,8f0d53b6f50a13129e8a05522991d932b8b3ed585edad9534357507643c2460e
gnmt,1,16,4096,4032,64,1.5625,4096.0,1.5625,34228,8f906819a771a00564d7a77961f96bc0ed68d2835c1a678b9f3e3daaef850637
gpt_prefill_block,1,16,4096,3584,512,12.5,4096.0,12.5,324000,91528a0e8c51ea5072ba06a75de8e719b4b07067f14ed0aad73fe0486d467ec2
bert_block,1,16,4096,3584,512,12.5,4096.0,12.5,170496,9fdc7db23cbbe29a7f96e60c8a9959256e69db8edc204af7b61e4f5fc5503671
resnet152,1,16,4096,4096,0,0.0,4096.0,0.0,395191,a0e629f90ee30a09792aeb0a5ac25f795a4aa8f879c03478806d3ea3d9e9829c
vgg19,1,16,4096,3712,384,9.375,4096.0,9.375,599969,c30dbdea79d46f37f3aa59fabb15db577835ba29ebb81f168820bdb868ba6acb
resnet101,1,16,4096,4096,0,0.0,4096.0,0.0,266137,e6ed0e1e956114c0950c02ef503961141646cb811fd11c74a3898fc5be592c76
transformer,1,16,4096,3584,512,12.5,4096.0,12.5,901888,f070a867ec26b36d7c878c62b46b80e7e7437bdc5a54ee802144379760b6f568
resnet50,1,16,4096,4096,0,0.0,4096.0,0.0,135475,f187202e0c402743cc08c45081313bba376413bdc51c48e552cb72884da3a52a
transformer_cell,1,16,4096,3584,512,12.5,4096.0,12.5,157568,fc97cc6bab36ae41e7b4260c7ab9276b7fa6db3370d8d5bd45956150c344b869
resnet101,1,4,2816,2816,0,0.0,2816.0,0.0,968762,12334d8991a33f9b111aff7c9394f6c291e420aeea00a6d0496713921bb85ff6
resnet152,1,4,2816,2816,0,0.0,2816.0,0.0,1438378,132120595e5b00bb0f1ce1872dcec3f1b19379c46aba260c7029da42475552d8
bert_block,1,4,2048,1536,512,25.0,2048.0,25.0,669696,1a4d824235fcdb9371c39a1d68d1e199d4eee1ba579038de4d74a8dbd7f6916f
gpt_prefill_block,1,4,2048,1536,512,25.0,2048.0,25.0,1276800,26f5178ac58190b7ffd941a4f753673c1fa208e600692e08ae1e534e5f6c6ffa
lstm,1,4,3776,3584,192,5.084745762711864,3840.0,6.666666666666667,45193,36a14612879084b2da580d3d73fd9ec49a2891bf9fc71c5408d9177a2e516dcf
googlenet,1,4,2816,2816,0,0.0,2816.0,0.0,232241,3e76f28148605051edf6024110dc77018bf93e7c123dd1ce340f13d4582c7d9a
gnmt,1,4,3712,3520,192,5.172413793103448,3712.0,5.172413793103448,44967,48fd536120824a1453a07720865b30182982cbe25ba9fb95fd17ffef0f05fd40
gpt_decode_block,1,4,4096,3840,256,6.25,4096.0,6.25,17874,6fda3f911cb38db5c02164828e8b5299714d06ac7cc395e161db2a8c73d52570
densenet,1,4,2816,2816,0,0.0,2816.0,0.0,361813,73c6ac41ab3afa350092e5fc3751abb0bb02171de8ca4fe52aba2ba348723792
pnasnet,1,4,2816,2816,0,0.0,2816.0,0.0,4781950,7d2fc8d23ae869421dda388b8c7e0d82e2027b4b52d011eb646a04e88405d035
transformer,1,4,2048,1536,512,25.0,2048.0,25.0,3499008,95590f0f08eefbba6b14095272982bf95e6ed975e2a3c6f3b67a946ba2949043
vgg19,1,4,1280,1152,128,10.0,1280.0,10.0,2396884,c0bde89c849c175f4db02935afc0673479893acff9b135e9bc85817397f3b024
darknet19,1,4,1280,1216,64,5.0,1280.0,5.0,348781,c8dae38e1c0701426ade5c1cbdb18cb0cbff949b973cf13966ac2d7d748fba48
transformer_cell,1,4,2048,1536,512,25.0,2048.0,25.0,611328,d4aed6285abcac34d307fdc09b50a6d0749d87b3cc0156a54a415c90e1f7a5c3
resnet50,1,4,2816,2816,0,0.0,2816.0,0.0,502283,d813e7147dc788404e850a56735c18a7445b7f13536304e4636c4ef10ec53175
inception_resnet_v1,1,4,2816,2816,0,0.0,2816.0,0.0,830086,e61d36c41987f7489b368fafa9dce9a9ca840e143b2fedd7458ab9980934be7b
resnext50,1,4,2816,2816,0,0.0,2816.0,0.0,290277,f2ed033d0c9af68d342a8de56db74e1961c6f95da81fdacdd03e477efc180bf4
resnet101,1,1,2048,2048,0,0.0,2048.0,0.0,3871056,0bc89f79efa6378714afc46f4811e3b14759597bc08d99a5684c8c7c4db15c0f
lstm,1,1,2048,2048,0,0.0,2048.0,0.0,63592,0fff29a32c09b500212dca8b13f9dcc671b773f09f1485ffe8898aa69a11181b
resnet152,1,1,2048,2048,0,0.0,2048.0,0.0,5749520,234b1d0bddccda4c4ed378c4cbcafaec7a24eb6cd2572bcbb5ae2398fce6ebf2
gpt_decode_block,1,1,2176,2112,64,2.9411764705882355,2176.0,2.9411764705882355,32912,2fffcea9bfd74eb7cf51faa0b735d45313ffaed1f707c8c2d10cfdac086cae0c
transformer,1,1,512,384,128,25.0,512.0,25.0,13996032,3e2d56e5759ba817b00cab6f960bf98afab4c9586532ff1efedca43d075336ae
gnmt,1,1,2048,2048,0,0.0,2048.0,0.0,63720,54576bc82da2316a453f3fbc61da3f25b8989ba3c877e377042ac45876a2af70
pnasnet,1,1,2048,2048,0,0.0,2048.0,0.0,17869046,64293fa01462e878fcec02fcb1fc10d538ec8414839c8ed96416ca4aa4875ce6
densenet,1,1,2048,2048,0,0.0,2048.0,0.0,1425588,6848cb322aa40a0650b30313bf8fd57a685bf62f926e9cbeeb9a6dc26a2f2d10
googlenet,1,1,2048,2048,0,0.0,2048.0,0.0,900793,6db76f18deb0932b9091398af954576adbf02f684f8addcd2895934ef133963d
bert_block,1,1,512,384,128,25.0,512.0,25.0,2678784,80ec434487addab965c7b3325e36c0e5fed0c753241c63a34c3efed2cf117e8a
resnext50,1,1,2048,2048,0,0.0,2048.0,0.0,1157120,88dd3d2241c48536b4c04c2e0b76b9105c8baa536bbf90f4d754ef8aa5cc4dd8
vgg19,1,1,384,320,64,16.666666666666668,384.0,16.666666666666668,9587536,ad3cbd66308a6ace8ed1a3028169e665b29fb08ce3f875e1bf1b5a3af16782e7
gpt_prefill_block,1,1,512,384,128,25.0,512.0,25.0,5107200,adf62d1c96e4ee5990168280e179ab3caf59a8b696900dff99d1d860b03fdf5a
transformer_cell,1,1,512,384,128,25.0,512.0,25.0,2445312,d066e5b6a5e056d1050087e14ef6b89f82febee7a42b0057038781eea8c089c2
inception_resnet_v1,1,1,2048,2048,0,0.0,2048.0,0.0,3164480,d14a1e7a73b78450832653b307d0a7ab6b7d2c06fcb46db1802be6004ec30027
darknet19,1,1,384,320,64,16.666666666666668,384.0,16.666666666666668,1395119,d8fb40f3f52c55f679d0f5730c4bfde80334a8dc71ed209273778d99cbf9ef28
resnet50,1,1,2048,2048,0,0.0,2048.0,0.0,2005136,ef5edf384c3770458ce8524b4a37176e638c1a331504170a061bcba67c5c59dd
transformer,8,4,2048,1536,512,25.0,2048.0,25.0,3499008,1936a2edce2ad47f29fa44c0daa4c0ce8a457f314792b2b9fe48f7c342ad1443
resnet101,8,4,3072,3072,0,0.0,3072.0,0.0,968762,2bd24c04a5d81a23ec717734b373599a1e433fc533946e17d5bd98d1abeea961
vgg19,8,4,2048,1536,512,25.0,2048.0,25.0,2396884,2dcf47e6028e2d82b7af344446e0c1f5c3cd21090ddb38559a7ac78dd0cb4c00
inception_resnet_v1,8,4,3072,3072,0,0.0,3072.0,0.0,830086,394f098dbeb6ad6848e375cc4559f6e68f8a63a7d5539d0a97d3815d41b7f45d
resnet50,8,4,3072,3072,0,0.0,3072.0,0.0,502283,3a9e1553b364dc9be75a7ab6b1da16af1d4e2ebc038b7d15bacf6f4ac980a564
gpt_decode_block,8,4,6400,5632,768,12.0,8192.0,31.25,17946,6ede5bcde06cc4a779fd901277e694d8843a814bf2fefeb97b8bc57dd64e53ab
pnasnet,8,4,3072,3072,0,0.0,3072.0,0.0,4781950,7d1157398683c5f577f45bdef15453d48f515b02e46a148b778371ed48935de0
googlenet,8,4,3072,3072,0,0.0,3072.0,0.0,232241,7dfd87e097d81f952bcba0ba535d6074928277023daa3701ed50bdd7de22d086
transformer_cell,8,4,2048,1536,512,25.0,2048.0,25.0,611328,82f16fc51ccc3fbe0386da2cc6ae8c39c28fcf32bac271c398b384835fe1e458
densenet,8,4,3072,3072,0,0.0,3072.0,0.0,361813,9d13afb632dece51d0d9aeaa8dae6991dfdf5dab42f773823ea51247cc5fa531
darknet19,8,4,2048,2048,0,0.0,2048.0,0.0,348781,aa11aaf099f2dbbb536e71a9ab16e005ff5e3b218a53f8ad93ca0735588529f8
resnet152,8,4,3072,3072,0,0.0,3072.0,0.0,1438378,ae4b656ea1a6835f5f8402e2c908a4ac116286d69b41b67e8213d8fe2eaae1a2
lstm,8,4,4608,4352,256,5.555555555555555,5120.0,15.0,45102,beb20a728609a133a34f5253fb5e79491c3eca85eacc9e8073ccf060bba197bb
gnmt,8,4,4608,4352,256,5.555555555555555,5120.0,15.0,44928,d21a098f356e4703f792651fa60aa181b17fa680bafa02e320903c96722d4979
bert_block,8,4,2048,1536,512,25.0,2048.0,25.0,669696,f2b20996059d0430b8adf75d49e3cc33b63f6ec4c6dae01daceb69688649a313
gpt_prefill_block,8,4,2048,1536,512,25.0,2048.0,25.0,1276800,fa235ca196985e1ebb6d93a37890a90bce437504281c1202a1bf14b48d8f4202
resnext50,8,4,3072,3072,0,0.0,3072.0,0.0,290277,fea052ee3f64ccdf7218cc560493ce08c7472a9bc111cde9dbd7f2926bfbd5dc
pnasnet,8,1,2048,2048,0,0.0,2048.0,0.0,17869046,0bcea382b6b35d3c2fb385b5202a6a5d3769f92191b9231334df412712cc41a3
resnext50,8,1,2048,2048,0,0.0,2048.0,0.0,1157120,19f0c9fb8c8da62fa440b383fcf4ebd5e990bb09641392e2aef681213d5cb5f9
gpt_decode_block,8,1,3072,2560,512,16.666666666666668,3072.0,16.666666666666668,32912,1d923f3eac513a9a0e39baa578d8dce069195b4bc6c6a74d17e42b83823f7330
densenet,8,1,2048,2048,0,0.0,2048.0,0.0,1425588,51c40f2ff7f2b2012a51056ba515252931631b04abd3d53874f22e14803fed82
resnet152,8,1,2048,2048,0,0.0,2048.0,0.0,5749520,67716687a08e12e62827129f821aca7373dd36a1a0568ee63f049640f1efd66b
bert_block,8,1,1024,1024,0,0.0,1024.0,0.0,2678784,6fa5043fc8438663a549e045b1650fd4efb6aed15910914685ad4e5258db42f9
transformer,8,1,1024,1024,0,0.0,1024.0,0.0,13996032,798464ff6590d70f35b820c12aa461e06c7352f0ed45d2b708a55583eba18ee3
gnmt,8,1,2048,2048,0,0.0,2048.0,0.0,63720,7d4e66773a7ba137e97be0a143b6d13410c9d9fe37c17080d1c08726faaa7dd7
lstm,8,1,2048,2048,0,0.0,2048.0,0.0,63592,7faa4c65d9f0c1af6f789a61e6e24987174a09dbb8222ac9686f66e858894246
transformer_cell,8,1,1024,1024,0,0.0,1024.0,0.0,2445312,8f4c9af434c2f18d47175618f42aae1069e16b11a4ba265db6a66d54f79e576e
darknet19,8,1,1024,1024,0,0.0,1024.0,0.0,1395119,ae0b4439abdb33bb99b33dec2e89ed6025c07bee5c998ba2c388895978bd29bd
gpt_prefill_block,8,1,1024,1024,0,0.0,1024.0,0.0,5107200,c1a8b87e643a1b0e3168870bab468fa15af7c964dd1ec15cc1f8fb5055b2e8b4
resnet101,8,1,2048,2048,0,0.0,2048.0,0.0,3871056,c72ca7bd2782dec18a1b695e8afdbe5b1d5508e3043ad9ae460ee40d16e8c193
inception_resnet_v1,8,1,2048,2048,0,0.0,2048.0,0.0,3164480,d8b2fd1b52d93c6e03bcd98a266a3511ddd0c79b9a6b206543e255fdd37e18cd
resnet50,8,1,2048,2048,0,0.0,2048.0,0.0,2005136,da6130a6a243757aa1c7ed1a24147d4e5833139c8f48d3ddb4dd9b2e44709119
googlenet,8,1,2048,2048,0,0.0,2048.0,0.0,900793,dd3c56244f48aff3980a8608ec1c73df5a14bc6cd4911a92d2dad06fee23f67f
vgg19,8,1,1024,1024,0,0.0,1024.0,0.0,9587536,e1c2176018ca68cc1d4d5534be1d1e5fc1f2849a54555aa909c0c045b625145d
bert_block,8,16,6144,5120,1024,16.666666666666668,6144.0,16.666666666666668,169984,068ad9fcccb8a0d78b4dc670065ffea7b06ae6b93ae09b87697655845ca4a17d
densenet,8,16,6144,5632,512,8.333333333333334,6144.0,8.333333333333334,96246,18033229fb0f8313085ad833ac5e29804953f799d0aa7cb0aaaa7e860ef313d5
darknet19,8,16,9216,7168,2048,22.22222222222222,9216.0,22.22222222222222,90892,21e34405f1327da6ca3241a2a8f4849df21b61a891f069bc0db1ac09106ae625
gnmt,8,16,10240,8448,1792,17.5,11264.0,25.0,29324,240ccdee87857d838edc4e8946d6250f234bdf65ded7a1552312909ede0c3757
googlenet,8,16,9216,8704,512,5.555555555555555,9216.0,5.555555555555555,62106,6296884e0c05b7b0066135b3c834d7eda7c4d4778f5d939a47f803ab8922b9ff
resnet152,8,16,9216,7680,1536,16.666666666666668,9216.0,16.666666666666668,388262,7d9b2593a321bf5410ae09091406dfbb7d34e9fe1d93846a730956533b370903
resnet50,8,16,9216,7680,1536,16.666666666666668,9216.0,16.666666666666668,132399,80a5fc87f502ff7eac8dc5bf4d6336e5e7197dcd75b85fc8a3429f1a7beee88a
transformer,8,16,6144,5120,1024,16.666666666666668,6144.0,16.666666666666668,898048,8202683b9075f0e86312fd1266f510ece0c6d759764d94ad28f1e4988e6e2862
resnet101,8,16,9216,7680,1536,16.666666666666668,9216.0,16.666666666666668,261395,8287c53e81ddeee4add4290bdfa9983e7df644d6781de199cc0a9f91e49357e8
vgg19,8,16,5120,4608,512,10.0,5120.0,10.0,599221,85a8ed9ffeb3acf58dccdd33608104b85e849c5f421588a50a83076f94fac171
pnasnet,8,16,8576,8320,256,2.985074626865672,9216.0,9.722222222222221,1287329,a8ff260f8c5ee76541d8a416f95c96ea9723d1c3e557ad1a148e0951f64358ab
lstm,8,16,10496,8576,1920,18.29268292682927,11264.0,23.863636363636363,29337,ba777a444b91329ee18b92bebeaec3f358777e552c519c698f40fa2a760ff2f0
resnext50,8,16,9216,7680,1536,16.666666666666668,9216.0,16.666666666666668,74988,bb04939f71bc129c33fee456f89be97bdedb1a8c8f83dae38d729d9179a2c242
transformer_cell,8,16,6144,5120,1024,16.666666666666668,6144.0,16.666666666666668,156928,c7f9638f1387eb5f887737db794a58a8a7c60d7d5561e50fb46c0610ebc5431a
gpt_decode_block,8,16,6912,6528,384,5.555555555555555,7168.0,8.928571428571429,11258,ccd79b0de505187185cb543347ed674149cbe79bf8d235e2f0ef2d81dd655bc8
inception_resnet_v1,8,16,8192,7168,1024,12.5,8192.0,12.5,227352,eaca0e2bde933808a0b7a96ed3fdd2307e5610431311fd3b5ef885f95b95e149
gpt_prefill_block,8,16,6144,5120,1024,16.666666666666668,6144.0,16.666666666666668,323200,fdf59d1760eec3e158d583b38e800fc76be11b2330c8e850891063b351398134
