mapping,original_mapping,source,destination,minimum_bandwidth_Bpc,maximum_for_mapping
P01,709cfc16ab80516b0a5d3a17dec69a5e021db2d80d2e6c9834e9b186a0bb15d4,0,4,224,False
P01,709cfc16ab80516b0a5d3a17dec69a5e021db2d80d2e6c9834e9b186a0bb15d4,0,1,192,False
P01,709cfc16ab80516b0a5d3a17dec69a5e021db2d80d2e6c9834e9b186a0bb15d4,1,5,224,False
P01,709cfc16ab80516b0a5d3a17dec69a5e021db2d80d2e6c9834e9b186a0bb15d4,1,0,224,False
P01,709cfc16ab80516b0a5d3a17dec69a5e021db2d80d2e6c9834e9b186a0bb15d4,1,2,288,True
P01,709cfc16ab80516b0a5d3a17dec69a5e021db2d80d2e6c9834e9b186a0bb15d4,2,6,224,False
P01,709cfc16ab80516b0a5d3a17dec69a5e021db2d80d2e6c9834e9b186a0bb15d4,2,1,288,True
P01,709cfc16ab80516b0a5d3a17dec69a5e021db2d80d2e6c9834e9b186a0bb15d4,2,3,224,False
P01,709cfc16ab80516b0a5d3a17dec69a5e021db2d80d2e6c9834e9b186a0bb15d4,3,7,224,False
P01,709cfc16ab80516b0a5d3a17dec69a5e021db2d80d2e6c9834e9b186a0bb15d4,3,2,208,False
P01,709cfc16ab80516b0a5d3a17dec69a5e021db2d80d2e6c9834e9b186a0bb15d4,4,8,224,False
P01,709cfc16ab80516b0a5d3a17dec69a5e021db2d80d2e6c9834e9b186a0bb15d4,4,0,160,False
P01,709cfc16ab80516b0a5d3a17dec69a5e021db2d80d2e6c9834e9b186a0bb15d4,4,5,208,False
P01,709cfc16ab80516b0a5d3a17dec69a5e021db2d80d2e6c9834e9b186a0bb15d4,5,9,224,False
P01,709cfc16ab80516b0a5d3a17dec69a5e021db2d80d2e6c9834e9b186a0bb15d4,5,4,224,False
P01,709cfc16ab80516b0a5d3a17dec69a5e021db2d80d2e6c9834e9b186a0bb15d4,5,1,160,False
P01,709cfc16ab80516b0a5d3a17dec69a5e021db2d80d2e6c9834e9b186a0bb15d4,5,6,288,True
P01,709cfc16ab80516b0a5d3a17dec69a5e021db2d80d2e6c9834e9b186a0bb15d4,6,10,224,False
P01,709cfc16ab80516b0a5d3a17dec69a5e021db2d80d2e6c9834e9b186a0bb15d4,6,5,288,True
P01,709cfc16ab80516b0a5d3a17dec69a5e021db2d80d2e6c9834e9b186a0bb15d4,6,2,160,False
P01,709cfc16ab80516b0a5d3a17dec69a5e021db2d80d2e6c9834e9b186a0bb15d4,6,7,224,False
P01,709cfc16ab80516b0a5d3a17dec69a5e021db2d80d2e6c9834e9b186a0bb15d4,7,11,224,False
P01,709cfc16ab80516b0a5d3a17dec69a5e021db2d80d2e6c9834e9b186a0bb15d4,7,6,192,False
P01,709cfc16ab80516b0a5d3a17dec69a5e021db2d80d2e6c9834e9b186a0bb15d4,7,3,160,False
P01,709cfc16ab80516b0a5d3a17dec69a5e021db2d80d2e6c9834e9b186a0bb15d4,8,12,128,False
P01,709cfc16ab80516b0a5d3a17dec69a5e021db2d80d2e6c9834e9b186a0bb15d4,8,4,256,False
P01,709cfc16ab80516b0a5d3a17dec69a5e021db2d80d2e6c9834e9b186a0bb15d4,8,9,192,False
P01,709cfc16ab80516b0a5d3a17dec69a5e021db2d80d2e6c9834e9b186a0bb15d4,9,13,128,False
P01,709cfc16ab80516b0a5d3a17dec69a5e021db2d80d2e6c9834e9b186a0bb15d4,9,8,224,False
P01,709cfc16ab80516b0a5d3a17dec69a5e021db2d80d2e6c9834e9b186a0bb15d4,9,5,256,False
P01,709cfc16ab80516b0a5d3a17dec69a5e021db2d80d2e6c9834e9b186a0bb15d4,9,10,288,True
P01,709cfc16ab80516b0a5d3a17dec69a5e021db2d80d2e6c9834e9b186a0bb15d4,10,14,128,False
P01,709cfc16ab80516b0a5d3a17dec69a5e021db2d80d2e6c9834e9b186a0bb15d4,10,9,288,True
P01,709cfc16ab80516b0a5d3a17dec69a5e021db2d80d2e6c9834e9b186a0bb15d4,10,6,256,False
P01,709cfc16ab80516b0a5d3a17dec69a5e021db2d80d2e6c9834e9b186a0bb15d4,10,11,224,False
P01,709cfc16ab80516b0a5d3a17dec69a5e021db2d80d2e6c9834e9b186a0bb15d4,11,15,128,False
P01,709cfc16ab80516b0a5d3a17dec69a5e021db2d80d2e6c9834e9b186a0bb15d4,11,10,208,False
P01,709cfc16ab80516b0a5d3a17dec69a5e021db2d80d2e6c9834e9b186a0bb15d4,11,7,256,False
P01,709cfc16ab80516b0a5d3a17dec69a5e021db2d80d2e6c9834e9b186a0bb15d4,12,8,256,False
P01,709cfc16ab80516b0a5d3a17dec69a5e021db2d80d2e6c9834e9b186a0bb15d4,12,13,208,False
P01,709cfc16ab80516b0a5d3a17dec69a5e021db2d80d2e6c9834e9b186a0bb15d4,13,12,224,False
P01,709cfc16ab80516b0a5d3a17dec69a5e021db2d80d2e6c9834e9b186a0bb15d4,13,9,256,False
P01,709cfc16ab80516b0a5d3a17dec69a5e021db2d80d2e6c9834e9b186a0bb15d4,13,14,288,True
P01,709cfc16ab80516b0a5d3a17dec69a5e021db2d80d2e6c9834e9b186a0bb15d4,14,13,288,True
P01,709cfc16ab80516b0a5d3a17dec69a5e021db2d80d2e6c9834e9b186a0bb15d4,14,10,256,False
P01,709cfc16ab80516b0a5d3a17dec69a5e021db2d80d2e6c9834e9b186a0bb15d4,14,15,224,False
P01,709cfc16ab80516b0a5d3a17dec69a5e021db2d80d2e6c9834e9b186a0bb15d4,15,14,192,False
P01,709cfc16ab80516b0a5d3a17dec69a5e021db2d80d2e6c9834e9b186a0bb15d4,15,11,256,False
P02,d88bbf5684ca45ee08a3a8dc7126625a79bcb2823c9d783a783df67ed41e0598,0,4,256,False
P02,d88bbf5684ca45ee08a3a8dc7126625a79bcb2823c9d783a783df67ed41e0598,0,1,224,False
P02,d88bbf5684ca45ee08a3a8dc7126625a79bcb2823c9d783a783df67ed41e0598,1,5,256,False
P02,d88bbf5684ca45ee08a3a8dc7126625a79bcb2823c9d783a783df67ed41e0598,1,0,224,False
P02,d88bbf5684ca45ee08a3a8dc7126625a79bcb2823c9d783a783df67ed41e0598,1,2,288,True
P02,d88bbf5684ca45ee08a3a8dc7126625a79bcb2823c9d783a783df67ed41e0598,2,6,256,False
P02,d88bbf5684ca45ee08a3a8dc7126625a79bcb2823c9d783a783df67ed41e0598,2,1,288,True
P02,d88bbf5684ca45ee08a3a8dc7126625a79bcb2823c9d783a783df67ed41e0598,2,3,224,False
P02,d88bbf5684ca45ee08a3a8dc7126625a79bcb2823c9d783a783df67ed41e0598,3,7,256,False
P02,d88bbf5684ca45ee08a3a8dc7126625a79bcb2823c9d783a783df67ed41e0598,3,2,208,False
P02,d88bbf5684ca45ee08a3a8dc7126625a79bcb2823c9d783a783df67ed41e0598,4,8,256,False
P02,d88bbf5684ca45ee08a3a8dc7126625a79bcb2823c9d783a783df67ed41e0598,4,0,128,False
P02,d88bbf5684ca45ee08a3a8dc7126625a79bcb2823c9d783a783df67ed41e0598,4,5,208,False
P02,d88bbf5684ca45ee08a3a8dc7126625a79bcb2823c9d783a783df67ed41e0598,5,9,256,False
P02,d88bbf5684ca45ee08a3a8dc7126625a79bcb2823c9d783a783df67ed41e0598,5,4,224,False
P02,d88bbf5684ca45ee08a3a8dc7126625a79bcb2823c9d783a783df67ed41e0598,5,1,128,False
P02,d88bbf5684ca45ee08a3a8dc7126625a79bcb2823c9d783a783df67ed41e0598,5,6,288,True
P02,d88bbf5684ca45ee08a3a8dc7126625a79bcb2823c9d783a783df67ed41e0598,6,10,256,False
P02,d88bbf5684ca45ee08a3a8dc7126625a79bcb2823c9d783a783df67ed41e0598,6,5,288,True
P02,d88bbf5684ca45ee08a3a8dc7126625a79bcb2823c9d783a783df67ed41e0598,6,2,128,False
P02,d88bbf5684ca45ee08a3a8dc7126625a79bcb2823c9d783a783df67ed41e0598,6,7,224,False
P02,d88bbf5684ca45ee08a3a8dc7126625a79bcb2823c9d783a783df67ed41e0598,7,11,256,False
P02,d88bbf5684ca45ee08a3a8dc7126625a79bcb2823c9d783a783df67ed41e0598,7,6,224,False
P02,d88bbf5684ca45ee08a3a8dc7126625a79bcb2823c9d783a783df67ed41e0598,7,3,128,False
P02,d88bbf5684ca45ee08a3a8dc7126625a79bcb2823c9d783a783df67ed41e0598,8,12,160,False
P02,d88bbf5684ca45ee08a3a8dc7126625a79bcb2823c9d783a783df67ed41e0598,8,4,256,False
P02,d88bbf5684ca45ee08a3a8dc7126625a79bcb2823c9d783a783df67ed41e0598,8,9,224,False
P02,d88bbf5684ca45ee08a3a8dc7126625a79bcb2823c9d783a783df67ed41e0598,9,13,160,False
P02,d88bbf5684ca45ee08a3a8dc7126625a79bcb2823c9d783a783df67ed41e0598,9,8,224,False
P02,d88bbf5684ca45ee08a3a8dc7126625a79bcb2823c9d783a783df67ed41e0598,9,5,256,False
P02,d88bbf5684ca45ee08a3a8dc7126625a79bcb2823c9d783a783df67ed41e0598,9,10,288,True
P02,d88bbf5684ca45ee08a3a8dc7126625a79bcb2823c9d783a783df67ed41e0598,10,14,160,False
P02,d88bbf5684ca45ee08a3a8dc7126625a79bcb2823c9d783a783df67ed41e0598,10,9,288,True
P02,d88bbf5684ca45ee08a3a8dc7126625a79bcb2823c9d783a783df67ed41e0598,10,6,256,False
P02,d88bbf5684ca45ee08a3a8dc7126625a79bcb2823c9d783a783df67ed41e0598,10,11,224,False
P02,d88bbf5684ca45ee08a3a8dc7126625a79bcb2823c9d783a783df67ed41e0598,11,15,160,False
P02,d88bbf5684ca45ee08a3a8dc7126625a79bcb2823c9d783a783df67ed41e0598,11,10,208,False
P02,d88bbf5684ca45ee08a3a8dc7126625a79bcb2823c9d783a783df67ed41e0598,11,7,256,False
P02,d88bbf5684ca45ee08a3a8dc7126625a79bcb2823c9d783a783df67ed41e0598,12,8,256,False
P02,d88bbf5684ca45ee08a3a8dc7126625a79bcb2823c9d783a783df67ed41e0598,12,13,208,False
P02,d88bbf5684ca45ee08a3a8dc7126625a79bcb2823c9d783a783df67ed41e0598,13,12,224,False
P02,d88bbf5684ca45ee08a3a8dc7126625a79bcb2823c9d783a783df67ed41e0598,13,9,256,False
P02,d88bbf5684ca45ee08a3a8dc7126625a79bcb2823c9d783a783df67ed41e0598,13,14,288,True
P02,d88bbf5684ca45ee08a3a8dc7126625a79bcb2823c9d783a783df67ed41e0598,14,13,288,True
P02,d88bbf5684ca45ee08a3a8dc7126625a79bcb2823c9d783a783df67ed41e0598,14,10,256,False
P02,d88bbf5684ca45ee08a3a8dc7126625a79bcb2823c9d783a783df67ed41e0598,14,15,224,False
P02,d88bbf5684ca45ee08a3a8dc7126625a79bcb2823c9d783a783df67ed41e0598,15,14,224,False
P02,d88bbf5684ca45ee08a3a8dc7126625a79bcb2823c9d783a783df67ed41e0598,15,11,256,False
P03,3ebe71da1023712fbe1777b16243ee55a76f412eb24310891ce6488dc5443a47,0,4,256,False
P03,3ebe71da1023712fbe1777b16243ee55a76f412eb24310891ce6488dc5443a47,0,1,208,False
P03,3ebe71da1023712fbe1777b16243ee55a76f412eb24310891ce6488dc5443a47,1,5,256,False
P03,3ebe71da1023712fbe1777b16243ee55a76f412eb24310891ce6488dc5443a47,1,0,208,False
P03,3ebe71da1023712fbe1777b16243ee55a76f412eb24310891ce6488dc5443a47,1,2,272,True
P03,3ebe71da1023712fbe1777b16243ee55a76f412eb24310891ce6488dc5443a47,2,6,256,False
P03,3ebe71da1023712fbe1777b16243ee55a76f412eb24310891ce6488dc5443a47,2,1,272,True
P03,3ebe71da1023712fbe1777b16243ee55a76f412eb24310891ce6488dc5443a47,2,3,208,False
P03,3ebe71da1023712fbe1777b16243ee55a76f412eb24310891ce6488dc5443a47,3,7,256,False
P03,3ebe71da1023712fbe1777b16243ee55a76f412eb24310891ce6488dc5443a47,3,2,208,False
P03,3ebe71da1023712fbe1777b16243ee55a76f412eb24310891ce6488dc5443a47,4,8,256,False
P03,3ebe71da1023712fbe1777b16243ee55a76f412eb24310891ce6488dc5443a47,4,0,128,False
P03,3ebe71da1023712fbe1777b16243ee55a76f412eb24310891ce6488dc5443a47,4,5,208,False
P03,3ebe71da1023712fbe1777b16243ee55a76f412eb24310891ce6488dc5443a47,5,9,256,False
P03,3ebe71da1023712fbe1777b16243ee55a76f412eb24310891ce6488dc5443a47,5,4,208,False
P03,3ebe71da1023712fbe1777b16243ee55a76f412eb24310891ce6488dc5443a47,5,1,128,False
P03,3ebe71da1023712fbe1777b16243ee55a76f412eb24310891ce6488dc5443a47,5,6,272,True
P03,3ebe71da1023712fbe1777b16243ee55a76f412eb24310891ce6488dc5443a47,6,10,256,False
P03,3ebe71da1023712fbe1777b16243ee55a76f412eb24310891ce6488dc5443a47,6,5,272,True
P03,3ebe71da1023712fbe1777b16243ee55a76f412eb24310891ce6488dc5443a47,6,2,128,False
P03,3ebe71da1023712fbe1777b16243ee55a76f412eb24310891ce6488dc5443a47,6,7,208,False
P03,3ebe71da1023712fbe1777b16243ee55a76f412eb24310891ce6488dc5443a47,7,11,256,False
P03,3ebe71da1023712fbe1777b16243ee55a76f412eb24310891ce6488dc5443a47,7,6,208,False
P03,3ebe71da1023712fbe1777b16243ee55a76f412eb24310891ce6488dc5443a47,7,3,128,False
P03,3ebe71da1023712fbe1777b16243ee55a76f412eb24310891ce6488dc5443a47,8,12,128,False
P03,3ebe71da1023712fbe1777b16243ee55a76f412eb24310891ce6488dc5443a47,8,4,256,False
P03,3ebe71da1023712fbe1777b16243ee55a76f412eb24310891ce6488dc5443a47,8,9,208,False
P03,3ebe71da1023712fbe1777b16243ee55a76f412eb24310891ce6488dc5443a47,9,13,128,False
P03,3ebe71da1023712fbe1777b16243ee55a76f412eb24310891ce6488dc5443a47,9,8,208,False
P03,3ebe71da1023712fbe1777b16243ee55a76f412eb24310891ce6488dc5443a47,9,5,256,False
P03,3ebe71da1023712fbe1777b16243ee55a76f412eb24310891ce6488dc5443a47,9,10,272,True
P03,3ebe71da1023712fbe1777b16243ee55a76f412eb24310891ce6488dc5443a47,10,14,128,False
P03,3ebe71da1023712fbe1777b16243ee55a76f412eb24310891ce6488dc5443a47,10,9,272,True
P03,3ebe71da1023712fbe1777b16243ee55a76f412eb24310891ce6488dc5443a47,10,6,256,False
P03,3ebe71da1023712fbe1777b16243ee55a76f412eb24310891ce6488dc5443a47,10,11,208,False
P03,3ebe71da1023712fbe1777b16243ee55a76f412eb24310891ce6488dc5443a47,11,15,128,False
P03,3ebe71da1023712fbe1777b16243ee55a76f412eb24310891ce6488dc5443a47,11,10,208,False
P03,3ebe71da1023712fbe1777b16243ee55a76f412eb24310891ce6488dc5443a47,11,7,256,False
P03,3ebe71da1023712fbe1777b16243ee55a76f412eb24310891ce6488dc5443a47,12,8,256,False
P03,3ebe71da1023712fbe1777b16243ee55a76f412eb24310891ce6488dc5443a47,12,13,208,False
P03,3ebe71da1023712fbe1777b16243ee55a76f412eb24310891ce6488dc5443a47,13,12,208,False
P03,3ebe71da1023712fbe1777b16243ee55a76f412eb24310891ce6488dc5443a47,13,9,256,False
P03,3ebe71da1023712fbe1777b16243ee55a76f412eb24310891ce6488dc5443a47,13,14,272,True
P03,3ebe71da1023712fbe1777b16243ee55a76f412eb24310891ce6488dc5443a47,14,13,272,True
P03,3ebe71da1023712fbe1777b16243ee55a76f412eb24310891ce6488dc5443a47,14,10,256,False
P03,3ebe71da1023712fbe1777b16243ee55a76f412eb24310891ce6488dc5443a47,14,15,208,False
P03,3ebe71da1023712fbe1777b16243ee55a76f412eb24310891ce6488dc5443a47,15,14,208,False
P03,3ebe71da1023712fbe1777b16243ee55a76f412eb24310891ce6488dc5443a47,15,11,256,False
P04,1f6851b081f9e4ea56746917bfea18abef30f8743074f3e5deb7c3c310dde4b8,0,4,256,False
P04,1f6851b081f9e4ea56746917bfea18abef30f8743074f3e5deb7c3c310dde4b8,0,1,192,False
P04,1f6851b081f9e4ea56746917bfea18abef30f8743074f3e5deb7c3c310dde4b8,1,5,256,False
P04,1f6851b081f9e4ea56746917bfea18abef30f8743074f3e5deb7c3c310dde4b8,1,0,224,False
P04,1f6851b081f9e4ea56746917bfea18abef30f8743074f3e5deb7c3c310dde4b8,1,2,288,True
P04,1f6851b081f9e4ea56746917bfea18abef30f8743074f3e5deb7c3c310dde4b8,2,6,256,False
P04,1f6851b081f9e4ea56746917bfea18abef30f8743074f3e5deb7c3c310dde4b8,2,1,288,True
P04,1f6851b081f9e4ea56746917bfea18abef30f8743074f3e5deb7c3c310dde4b8,2,3,224,False
P04,1f6851b081f9e4ea56746917bfea18abef30f8743074f3e5deb7c3c310dde4b8,3,7,256,False
P04,1f6851b081f9e4ea56746917bfea18abef30f8743074f3e5deb7c3c310dde4b8,3,2,208,False
P04,1f6851b081f9e4ea56746917bfea18abef30f8743074f3e5deb7c3c310dde4b8,4,8,256,False
P04,1f6851b081f9e4ea56746917bfea18abef30f8743074f3e5deb7c3c310dde4b8,4,0,128,False
P04,1f6851b081f9e4ea56746917bfea18abef30f8743074f3e5deb7c3c310dde4b8,4,5,208,False
P04,1f6851b081f9e4ea56746917bfea18abef30f8743074f3e5deb7c3c310dde4b8,5,9,256,False
P04,1f6851b081f9e4ea56746917bfea18abef30f8743074f3e5deb7c3c310dde4b8,5,4,224,False
P04,1f6851b081f9e4ea56746917bfea18abef30f8743074f3e5deb7c3c310dde4b8,5,1,128,False
P04,1f6851b081f9e4ea56746917bfea18abef30f8743074f3e5deb7c3c310dde4b8,5,6,288,True
P04,1f6851b081f9e4ea56746917bfea18abef30f8743074f3e5deb7c3c310dde4b8,6,10,256,False
P04,1f6851b081f9e4ea56746917bfea18abef30f8743074f3e5deb7c3c310dde4b8,6,5,288,True
P04,1f6851b081f9e4ea56746917bfea18abef30f8743074f3e5deb7c3c310dde4b8,6,2,128,False
P04,1f6851b081f9e4ea56746917bfea18abef30f8743074f3e5deb7c3c310dde4b8,6,7,224,False
P04,1f6851b081f9e4ea56746917bfea18abef30f8743074f3e5deb7c3c310dde4b8,7,11,256,False
P04,1f6851b081f9e4ea56746917bfea18abef30f8743074f3e5deb7c3c310dde4b8,7,6,192,False
P04,1f6851b081f9e4ea56746917bfea18abef30f8743074f3e5deb7c3c310dde4b8,7,3,128,False
P04,1f6851b081f9e4ea56746917bfea18abef30f8743074f3e5deb7c3c310dde4b8,8,12,160,False
P04,1f6851b081f9e4ea56746917bfea18abef30f8743074f3e5deb7c3c310dde4b8,8,4,256,False
P04,1f6851b081f9e4ea56746917bfea18abef30f8743074f3e5deb7c3c310dde4b8,8,9,192,False
P04,1f6851b081f9e4ea56746917bfea18abef30f8743074f3e5deb7c3c310dde4b8,9,13,160,False
P04,1f6851b081f9e4ea56746917bfea18abef30f8743074f3e5deb7c3c310dde4b8,9,8,224,False
P04,1f6851b081f9e4ea56746917bfea18abef30f8743074f3e5deb7c3c310dde4b8,9,5,256,False
P04,1f6851b081f9e4ea56746917bfea18abef30f8743074f3e5deb7c3c310dde4b8,9,10,288,True
P04,1f6851b081f9e4ea56746917bfea18abef30f8743074f3e5deb7c3c310dde4b8,10,14,160,False
P04,1f6851b081f9e4ea56746917bfea18abef30f8743074f3e5deb7c3c310dde4b8,10,9,288,True
P04,1f6851b081f9e4ea56746917bfea18abef30f8743074f3e5deb7c3c310dde4b8,10,6,224,False
P04,1f6851b081f9e4ea56746917bfea18abef30f8743074f3e5deb7c3c310dde4b8,10,11,224,False
P04,1f6851b081f9e4ea56746917bfea18abef30f8743074f3e5deb7c3c310dde4b8,11,15,160,False
P04,1f6851b081f9e4ea56746917bfea18abef30f8743074f3e5deb7c3c310dde4b8,11,10,208,False
P04,1f6851b081f9e4ea56746917bfea18abef30f8743074f3e5deb7c3c310dde4b8,11,7,224,False
P04,1f6851b081f9e4ea56746917bfea18abef30f8743074f3e5deb7c3c310dde4b8,12,8,256,False
P04,1f6851b081f9e4ea56746917bfea18abef30f8743074f3e5deb7c3c310dde4b8,12,13,208,False
P04,1f6851b081f9e4ea56746917bfea18abef30f8743074f3e5deb7c3c310dde4b8,13,12,224,False
P04,1f6851b081f9e4ea56746917bfea18abef30f8743074f3e5deb7c3c310dde4b8,13,9,256,False
P04,1f6851b081f9e4ea56746917bfea18abef30f8743074f3e5deb7c3c310dde4b8,13,14,288,True
P04,1f6851b081f9e4ea56746917bfea18abef30f8743074f3e5deb7c3c310dde4b8,14,13,288,True
P04,1f6851b081f9e4ea56746917bfea18abef30f8743074f3e5deb7c3c310dde4b8,14,10,224,False
P04,1f6851b081f9e4ea56746917bfea18abef30f8743074f3e5deb7c3c310dde4b8,14,15,224,False
P04,1f6851b081f9e4ea56746917bfea18abef30f8743074f3e5deb7c3c310dde4b8,15,14,192,False
P04,1f6851b081f9e4ea56746917bfea18abef30f8743074f3e5deb7c3c310dde4b8,15,11,224,False
P05,6a0dfa26ee20448a3ef133164e4fb009d53c3e6000b503994859d8e4a9110c88,0,4,256,False
P05,6a0dfa26ee20448a3ef133164e4fb009d53c3e6000b503994859d8e4a9110c88,0,1,192,False
P05,6a0dfa26ee20448a3ef133164e4fb009d53c3e6000b503994859d8e4a9110c88,1,5,256,False
P05,6a0dfa26ee20448a3ef133164e4fb009d53c3e6000b503994859d8e4a9110c88,1,0,224,False
P05,6a0dfa26ee20448a3ef133164e4fb009d53c3e6000b503994859d8e4a9110c88,1,2,288,True
P05,6a0dfa26ee20448a3ef133164e4fb009d53c3e6000b503994859d8e4a9110c88,2,6,256,False
P05,6a0dfa26ee20448a3ef133164e4fb009d53c3e6000b503994859d8e4a9110c88,2,1,288,True
P05,6a0dfa26ee20448a3ef133164e4fb009d53c3e6000b503994859d8e4a9110c88,2,3,224,False
P05,6a0dfa26ee20448a3ef133164e4fb009d53c3e6000b503994859d8e4a9110c88,3,7,256,False
P05,6a0dfa26ee20448a3ef133164e4fb009d53c3e6000b503994859d8e4a9110c88,3,2,208,False
P05,6a0dfa26ee20448a3ef133164e4fb009d53c3e6000b503994859d8e4a9110c88,4,8,256,False
P05,6a0dfa26ee20448a3ef133164e4fb009d53c3e6000b503994859d8e4a9110c88,4,0,160,False
P05,6a0dfa26ee20448a3ef133164e4fb009d53c3e6000b503994859d8e4a9110c88,4,5,208,False
P05,6a0dfa26ee20448a3ef133164e4fb009d53c3e6000b503994859d8e4a9110c88,5,9,256,False
P05,6a0dfa26ee20448a3ef133164e4fb009d53c3e6000b503994859d8e4a9110c88,5,4,224,False
P05,6a0dfa26ee20448a3ef133164e4fb009d53c3e6000b503994859d8e4a9110c88,5,1,160,False
P05,6a0dfa26ee20448a3ef133164e4fb009d53c3e6000b503994859d8e4a9110c88,5,6,288,True
P05,6a0dfa26ee20448a3ef133164e4fb009d53c3e6000b503994859d8e4a9110c88,6,10,256,False
P05,6a0dfa26ee20448a3ef133164e4fb009d53c3e6000b503994859d8e4a9110c88,6,5,288,True
P05,6a0dfa26ee20448a3ef133164e4fb009d53c3e6000b503994859d8e4a9110c88,6,2,160,False
P05,6a0dfa26ee20448a3ef133164e4fb009d53c3e6000b503994859d8e4a9110c88,6,7,224,False
P05,6a0dfa26ee20448a3ef133164e4fb009d53c3e6000b503994859d8e4a9110c88,7,11,256,False
P05,6a0dfa26ee20448a3ef133164e4fb009d53c3e6000b503994859d8e4a9110c88,7,6,192,False
P05,6a0dfa26ee20448a3ef133164e4fb009d53c3e6000b503994859d8e4a9110c88,7,3,160,False
P05,6a0dfa26ee20448a3ef133164e4fb009d53c3e6000b503994859d8e4a9110c88,8,12,128,False
P05,6a0dfa26ee20448a3ef133164e4fb009d53c3e6000b503994859d8e4a9110c88,8,4,256,False
P05,6a0dfa26ee20448a3ef133164e4fb009d53c3e6000b503994859d8e4a9110c88,8,9,192,False
P05,6a0dfa26ee20448a3ef133164e4fb009d53c3e6000b503994859d8e4a9110c88,9,13,128,False
P05,6a0dfa26ee20448a3ef133164e4fb009d53c3e6000b503994859d8e4a9110c88,9,8,224,False
P05,6a0dfa26ee20448a3ef133164e4fb009d53c3e6000b503994859d8e4a9110c88,9,5,256,False
P05,6a0dfa26ee20448a3ef133164e4fb009d53c3e6000b503994859d8e4a9110c88,9,10,288,True
P05,6a0dfa26ee20448a3ef133164e4fb009d53c3e6000b503994859d8e4a9110c88,10,14,128,False
P05,6a0dfa26ee20448a3ef133164e4fb009d53c3e6000b503994859d8e4a9110c88,10,9,288,True
P05,6a0dfa26ee20448a3ef133164e4fb009d53c3e6000b503994859d8e4a9110c88,10,6,256,False
P05,6a0dfa26ee20448a3ef133164e4fb009d53c3e6000b503994859d8e4a9110c88,10,11,224,False
P05,6a0dfa26ee20448a3ef133164e4fb009d53c3e6000b503994859d8e4a9110c88,11,15,128,False
P05,6a0dfa26ee20448a3ef133164e4fb009d53c3e6000b503994859d8e4a9110c88,11,10,208,False
P05,6a0dfa26ee20448a3ef133164e4fb009d53c3e6000b503994859d8e4a9110c88,11,7,256,False
P05,6a0dfa26ee20448a3ef133164e4fb009d53c3e6000b503994859d8e4a9110c88,12,8,256,False
P05,6a0dfa26ee20448a3ef133164e4fb009d53c3e6000b503994859d8e4a9110c88,12,13,208,False
P05,6a0dfa26ee20448a3ef133164e4fb009d53c3e6000b503994859d8e4a9110c88,13,12,224,False
P05,6a0dfa26ee20448a3ef133164e4fb009d53c3e6000b503994859d8e4a9110c88,13,9,256,False
P05,6a0dfa26ee20448a3ef133164e4fb009d53c3e6000b503994859d8e4a9110c88,13,14,288,True
P05,6a0dfa26ee20448a3ef133164e4fb009d53c3e6000b503994859d8e4a9110c88,14,13,288,True
P05,6a0dfa26ee20448a3ef133164e4fb009d53c3e6000b503994859d8e4a9110c88,14,10,256,False
P05,6a0dfa26ee20448a3ef133164e4fb009d53c3e6000b503994859d8e4a9110c88,14,15,224,False
P05,6a0dfa26ee20448a3ef133164e4fb009d53c3e6000b503994859d8e4a9110c88,15,14,192,False
P05,6a0dfa26ee20448a3ef133164e4fb009d53c3e6000b503994859d8e4a9110c88,15,11,256,False
P06,e2a2ecedc35dd919fa51f9d2672440d4924c956918c4c6bac4ffbc9e50f3c2e8,0,4,256,False
P06,e2a2ecedc35dd919fa51f9d2672440d4924c956918c4c6bac4ffbc9e50f3c2e8,0,1,208,False
P06,e2a2ecedc35dd919fa51f9d2672440d4924c956918c4c6bac4ffbc9e50f3c2e8,1,5,256,False
P06,e2a2ecedc35dd919fa51f9d2672440d4924c956918c4c6bac4ffbc9e50f3c2e8,1,0,224,False
P06,e2a2ecedc35dd919fa51f9d2672440d4924c956918c4c6bac4ffbc9e50f3c2e8,1,2,272,False
P06,e2a2ecedc35dd919fa51f9d2672440d4924c956918c4c6bac4ffbc9e50f3c2e8,2,6,256,False
P06,e2a2ecedc35dd919fa51f9d2672440d4924c956918c4c6bac4ffbc9e50f3c2e8,2,1,288,True
P06,e2a2ecedc35dd919fa51f9d2672440d4924c956918c4c6bac4ffbc9e50f3c2e8,2,3,224,False
P06,e2a2ecedc35dd919fa51f9d2672440d4924c956918c4c6bac4ffbc9e50f3c2e8,3,7,256,False
P06,e2a2ecedc35dd919fa51f9d2672440d4924c956918c4c6bac4ffbc9e50f3c2e8,3,2,208,False
P06,e2a2ecedc35dd919fa51f9d2672440d4924c956918c4c6bac4ffbc9e50f3c2e8,4,8,256,False
P06,e2a2ecedc35dd919fa51f9d2672440d4924c956918c4c6bac4ffbc9e50f3c2e8,4,0,128,False
P06,e2a2ecedc35dd919fa51f9d2672440d4924c956918c4c6bac4ffbc9e50f3c2e8,4,5,208,False
P06,e2a2ecedc35dd919fa51f9d2672440d4924c956918c4c6bac4ffbc9e50f3c2e8,5,9,256,False
P06,e2a2ecedc35dd919fa51f9d2672440d4924c956918c4c6bac4ffbc9e50f3c2e8,5,4,224,False
P06,e2a2ecedc35dd919fa51f9d2672440d4924c956918c4c6bac4ffbc9e50f3c2e8,5,1,128,False
P06,e2a2ecedc35dd919fa51f9d2672440d4924c956918c4c6bac4ffbc9e50f3c2e8,5,6,272,False
P06,e2a2ecedc35dd919fa51f9d2672440d4924c956918c4c6bac4ffbc9e50f3c2e8,6,10,256,False
P06,e2a2ecedc35dd919fa51f9d2672440d4924c956918c4c6bac4ffbc9e50f3c2e8,6,5,288,True
P06,e2a2ecedc35dd919fa51f9d2672440d4924c956918c4c6bac4ffbc9e50f3c2e8,6,2,128,False
P06,e2a2ecedc35dd919fa51f9d2672440d4924c956918c4c6bac4ffbc9e50f3c2e8,6,7,224,False
P06,e2a2ecedc35dd919fa51f9d2672440d4924c956918c4c6bac4ffbc9e50f3c2e8,7,11,256,False
P06,e2a2ecedc35dd919fa51f9d2672440d4924c956918c4c6bac4ffbc9e50f3c2e8,7,6,208,False
P06,e2a2ecedc35dd919fa51f9d2672440d4924c956918c4c6bac4ffbc9e50f3c2e8,7,3,128,False
P06,e2a2ecedc35dd919fa51f9d2672440d4924c956918c4c6bac4ffbc9e50f3c2e8,8,12,128,False
P06,e2a2ecedc35dd919fa51f9d2672440d4924c956918c4c6bac4ffbc9e50f3c2e8,8,4,256,False
P06,e2a2ecedc35dd919fa51f9d2672440d4924c956918c4c6bac4ffbc9e50f3c2e8,8,9,208,False
P06,e2a2ecedc35dd919fa51f9d2672440d4924c956918c4c6bac4ffbc9e50f3c2e8,9,13,128,False
P06,e2a2ecedc35dd919fa51f9d2672440d4924c956918c4c6bac4ffbc9e50f3c2e8,9,8,224,False
P06,e2a2ecedc35dd919fa51f9d2672440d4924c956918c4c6bac4ffbc9e50f3c2e8,9,5,256,False
P06,e2a2ecedc35dd919fa51f9d2672440d4924c956918c4c6bac4ffbc9e50f3c2e8,9,10,272,False
P06,e2a2ecedc35dd919fa51f9d2672440d4924c956918c4c6bac4ffbc9e50f3c2e8,10,14,128,False
P06,e2a2ecedc35dd919fa51f9d2672440d4924c956918c4c6bac4ffbc9e50f3c2e8,10,9,288,True
P06,e2a2ecedc35dd919fa51f9d2672440d4924c956918c4c6bac4ffbc9e50f3c2e8,10,6,256,False
P06,e2a2ecedc35dd919fa51f9d2672440d4924c956918c4c6bac4ffbc9e50f3c2e8,10,11,224,False
P06,e2a2ecedc35dd919fa51f9d2672440d4924c956918c4c6bac4ffbc9e50f3c2e8,11,15,128,False
P06,e2a2ecedc35dd919fa51f9d2672440d4924c956918c4c6bac4ffbc9e50f3c2e8,11,10,208,False
P06,e2a2ecedc35dd919fa51f9d2672440d4924c956918c4c6bac4ffbc9e50f3c2e8,11,7,256,False
P06,e2a2ecedc35dd919fa51f9d2672440d4924c956918c4c6bac4ffbc9e50f3c2e8,12,8,256,False
P06,e2a2ecedc35dd919fa51f9d2672440d4924c956918c4c6bac4ffbc9e50f3c2e8,12,13,208,False
P06,e2a2ecedc35dd919fa51f9d2672440d4924c956918c4c6bac4ffbc9e50f3c2e8,13,12,224,False
P06,e2a2ecedc35dd919fa51f9d2672440d4924c956918c4c6bac4ffbc9e50f3c2e8,13,9,256,False
P06,e2a2ecedc35dd919fa51f9d2672440d4924c956918c4c6bac4ffbc9e50f3c2e8,13,14,272,False
P06,e2a2ecedc35dd919fa51f9d2672440d4924c956918c4c6bac4ffbc9e50f3c2e8,14,13,288,True
P06,e2a2ecedc35dd919fa51f9d2672440d4924c956918c4c6bac4ffbc9e50f3c2e8,14,10,256,False
P06,e2a2ecedc35dd919fa51f9d2672440d4924c956918c4c6bac4ffbc9e50f3c2e8,14,15,224,False
P06,e2a2ecedc35dd919fa51f9d2672440d4924c956918c4c6bac4ffbc9e50f3c2e8,15,14,208,False
P06,e2a2ecedc35dd919fa51f9d2672440d4924c956918c4c6bac4ffbc9e50f3c2e8,15,11,256,False
