mapping,original,source_chiplet,destination_chiplet,traffic_bytes,traffic_MiB
M01,002c537be980d23ac16e411d83ac039658bfd554552fd1302db2b751d779c891,0,1,66408128,63.33172607421875
M01,002c537be980d23ac16e411d83ac039658bfd554552fd1302db2b751d779c891,0,4,64413248,61.42926025390625
M01,002c537be980d23ac16e411d83ac039658bfd554552fd1302db2b751d779c891,1,0,80903872,77.15594482421875
M01,002c537be980d23ac16e411d83ac039658bfd554552fd1302db2b751d779c891,1,2,104223488,99.395263671875
M01,002c537be980d23ac16e411d83ac039658bfd554552fd1302db2b751d779c891,1,5,63866464,60.907806396484375
M01,002c537be980d23ac16e411d83ac039658bfd554552fd1302db2b751d779c891,2,1,100328704,95.680908203125
M01,002c537be980d23ac16e411d83ac039658bfd554552fd1302db2b751d779c891,2,3,82901312,79.06085205078125
M01,002c537be980d23ac16e411d83ac039658bfd554552fd1302db2b751d779c891,2,6,62558528,59.66046142578125
M01,002c537be980d23ac16e411d83ac039658bfd554552fd1302db2b751d779c891,3,2,63970112,61.00665283203125
M01,002c537be980d23ac16e411d83ac039658bfd554552fd1302db2b751d779c891,3,7,63646560,60.698089599609375
M01,002c537be980d23ac16e411d83ac039658bfd554552fd1302db2b751d779c891,4,0,64591552,61.59930419921875
M01,002c537be980d23ac16e411d83ac039658bfd554552fd1302db2b751d779c891,4,5,60468032,57.66680908203125
M01,002c537be980d23ac16e411d83ac039658bfd554552fd1302db2b751d779c891,4,8,64910304,61.903289794921875
M01,002c537be980d23ac16e411d83ac039658bfd554552fd1302db2b751d779c891,5,1,63889568,60.929840087890625
M01,002c537be980d23ac16e411d83ac039658bfd554552fd1302db2b751d779c891,5,4,68947136,65.75311279296875
M01,002c537be980d23ac16e411d83ac039658bfd554552fd1302db2b751d779c891,5,6,98330752,93.7755126953125
M01,002c537be980d23ac16e411d83ac039658bfd554552fd1302db2b751d779c891,5,9,64364320,61.382598876953125
M01,002c537be980d23ac16e411d83ac039658bfd554552fd1302db2b751d779c891,6,2,62938944,60.02325439453125
M01,002c537be980d23ac16e411d83ac039658bfd554552fd1302db2b751d779c891,6,5,88545920,84.4439697265625
M01,002c537be980d23ac16e411d83ac039658bfd554552fd1302db2b751d779c891,6,7,80732864,76.99285888671875
M01,002c537be980d23ac16e411d83ac039658bfd554552fd1302db2b751d779c891,6,10,64474592,61.487762451171875
M01,002c537be980d23ac16e411d83ac039658bfd554552fd1302db2b751d779c891,7,3,63350176,60.415435791015625
M01,002c537be980d23ac16e411d83ac039658bfd554552fd1302db2b751d779c891,7,6,57876928,55.19573974609375
M01,002c537be980d23ac16e411d83ac039658bfd554552fd1302db2b751d779c891,7,11,69191456,65.98611450195312
M01,002c537be980d23ac16e411d83ac039658bfd554552fd1302db2b751d779c891,8,4,65802560,62.75421142578125
M01,002c537be980d23ac16e411d83ac039658bfd554552fd1302db2b751d779c891,8,9,56313536,53.70477294921875
M01,002c537be980d23ac16e411d83ac039658bfd554552fd1302db2b751d779c891,8,12,59605568,56.84429931640625
M01,002c537be980d23ac16e411d83ac039658bfd554552fd1302db2b751d779c891,9,5,65099776,62.083984375
M01,002c537be980d23ac16e411d83ac039658bfd554552fd1302db2b751d779c891,9,8,70626496,67.35467529296875
M01,002c537be980d23ac16e411d83ac039658bfd554552fd1302db2b751d779c891,9,10,89990272,85.8214111328125
M01,002c537be980d23ac16e411d83ac039658bfd554552fd1302db2b751d779c891,9,13,59840352,57.068206787109375
M01,002c537be980d23ac16e411d83ac039658bfd554552fd1302db2b751d779c891,10,6,63977664,61.01385498046875
M01,002c537be980d23ac16e411d83ac039658bfd554552fd1302db2b751d779c891,10,9,89341056,85.2022705078125
M01,002c537be980d23ac16e411d83ac039658bfd554552fd1302db2b751d779c891,10,11,68883520,65.69244384765625
M01,002c537be980d23ac16e411d83ac039658bfd554552fd1302db2b751d779c891,10,14,62021184,59.14801025390625
M01,002c537be980d23ac16e411d83ac039658bfd554552fd1302db2b751d779c891,11,7,64431616,61.44677734375
M01,002c537be980d23ac16e411d83ac039658bfd554552fd1302db2b751d779c891,11,10,59793472,57.02349853515625
M01,002c537be980d23ac16e411d83ac039658bfd554552fd1302db2b751d779c891,11,15,64930656,61.922698974609375
M01,002c537be980d23ac16e411d83ac039658bfd554552fd1302db2b751d779c891,12,8,64723008,61.72467041015625
M01,002c537be980d23ac16e411d83ac039658bfd554552fd1302db2b751d779c891,12,13,54336512,51.8193359375
M01,002c537be980d23ac16e411d83ac039658bfd554552fd1302db2b751d779c891,13,9,64029472,61.063262939453125
M01,002c537be980d23ac16e411d83ac039658bfd554552fd1302db2b751d779c891,13,12,81135680,77.37701416015625
M01,002c537be980d23ac16e411d83ac039658bfd554552fd1302db2b751d779c891,13,14,87216128,83.17578125
M01,002c537be980d23ac16e411d83ac039658bfd554552fd1302db2b751d779c891,14,10,63008704,60.08978271484375
M01,002c537be980d23ac16e411d83ac039658bfd554552fd1302db2b751d779c891,14,13,101257856,96.5670166015625
M01,002c537be980d23ac16e411d83ac039658bfd554552fd1302db2b751d779c891,14,15,68839104,65.65008544921875
M01,002c537be980d23ac16e411d83ac039658bfd554552fd1302db2b751d779c891,15,11,63212320,60.283966064453125
M01,002c537be980d23ac16e411d83ac039658bfd554552fd1302db2b751d779c891,15,14,59986688,57.207763671875
M02,709cfc16ab80516b0a5d3a17dec69a5e021db2d80d2e6c9834e9b186a0bb15d4,0,1,66434496,63.35687255859375
M02,709cfc16ab80516b0a5d3a17dec69a5e021db2d80d2e6c9834e9b186a0bb15d4,0,4,64369344,61.38739013671875
M02,709cfc16ab80516b0a5d3a17dec69a5e021db2d80d2e6c9834e9b186a0bb15d4,1,0,81073088,77.31732177734375
M02,709cfc16ab80516b0a5d3a17dec69a5e021db2d80d2e6c9834e9b186a0bb15d4,1,2,104186112,99.359619140625
M02,709cfc16ab80516b0a5d3a17dec69a5e021db2d80d2e6c9834e9b186a0bb15d4,1,5,63822560,60.865936279296875
M02,709cfc16ab80516b0a5d3a17dec69a5e021db2d80d2e6c9834e9b186a0bb15d4,2,1,100409088,95.757568359375
M02,709cfc16ab80516b0a5d3a17dec69a5e021db2d80d2e6c9834e9b186a0bb15d4,2,3,82732096,78.89947509765625
M02,709cfc16ab80516b0a5d3a17dec69a5e021db2d80d2e6c9834e9b186a0bb15d4,2,6,62498752,59.60345458984375
M02,709cfc16ab80516b0a5d3a17dec69a5e021db2d80d2e6c9834e9b186a0bb15d4,3,2,63986752,61.02252197265625
M02,709cfc16ab80516b0a5d3a17dec69a5e021db2d80d2e6c9834e9b186a0bb15d4,3,7,63593952,60.647918701171875
M02,709cfc16ab80516b0a5d3a17dec69a5e021db2d80d2e6c9834e9b186a0bb15d4,4,0,64754496,61.75469970703125
M02,709cfc16ab80516b0a5d3a17dec69a5e021db2d80d2e6c9834e9b186a0bb15d4,4,5,60429888,57.63043212890625
M02,709cfc16ab80516b0a5d3a17dec69a5e021db2d80d2e6c9834e9b186a0bb15d4,4,8,64815456,61.812835693359375
M02,709cfc16ab80516b0a5d3a17dec69a5e021db2d80d2e6c9834e9b186a0bb15d4,5,1,64063264,61.095489501953125
M02,709cfc16ab80516b0a5d3a17dec69a5e021db2d80d2e6c9834e9b186a0bb15d4,5,4,68836800,65.64788818359375
M02,709cfc16ab80516b0a5d3a17dec69a5e021db2d80d2e6c9834e9b186a0bb15d4,5,6,98293376,93.7398681640625
M02,709cfc16ab80516b0a5d3a17dec69a5e021db2d80d2e6c9834e9b186a0bb15d4,5,9,64269472,61.292144775390625
M02,709cfc16ab80516b0a5d3a17dec69a5e021db2d80d2e6c9834e9b186a0bb15d4,6,2,63090368,60.16766357421875
M02,709cfc16ab80516b0a5d3a17dec69a5e021db2d80d2e6c9834e9b186a0bb15d4,6,5,88540288,84.4385986328125
M02,709cfc16ab80516b0a5d3a17dec69a5e021db2d80d2e6c9834e9b186a0bb15d4,6,7,80972224,77.22113037109375
M02,709cfc16ab80516b0a5d3a17dec69a5e021db2d80d2e6c9834e9b186a0bb15d4,6,10,64367968,61.386077880859375
M02,709cfc16ab80516b0a5d3a17dec69a5e021db2d80d2e6c9834e9b186a0bb15d4,7,3,63512352,60.570098876953125
M02,709cfc16ab80516b0a5d3a17dec69a5e021db2d80d2e6c9834e9b186a0bb15d4,7,6,57829056,55.15008544921875
M02,709cfc16ab80516b0a5d3a17dec69a5e021db2d80d2e6c9834e9b186a0bb15d4,7,11,69088416,65.88784790039062
M02,709cfc16ab80516b0a5d3a17dec69a5e021db2d80d2e6c9834e9b186a0bb15d4,8,4,65905600,62.85247802734375
M02,709cfc16ab80516b0a5d3a17dec69a5e021db2d80d2e6c9834e9b186a0bb15d4,8,9,56339904,53.72991943359375
M02,709cfc16ab80516b0a5d3a17dec69a5e021db2d80d2e6c9834e9b186a0bb15d4,8,12,59448768,56.69476318359375
M02,709cfc16ab80516b0a5d3a17dec69a5e021db2d80d2e6c9834e9b186a0bb15d4,9,5,65206400,62.1856689453125
M02,709cfc16ab80516b0a5d3a17dec69a5e021db2d80d2e6c9834e9b186a0bb15d4,9,8,70795712,67.51605224609375
M02,709cfc16ab80516b0a5d3a17dec69a5e021db2d80d2e6c9834e9b186a0bb15d4,9,10,89952896,85.7857666015625
M02,709cfc16ab80516b0a5d3a17dec69a5e021db2d80d2e6c9834e9b186a0bb15d4,9,13,59683552,56.918670654296875
M02,709cfc16ab80516b0a5d3a17dec69a5e021db2d80d2e6c9834e9b186a0bb15d4,10,6,64072768,61.10455322265625
M02,709cfc16ab80516b0a5d3a17dec69a5e021db2d80d2e6c9834e9b186a0bb15d4,10,9,89421440,85.2789306640625
M02,709cfc16ab80516b0a5d3a17dec69a5e021db2d80d2e6c9834e9b186a0bb15d4,10,11,68714304,65.53106689453125
M02,709cfc16ab80516b0a5d3a17dec69a5e021db2d80d2e6c9834e9b186a0bb15d4,10,14,61860288,58.99456787109375
M02,709cfc16ab80516b0a5d3a17dec69a5e021db2d80d2e6c9834e9b186a0bb15d4,11,7,64533888,61.5443115234375
M02,709cfc16ab80516b0a5d3a17dec69a5e021db2d80d2e6c9834e9b186a0bb15d4,11,10,59810112,57.03936767578125
M02,709cfc16ab80516b0a5d3a17dec69a5e021db2d80d2e6c9834e9b186a0bb15d4,11,15,64766176,61.765838623046875
M02,709cfc16ab80516b0a5d3a17dec69a5e021db2d80d2e6c9834e9b186a0bb15d4,12,8,64773824,61.77313232421875
M02,709cfc16ab80516b0a5d3a17dec69a5e021db2d80d2e6c9834e9b186a0bb15d4,12,13,54298368,51.782958984375
M02,709cfc16ab80516b0a5d3a17dec69a5e021db2d80d2e6c9834e9b186a0bb15d4,13,9,64087456,61.118560791015625
M02,709cfc16ab80516b0a5d3a17dec69a5e021db2d80d2e6c9834e9b186a0bb15d4,13,12,81025344,77.27178955078125
M02,709cfc16ab80516b0a5d3a17dec69a5e021db2d80d2e6c9834e9b186a0bb15d4,13,14,87178752,83.14013671875
M02,709cfc16ab80516b0a5d3a17dec69a5e021db2d80d2e6c9834e9b186a0bb15d4,14,10,63061568,60.14019775390625
M02,709cfc16ab80516b0a5d3a17dec69a5e021db2d80d2e6c9834e9b186a0bb15d4,14,13,101252224,96.5616455078125
M02,709cfc16ab80516b0a5d3a17dec69a5e021db2d80d2e6c9834e9b186a0bb15d4,14,15,69078464,65.87835693359375
M02,709cfc16ab80516b0a5d3a17dec69a5e021db2d80d2e6c9834e9b186a0bb15d4,15,11,63265184,60.334381103515625
M02,709cfc16ab80516b0a5d3a17dec69a5e021db2d80d2e6c9834e9b186a0bb15d4,15,14,59938816,57.162109375
M03,1f6851b081f9e4ea56746917bfea18abef30f8743074f3e5deb7c3c310dde4b8,0,1,66434496,63.35687255859375
M03,1f6851b081f9e4ea56746917bfea18abef30f8743074f3e5deb7c3c310dde4b8,0,4,64423104,61.43865966796875
M03,1f6851b081f9e4ea56746917bfea18abef30f8743074f3e5deb7c3c310dde4b8,1,0,81137600,77.37884521484375
M03,1f6851b081f9e4ea56746917bfea18abef30f8743074f3e5deb7c3c310dde4b8,1,2,104229120,99.400634765625
M03,1f6851b081f9e4ea56746917bfea18abef30f8743074f3e5deb7c3c310dde4b8,1,5,63872736,60.913787841796875
M03,1f6851b081f9e4ea56746917bfea18abef30f8743074f3e5deb7c3c310dde4b8,2,1,100409088,95.757568359375
M03,1f6851b081f9e4ea56746917bfea18abef30f8743074f3e5deb7c3c310dde4b8,2,3,82732096,78.89947509765625
M03,1f6851b081f9e4ea56746917bfea18abef30f8743074f3e5deb7c3c310dde4b8,2,6,62548928,59.65130615234375
M03,1f6851b081f9e4ea56746917bfea18abef30f8743074f3e5deb7c3c310dde4b8,3,2,64008256,61.04302978515625
M03,1f6851b081f9e4ea56746917bfea18abef30f8743074f3e5deb7c3c310dde4b8,3,7,63647712,60.699188232421875
M03,1f6851b081f9e4ea56746917bfea18abef30f8743074f3e5deb7c3c310dde4b8,4,0,64614720,61.62139892578125
M03,1f6851b081f9e4ea56746917bfea18abef30f8743074f3e5deb7c3c310dde4b8,4,5,60429888,57.63043212890625
M03,1f6851b081f9e4ea56746917bfea18abef30f8743074f3e5deb7c3c310dde4b8,4,8,64919392,61.911956787109375
M03,1f6851b081f9e4ea56746917bfea18abef30f8743074f3e5deb7c3c310dde4b8,5,1,63912736,60.951934814453125
M03,1f6851b081f9e4ea56746917bfea18abef30f8743074f3e5deb7c3c310dde4b8,5,4,68772288,65.58636474609375
M03,1f6851b081f9e4ea56746917bfea18abef30f8743074f3e5deb7c3c310dde4b8,5,6,98250368,93.6988525390625
M03,1f6851b081f9e4ea56746917bfea18abef30f8743074f3e5deb7c3c310dde4b8,5,9,64366240,61.384429931640625
M03,1f6851b081f9e4ea56746917bfea18abef30f8743074f3e5deb7c3c310dde4b8,6,2,62961344,60.04461669921875
M03,1f6851b081f9e4ea56746917bfea18abef30f8743074f3e5deb7c3c310dde4b8,6,5,88540288,84.4385986328125
M03,1f6851b081f9e4ea56746917bfea18abef30f8743074f3e5deb7c3c310dde4b8,6,7,80843200,77.09808349609375
M03,1f6851b081f9e4ea56746917bfea18abef30f8743074f3e5deb7c3c310dde4b8,6,10,64468320,61.481781005859375
M03,1f6851b081f9e4ea56746917bfea18abef30f8743074f3e5deb7c3c310dde4b8,7,3,63372576,60.436798095703125
M03,1f6851b081f9e4ea56746917bfea18abef30f8743074f3e5deb7c3c310dde4b8,7,6,57850560,55.17059326171875
M03,1f6851b081f9e4ea56746917bfea18abef30f8743074f3e5deb7c3c310dde4b8,7,11,69188768,65.98355102539062
M03,1f6851b081f9e4ea56746917bfea18abef30f8743074f3e5deb7c3c310dde4b8,8,4,65805248,62.75677490234375
M03,1f6851b081f9e4ea56746917bfea18abef30f8743074f3e5deb7c3c310dde4b8,8,9,56339904,53.72991943359375
M03,1f6851b081f9e4ea56746917bfea18abef30f8743074f3e5deb7c3c310dde4b8,8,12,59592128,56.83148193359375
M03,1f6851b081f9e4ea56746917bfea18abef30f8743074f3e5deb7c3c310dde4b8,9,5,65102464,62.0865478515625
M03,1f6851b081f9e4ea56746917bfea18abef30f8743074f3e5deb7c3c310dde4b8,9,8,70860224,67.57757568359375
M03,1f6851b081f9e4ea56746917bfea18abef30f8743074f3e5deb7c3c310dde4b8,9,10,89995904,85.8267822265625
M03,1f6851b081f9e4ea56746917bfea18abef30f8743074f3e5deb7c3c310dde4b8,9,13,59819744,57.048553466796875
M03,1f6851b081f9e4ea56746917bfea18abef30f8743074f3e5deb7c3c310dde4b8,10,6,63979584,61.01568603515625
M03,1f6851b081f9e4ea56746917bfea18abef30f8743074f3e5deb7c3c310dde4b8,10,9,89421440,85.2789306640625
M03,1f6851b081f9e4ea56746917bfea18abef30f8743074f3e5deb7c3c310dde4b8,10,11,68714304,65.53106689453125
M03,1f6851b081f9e4ea56746917bfea18abef30f8743074f3e5deb7c3c310dde4b8,10,14,62007232,59.13470458984375
M03,1f6851b081f9e4ea56746917bfea18abef30f8743074f3e5deb7c3c310dde4b8,11,7,64433536,61.4486083984375
M03,1f6851b081f9e4ea56746917bfea18abef30f8743074f3e5deb7c3c310dde4b8,11,10,59831616,57.05987548828125
M03,1f6851b081f9e4ea56746917bfea18abef30f8743074f3e5deb7c3c310dde4b8,11,15,64898784,61.892303466796875
M03,1f6851b081f9e4ea56746917bfea18abef30f8743074f3e5deb7c3c310dde4b8,12,8,64727232,61.72869873046875
M03,1f6851b081f9e4ea56746917bfea18abef30f8743074f3e5deb7c3c310dde4b8,12,13,54298368,51.782958984375
M03,1f6851b081f9e4ea56746917bfea18abef30f8743074f3e5deb7c3c310dde4b8,13,9,64033696,61.067291259765625
M03,1f6851b081f9e4ea56746917bfea18abef30f8743074f3e5deb7c3c310dde4b8,13,12,80960832,77.21026611328125
M03,1f6851b081f9e4ea56746917bfea18abef30f8743074f3e5deb7c3c310dde4b8,13,14,87135744,83.09912109375
M03,1f6851b081f9e4ea56746917bfea18abef30f8743074f3e5deb7c3c310dde4b8,14,10,63011392,60.09234619140625
M03,1f6851b081f9e4ea56746917bfea18abef30f8743074f3e5deb7c3c310dde4b8,14,13,101252224,96.5616455078125
M03,1f6851b081f9e4ea56746917bfea18abef30f8743074f3e5deb7c3c310dde4b8,14,15,68949440,65.75531005859375
M03,1f6851b081f9e4ea56746917bfea18abef30f8743074f3e5deb7c3c310dde4b8,15,11,63215008,60.286529541015625
M03,1f6851b081f9e4ea56746917bfea18abef30f8743074f3e5deb7c3c310dde4b8,15,14,59960320,57.1826171875
M04,3ebe71da1023712fbe1777b16243ee55a76f412eb24310891ce6488dc5443a47,0,1,64405696,61.42205810546875
M04,3ebe71da1023712fbe1777b16243ee55a76f412eb24310891ce6488dc5443a47,0,4,64394944,61.41180419921875
M04,3ebe71da1023712fbe1777b16243ee55a76f412eb24310891ce6488dc5443a47,1,0,77463488,73.87493896484375
M04,3ebe71da1023712fbe1777b16243ee55a76f412eb24310891ce6488dc5443a47,1,2,99412224,94.806884765625
M04,3ebe71da1023712fbe1777b16243ee55a76f412eb24310891ce6488dc5443a47,1,5,63848160,60.890350341796875
M04,3ebe71da1023712fbe1777b16243ee55a76f412eb24310891ce6488dc5443a47,2,1,95509248,91.084716796875
M04,3ebe71da1023712fbe1777b16243ee55a76f412eb24310891ce6488dc5443a47,2,3,79120960,75.45562744140625
M04,3ebe71da1023712fbe1777b16243ee55a76f412eb24310891ce6488dc5443a47,2,6,62524352,59.62786865234375
M04,3ebe71da1023712fbe1777b16243ee55a76f412eb24310891ce6488dc5443a47,3,2,61959488,59.08917236328125
M04,3ebe71da1023712fbe1777b16243ee55a76f412eb24310891ce6488dc5443a47,3,7,63619552,60.672332763671875
M04,3ebe71da1023712fbe1777b16243ee55a76f412eb24310891ce6488dc5443a47,4,0,63865152,60.90655517578125
M04,3ebe71da1023712fbe1777b16243ee55a76f412eb24310891ce6488dc5443a47,4,5,58465600,55.75714111328125
M04,3ebe71da1023712fbe1777b16243ee55a76f412eb24310891ce6488dc5443a47,4,8,64865760,61.860809326171875
M04,3ebe71da1023712fbe1777b16243ee55a76f412eb24310891ce6488dc5443a47,5,1,63163168,60.237091064453125
M04,3ebe71da1023712fbe1777b16243ee55a76f412eb24310891ce6488dc5443a47,5,4,65162688,62.14398193359375
M04,3ebe71da1023712fbe1777b16243ee55a76f412eb24310891ce6488dc5443a47,5,6,93519488,89.1871337890625
M04,3ebe71da1023712fbe1777b16243ee55a76f412eb24310891ce6488dc5443a47,5,9,64319776,61.340118408203125
M04,3ebe71da1023712fbe1777b16243ee55a76f412eb24310891ce6488dc5443a47,6,2,62212544,59.33050537109375
M04,3ebe71da1023712fbe1777b16243ee55a76f412eb24310891ce6488dc5443a47,6,5,83726464,79.8477783203125
M04,3ebe71da1023712fbe1777b16243ee55a76f412eb24310891ce6488dc5443a47,6,7,77296576,73.71575927734375
M04,3ebe71da1023712fbe1777b16243ee55a76f412eb24310891ce6488dc5443a47,6,10,64418272,61.434051513671875
M04,3ebe71da1023712fbe1777b16243ee55a76f412eb24310891ce6488dc5443a47,7,3,62623776,59.722686767578125
M04,3ebe71da1023712fbe1777b16243ee55a76f412eb24310891ce6488dc5443a47,7,6,55866304,53.27825927734375
M04,3ebe71da1023712fbe1777b16243ee55a76f412eb24310891ce6488dc5443a47,7,11,69138720,65.93582153320312
M04,3ebe71da1023712fbe1777b16243ee55a76f412eb24310891ce6488dc5443a47,8,4,65854784,62.80401611328125
M04,3ebe71da1023712fbe1777b16243ee55a76f412eb24310891ce6488dc5443a47,8,9,54311104,51.79510498046875
M04,3ebe71da1023712fbe1777b16243ee55a76f412eb24310891ce6488dc5443a47,8,12,58732224,56.01141357421875
M04,3ebe71da1023712fbe1777b16243ee55a76f412eb24310891ce6488dc5443a47,9,5,65152000,62.1337890625
M04,3ebe71da1023712fbe1777b16243ee55a76f412eb24310891ce6488dc5443a47,9,8,67186112,64.07366943359375
M04,3ebe71da1023712fbe1777b16243ee55a76f412eb24310891ce6488dc5443a47,9,10,85179008,81.2330322265625
M04,3ebe71da1023712fbe1777b16243ee55a76f412eb24310891ce6488dc5443a47,9,13,58967008,56.235321044921875
M04,3ebe71da1023712fbe1777b16243ee55a76f412eb24310891ce6488dc5443a47,10,6,64029888,61.06365966796875
M04,3ebe71da1023712fbe1777b16243ee55a76f412eb24310891ce6488dc5443a47,10,9,84521600,80.6060791015625
M04,3ebe71da1023712fbe1777b16243ee55a76f412eb24310891ce6488dc5443a47,10,11,65103168,62.08721923828125
M04,3ebe71da1023712fbe1777b16243ee55a76f412eb24310891ce6488dc5443a47,10,14,61143744,58.31121826171875
M04,3ebe71da1023712fbe1777b16243ee55a76f412eb24310891ce6488dc5443a47,11,7,64483840,61.49658203125
M04,3ebe71da1023712fbe1777b16243ee55a76f412eb24310891ce6488dc5443a47,11,10,57782848,55.10601806640625
M04,3ebe71da1023712fbe1777b16243ee55a76f412eb24310891ce6488dc5443a47,11,15,64049632,61.082489013671875
M04,3ebe71da1023712fbe1777b16243ee55a76f412eb24310891ce6488dc5443a47,12,8,64751296,61.75164794921875
M04,3ebe71da1023712fbe1777b16243ee55a76f412eb24310891ce6488dc5443a47,12,13,52334080,49.90966796875
M04,3ebe71da1023712fbe1777b16243ee55a76f412eb24310891ce6488dc5443a47,13,9,64057760,61.090240478515625
M04,3ebe71da1023712fbe1777b16243ee55a76f412eb24310891ce6488dc5443a47,13,12,77351232,73.76788330078125
M04,3ebe71da1023712fbe1777b16243ee55a76f412eb24310891ce6488dc5443a47,13,14,82404864,78.58740234375
M04,3ebe71da1023712fbe1777b16243ee55a76f412eb24310891ce6488dc5443a47,14,10,63036992,60.11676025390625
M04,3ebe71da1023712fbe1777b16243ee55a76f412eb24310891ce6488dc5443a47,14,13,96438400,91.9708251953125
M04,3ebe71da1023712fbe1777b16243ee55a76f412eb24310891ce6488dc5443a47,14,15,65402816,62.37298583984375
M04,3ebe71da1023712fbe1777b16243ee55a76f412eb24310891ce6488dc5443a47,15,11,63240608,60.310943603515625
M04,3ebe71da1023712fbe1777b16243ee55a76f412eb24310891ce6488dc5443a47,15,14,57976064,55.290283203125
M05,6a0dfa26ee20448a3ef133164e4fb009d53c3e6000b503994859d8e4a9110c88,0,1,66433728,63.35614013671875
M05,6a0dfa26ee20448a3ef133164e4fb009d53c3e6000b503994859d8e4a9110c88,0,4,64369728,61.38775634765625
M05,6a0dfa26ee20448a3ef133164e4fb009d53c3e6000b503994859d8e4a9110c88,1,0,81202880,77.44110107421875
M05,6a0dfa26ee20448a3ef133164e4fb009d53c3e6000b503994859d8e4a9110c88,1,2,104270592,99.440185546875
M05,6a0dfa26ee20448a3ef133164e4fb009d53c3e6000b503994859d8e4a9110c88,1,5,63822944,60.866302490234375
M05,6a0dfa26ee20448a3ef133164e4fb009d53c3e6000b503994859d8e4a9110c88,2,1,100410624,95.759033203125
M05,6a0dfa26ee20448a3ef133164e4fb009d53c3e6000b503994859d8e4a9110c88,2,3,82795840,78.96026611328125
M05,6a0dfa26ee20448a3ef133164e4fb009d53c3e6000b503994859d8e4a9110c88,2,6,62499136,59.60382080078125
M05,6a0dfa26ee20448a3ef133164e4fb009d53c3e6000b503994859d8e4a9110c88,3,2,64009024,61.04376220703125
M05,6a0dfa26ee20448a3ef133164e4fb009d53c3e6000b503994859d8e4a9110c88,3,7,63594336,60.648284912109375
M05,6a0dfa26ee20448a3ef133164e4fb009d53c3e6000b503994859d8e4a9110c88,4,0,64778944,61.77801513671875
M05,6a0dfa26ee20448a3ef133164e4fb009d53c3e6000b503994859d8e4a9110c88,4,5,60450624,57.65020751953125
M05,6a0dfa26ee20448a3ef133164e4fb009d53c3e6000b503994859d8e4a9110c88,4,8,64815584,61.812957763671875
M05,6a0dfa26ee20448a3ef133164e4fb009d53c3e6000b503994859d8e4a9110c88,5,1,64066208,61.098297119140625
M05,6a0dfa26ee20448a3ef133164e4fb009d53c3e6000b503994859d8e4a9110c88,5,4,68644032,65.46405029296875
M05,6a0dfa26ee20448a3ef133164e4fb009d53c3e6000b503994859d8e4a9110c88,5,6,98291840,93.7384033203125
M05,6a0dfa26ee20448a3ef133164e4fb009d53c3e6000b503994859d8e4a9110c88,5,9,64269600,61.292266845703125
M05,6a0dfa26ee20448a3ef133164e4fb009d53c3e6000b503994859d8e4a9110c88,6,2,63126336,60.20196533203125
M05,6a0dfa26ee20448a3ef133164e4fb009d53c3e6000b503994859d8e4a9110c88,6,5,88455808,84.3580322265625
M05,6a0dfa26ee20448a3ef133164e4fb009d53c3e6000b503994859d8e4a9110c88,6,7,80842432,77.09735107421875
M05,6a0dfa26ee20448a3ef133164e4fb009d53c3e6000b503994859d8e4a9110c88,6,10,64368096,61.386199951171875
M05,6a0dfa26ee20448a3ef133164e4fb009d53c3e6000b503994859d8e4a9110c88,7,3,63526816,60.583892822265625
M05,6a0dfa26ee20448a3ef133164e4fb009d53c3e6000b503994859d8e4a9110c88,7,6,57829824,55.15081787109375
M05,6a0dfa26ee20448a3ef133164e4fb009d53c3e6000b503994859d8e4a9110c88,7,11,69088544,65.88796997070312
M05,6a0dfa26ee20448a3ef133164e4fb009d53c3e6000b503994859d8e4a9110c88,8,4,65904960,62.85186767578125
M05,6a0dfa26ee20448a3ef133164e4fb009d53c3e6000b503994859d8e4a9110c88,8,9,56339136,53.72918701171875
M05,6a0dfa26ee20448a3ef133164e4fb009d53c3e6000b503994859d8e4a9110c88,8,12,59427392,56.67437744140625
M05,6a0dfa26ee20448a3ef133164e4fb009d53c3e6000b503994859d8e4a9110c88,9,5,65191424,62.17138671875
M05,6a0dfa26ee20448a3ef133164e4fb009d53c3e6000b503994859d8e4a9110c88,9,8,70925504,67.63983154296875
M05,6a0dfa26ee20448a3ef133164e4fb009d53c3e6000b503994859d8e4a9110c88,9,10,90037376,85.8663330078125
M05,6a0dfa26ee20448a3ef133164e4fb009d53c3e6000b503994859d8e4a9110c88,9,13,59662176,56.898284912109375
M05,6a0dfa26ee20448a3ef133164e4fb009d53c3e6000b503994859d8e4a9110c88,10,6,64083648,61.11492919921875
M05,6a0dfa26ee20448a3ef133164e4fb009d53c3e6000b503994859d8e4a9110c88,10,9,89422976,85.2803955078125
M05,6a0dfa26ee20448a3ef133164e4fb009d53c3e6000b503994859d8e4a9110c88,10,11,68778048,65.59185791015625
M05,6a0dfa26ee20448a3ef133164e4fb009d53c3e6000b503994859d8e4a9110c88,10,14,61838912,58.97418212890625
M05,6a0dfa26ee20448a3ef133164e4fb009d53c3e6000b503994859d8e4a9110c88,11,7,64530432,61.541015625
M05,6a0dfa26ee20448a3ef133164e4fb009d53c3e6000b503994859d8e4a9110c88,11,10,59832384,57.06060791015625
M05,6a0dfa26ee20448a3ef133164e4fb009d53c3e6000b503994859d8e4a9110c88,11,15,64744800,61.745452880859375
M05,6a0dfa26ee20448a3ef133164e4fb009d53c3e6000b503994859d8e4a9110c88,12,8,64776256,61.77545166015625
M05,6a0dfa26ee20448a3ef133164e4fb009d53c3e6000b503994859d8e4a9110c88,12,13,54319104,51.802734375
M05,6a0dfa26ee20448a3ef133164e4fb009d53c3e6000b503994859d8e4a9110c88,13,9,64075552,61.107208251953125
M05,6a0dfa26ee20448a3ef133164e4fb009d53c3e6000b503994859d8e4a9110c88,13,12,80832576,77.08795166015625
M05,6a0dfa26ee20448a3ef133164e4fb009d53c3e6000b503994859d8e4a9110c88,13,14,87177216,83.138671875
M05,6a0dfa26ee20448a3ef133164e4fb009d53c3e6000b503994859d8e4a9110c88,14,10,63065536,60.14398193359375
M05,6a0dfa26ee20448a3ef133164e4fb009d53c3e6000b503994859d8e4a9110c88,14,13,101167744,96.4810791015625
M05,6a0dfa26ee20448a3ef133164e4fb009d53c3e6000b503994859d8e4a9110c88,14,15,68948672,65.75457763671875
M05,6a0dfa26ee20448a3ef133164e4fb009d53c3e6000b503994859d8e4a9110c88,15,11,63261984,60.331329345703125
M05,6a0dfa26ee20448a3ef133164e4fb009d53c3e6000b503994859d8e4a9110c88,15,14,59939584,57.162841796875
M06,d88bbf5684ca45ee08a3a8dc7126625a79bcb2823c9d783a783df67ed41e0598,0,1,66526912,63.44500732421875
M06,d88bbf5684ca45ee08a3a8dc7126625a79bcb2823c9d783a783df67ed41e0598,0,4,64444992,61.45953369140625
M06,d88bbf5684ca45ee08a3a8dc7126625a79bcb2823c9d783a783df67ed41e0598,1,0,80729792,76.98992919921875
M06,d88bbf5684ca45ee08a3a8dc7126625a79bcb2823c9d783a783df67ed41e0598,1,2,104227584,99.399169921875
M06,d88bbf5684ca45ee08a3a8dc7126625a79bcb2823c9d783a783df67ed41e0598,1,5,63883872,60.924407958984375
M06,d88bbf5684ca45ee08a3a8dc7126625a79bcb2823c9d783a783df67ed41e0598,2,1,100324608,95.677001953125
M06,d88bbf5684ca45ee08a3a8dc7126625a79bcb2823c9d783a783df67ed41e0598,2,3,82731328,78.89874267578125
M06,d88bbf5684ca45ee08a3a8dc7126625a79bcb2823c9d783a783df67ed41e0598,2,6,62574400,59.67559814453125
M06,d88bbf5684ca45ee08a3a8dc7126625a79bcb2823c9d783a783df67ed41e0598,3,2,63966016,61.00274658203125
M06,d88bbf5684ca45ee08a3a8dc7126625a79bcb2823c9d783a783df67ed41e0598,3,7,63669600,60.720062255859375
M06,d88bbf5684ca45ee08a3a8dc7126625a79bcb2823c9d783a783df67ed41e0598,4,0,64517312,61.52850341796875
M06,d88bbf5684ca45ee08a3a8dc7126625a79bcb2823c9d783a783df67ed41e0598,4,5,60472128,57.67071533203125
M06,d88bbf5684ca45ee08a3a8dc7126625a79bcb2823c9d783a783df67ed41e0598,4,8,64951776,61.942840576171875
M06,d88bbf5684ca45ee08a3a8dc7126625a79bcb2823c9d783a783df67ed41e0598,5,1,63815328,60.859039306640625
M06,d88bbf5684ca45ee08a3a8dc7126625a79bcb2823c9d783a783df67ed41e0598,5,4,68773056,65.58709716796875
M06,d88bbf5684ca45ee08a3a8dc7126625a79bcb2823c9d783a783df67ed41e0598,5,6,98334848,93.7794189453125
M06,d88bbf5684ca45ee08a3a8dc7126625a79bcb2823c9d783a783df67ed41e0598,5,9,64405792,61.422149658203125
M06,d88bbf5684ca45ee08a3a8dc7126625a79bcb2823c9d783a783df67ed41e0598,6,2,62864704,59.95245361328125
M06,d88bbf5684ca45ee08a3a8dc7126625a79bcb2823c9d783a783df67ed41e0598,6,5,88541824,84.4400634765625
M06,d88bbf5684ca45ee08a3a8dc7126625a79bcb2823c9d783a783df67ed41e0598,6,7,80562880,76.83074951171875
M06,d88bbf5684ca45ee08a3a8dc7126625a79bcb2823c9d783a783df67ed41e0598,6,10,64518624,61.529754638671875
M06,d88bbf5684ca45ee08a3a8dc7126625a79bcb2823c9d783a783df67ed41e0598,7,3,63275936,60.344635009765625
M06,d88bbf5684ca45ee08a3a8dc7126625a79bcb2823c9d783a783df67ed41e0598,7,6,57987520,55.30120849609375
M06,d88bbf5684ca45ee08a3a8dc7126625a79bcb2823c9d783a783df67ed41e0598,7,11,69239072,66.03152465820312
M06,d88bbf5684ca45ee08a3a8dc7126625a79bcb2823c9d783a783df67ed41e0598,8,4,65754432,62.70831298828125
M06,d88bbf5684ca45ee08a3a8dc7126625a79bcb2823c9d783a783df67ed41e0598,8,9,56432320,53.81805419921875
M06,d88bbf5684ca45ee08a3a8dc7126625a79bcb2823c9d783a783df67ed41e0598,8,12,59685440,56.92047119140625
M06,d88bbf5684ca45ee08a3a8dc7126625a79bcb2823c9d783a783df67ed41e0598,9,5,65051648,62.0380859375
M06,d88bbf5684ca45ee08a3a8dc7126625a79bcb2823c9d783a783df67ed41e0598,9,8,70452416,67.18865966796875
M06,d88bbf5684ca45ee08a3a8dc7126625a79bcb2823c9d783a783df67ed41e0598,9,10,89994368,85.8253173828125
M06,d88bbf5684ca45ee08a3a8dc7126625a79bcb2823c9d783a783df67ed41e0598,9,13,59905888,57.130706787109375
M06,d88bbf5684ca45ee08a3a8dc7126625a79bcb2823c9d783a783df67ed41e0598,10,6,63929536,60.96795654296875
M06,d88bbf5684ca45ee08a3a8dc7126625a79bcb2823c9d783a783df67ed41e0598,10,9,89336960,85.1983642578125
M06,d88bbf5684ca45ee08a3a8dc7126625a79bcb2823c9d783a783df67ed41e0598,10,11,68713536,65.53033447265625
M06,d88bbf5684ca45ee08a3a8dc7126625a79bcb2823c9d783a783df67ed41e0598,10,14,62111296,59.23394775390625
M06,d88bbf5684ca45ee08a3a8dc7126625a79bcb2823c9d783a783df67ed41e0598,11,7,64383488,61.40087890625
M06,d88bbf5684ca45ee08a3a8dc7126625a79bcb2823c9d783a783df67ed41e0598,11,10,59789376,57.01959228515625
M06,d88bbf5684ca45ee08a3a8dc7126625a79bcb2823c9d783a783df67ed41e0598,11,15,65002848,61.991546630859375
M06,d88bbf5684ca45ee08a3a8dc7126625a79bcb2823c9d783a783df67ed41e0598,12,8,64700992,61.70367431640625
M06,d88bbf5684ca45ee08a3a8dc7126625a79bcb2823c9d783a783df67ed41e0598,12,13,54340608,51.8232421875
M06,d88bbf5684ca45ee08a3a8dc7126625a79bcb2823c9d783a783df67ed41e0598,13,9,64007456,61.042266845703125
M06,d88bbf5684ca45ee08a3a8dc7126625a79bcb2823c9d783a783df67ed41e0598,13,12,80961600,77.21099853515625
M06,d88bbf5684ca45ee08a3a8dc7126625a79bcb2823c9d783a783df67ed41e0598,13,14,87220224,83.1796875
M06,d88bbf5684ca45ee08a3a8dc7126625a79bcb2823c9d783a783df67ed41e0598,14,10,62986688,60.06878662109375
M06,d88bbf5684ca45ee08a3a8dc7126625a79bcb2823c9d783a783df67ed41e0598,14,13,101253760,96.5631103515625
M06,d88bbf5684ca45ee08a3a8dc7126625a79bcb2823c9d783a783df67ed41e0598,14,15,68669120,65.48797607421875
M06,d88bbf5684ca45ee08a3a8dc7126625a79bcb2823c9d783a783df67ed41e0598,15,11,63190304,60.262969970703125
M06,d88bbf5684ca45ee08a3a8dc7126625a79bcb2823c9d783a783df67ed41e0598,15,14,60097280,57.313232421875
M07,64c5d4b7e8030b13e42c91055482e52afcbf4d7d484a73db9879a5a748b5e7d9,0,1,65608896,62.56951904296875
M07,64c5d4b7e8030b13e42c91055482e52afcbf4d7d484a73db9879a5a748b5e7d9,0,4,64394432,61.41131591796875
M07,64c5d4b7e8030b13e42c91055482e52afcbf4d7d484a73db9879a5a748b5e7d9,1,0,78666688,75.02239990234375
M07,64c5d4b7e8030b13e42c91055482e52afcbf4d7d484a73db9879a5a748b5e7d9,1,2,101015808,96.336181640625
M07,64c5d4b7e8030b13e42c91055482e52afcbf4d7d484a73db9879a5a748b5e7d9,1,5,63847648,60.889862060546875
M07,64c5d4b7e8030b13e42c91055482e52afcbf4d7d484a73db9879a5a748b5e7d9,2,1,97114880,92.615966796875
M07,64c5d4b7e8030b13e42c91055482e52afcbf4d7d484a73db9879a5a748b5e7d9,2,3,80323136,76.60211181640625
M07,64c5d4b7e8030b13e42c91055482e52afcbf4d7d484a73db9879a5a748b5e7d9,2,6,62525376,59.62884521484375
M07,64c5d4b7e8030b13e42c91055482e52afcbf4d7d484a73db9879a5a748b5e7d9,3,2,63163712,60.23760986328125
M07,64c5d4b7e8030b13e42c91055482e52afcbf4d7d484a73db9879a5a748b5e7d9,3,7,63620576,60.673309326171875
M07,64c5d4b7e8030b13e42c91055482e52afcbf4d7d484a73db9879a5a748b5e7d9,4,0,64667712,61.67193603515625
M07,64c5d4b7e8030b13e42c91055482e52afcbf4d7d484a73db9879a5a748b5e7d9,4,5,59668800,56.90460205078125
M07,64c5d4b7e8030b13e42c91055482e52afcbf4d7d484a73db9879a5a748b5e7d9,4,8,64865504,61.860565185546875
M07,64c5d4b7e8030b13e42c91055482e52afcbf4d7d484a73db9879a5a748b5e7d9,5,1,63965728,61.002471923828125
M07,64c5d4b7e8030b13e42c91055482e52afcbf4d7d484a73db9879a5a748b5e7d9,5,4,66365888,63.29144287109375
M07,64c5d4b7e8030b13e42c91055482e52afcbf4d7d484a73db9879a5a748b5e7d9,5,6,95123072,90.7164306640625
M07,64c5d4b7e8030b13e42c91055482e52afcbf4d7d484a73db9879a5a748b5e7d9,5,9,64319520,61.339874267578125
M07,64c5d4b7e8030b13e42c91055482e52afcbf4d7d484a73db9879a5a748b5e7d9,6,2,63015104,60.09588623046875
M07,64c5d4b7e8030b13e42c91055482e52afcbf4d7d484a73db9879a5a748b5e7d9,6,5,85332096,81.3790283203125
M07,64c5d4b7e8030b13e42c91055482e52afcbf4d7d484a73db9879a5a748b5e7d9,6,7,78498752,74.86224365234375
M07,64c5d4b7e8030b13e42c91055482e52afcbf4d7d484a73db9879a5a748b5e7d9,6,10,64419040,61.434783935546875
M07,64c5d4b7e8030b13e42c91055482e52afcbf4d7d484a73db9879a5a748b5e7d9,7,3,63426336,60.488067626953125
M07,64c5d4b7e8030b13e42c91055482e52afcbf4d7d484a73db9879a5a748b5e7d9,7,6,57070528,54.42669677734375
M07,64c5d4b7e8030b13e42c91055482e52afcbf4d7d484a73db9879a5a748b5e7d9,7,11,69139488,65.93655395507812
M07,64c5d4b7e8030b13e42c91055482e52afcbf4d7d484a73db9879a5a748b5e7d9,8,4,65854528,62.80377197265625
M07,64c5d4b7e8030b13e42c91055482e52afcbf4d7d484a73db9879a5a748b5e7d9,8,9,55514304,52.94256591796875
M07,64c5d4b7e8030b13e42c91055482e52afcbf4d7d484a73db9879a5a748b5e7d9,8,12,59534784,56.77679443359375
M07,64c5d4b7e8030b13e42c91055482e52afcbf4d7d484a73db9879a5a748b5e7d9,9,5,65151744,62.133544921875
M07,64c5d4b7e8030b13e42c91055482e52afcbf4d7d484a73db9879a5a748b5e7d9,9,8,68389312,65.22113037109375
M07,64c5d4b7e8030b13e42c91055482e52afcbf4d7d484a73db9879a5a748b5e7d9,9,10,86782592,82.7623291015625
M07,64c5d4b7e8030b13e42c91055482e52afcbf4d7d484a73db9879a5a748b5e7d9,9,13,59769568,57.000701904296875
M07,64c5d4b7e8030b13e42c91055482e52afcbf4d7d484a73db9879a5a748b5e7d9,10,6,64029632,61.06341552734375
M07,64c5d4b7e8030b13e42c91055482e52afcbf4d7d484a73db9879a5a748b5e7d9,10,9,86127232,82.1373291015625
M07,64c5d4b7e8030b13e42c91055482e52afcbf4d7d484a73db9879a5a748b5e7d9,10,11,66305344,63.23370361328125
M07,64c5d4b7e8030b13e42c91055482e52afcbf4d7d484a73db9879a5a748b5e7d9,10,14,61946816,59.07708740234375
M07,64c5d4b7e8030b13e42c91055482e52afcbf4d7d484a73db9879a5a748b5e7d9,11,7,64483584,61.496337890625
M07,64c5d4b7e8030b13e42c91055482e52afcbf4d7d484a73db9879a5a748b5e7d9,11,10,58987072,56.25445556640625
M07,64c5d4b7e8030b13e42c91055482e52afcbf4d7d484a73db9879a5a748b5e7d9,11,15,64852704,61.848358154296875
M07,64c5d4b7e8030b13e42c91055482e52afcbf4d7d484a73db9879a5a748b5e7d9,12,8,64750784,61.75115966796875
M07,64c5d4b7e8030b13e42c91055482e52afcbf4d7d484a73db9879a5a748b5e7d9,12,13,53537280,51.05712890625
M07,64c5d4b7e8030b13e42c91055482e52afcbf4d7d484a73db9879a5a748b5e7d9,13,9,64057248,61.089752197265625
M07,64c5d4b7e8030b13e42c91055482e52afcbf4d7d484a73db9879a5a748b5e7d9,13,12,78554432,74.91534423828125
M07,64c5d4b7e8030b13e42c91055482e52afcbf4d7d484a73db9879a5a748b5e7d9,13,14,84008448,80.11669921875
M07,64c5d4b7e8030b13e42c91055482e52afcbf4d7d484a73db9879a5a748b5e7d9,14,10,63036480,60.11627197265625
M07,64c5d4b7e8030b13e42c91055482e52afcbf4d7d484a73db9879a5a748b5e7d9,14,13,98044032,93.5020751953125
M07,64c5d4b7e8030b13e42c91055482e52afcbf4d7d484a73db9879a5a748b5e7d9,14,15,66604992,63.51947021484375
M07,64c5d4b7e8030b13e42c91055482e52afcbf4d7d484a73db9879a5a748b5e7d9,15,11,63240096,60.310455322265625
M07,64c5d4b7e8030b13e42c91055482e52afcbf4d7d484a73db9879a5a748b5e7d9,15,14,59180288,56.438720703125
M08,6c67714b9fd84e53a4028aa7244dea7830fbfb9cde395b9003f7c5cfdcd5ca53,0,1,66411456,63.33489990234375
M08,6c67714b9fd84e53a4028aa7244dea7830fbfb9cde395b9003f7c5cfdcd5ca53,0,4,64369344,61.38739013671875
M08,6c67714b9fd84e53a4028aa7244dea7830fbfb9cde395b9003f7c5cfdcd5ca53,1,0,81139136,77.38031005859375
M08,6c67714b9fd84e53a4028aa7244dea7830fbfb9cde395b9003f7c5cfdcd5ca53,1,2,104226048,99.397705078125
M08,6c67714b9fd84e53a4028aa7244dea7830fbfb9cde395b9003f7c5cfdcd5ca53,1,5,63822560,60.865936279296875
M08,6c67714b9fd84e53a4028aa7244dea7830fbfb9cde395b9003f7c5cfdcd5ca53,2,1,100369152,95.719482421875
M08,6c67714b9fd84e53a4028aa7244dea7830fbfb9cde395b9003f7c5cfdcd5ca53,2,3,82730560,78.89801025390625
M08,6c67714b9fd84e53a4028aa7244dea7830fbfb9cde395b9003f7c5cfdcd5ca53,2,6,62500288,59.60491943359375
M08,6c67714b9fd84e53a4028aa7244dea7830fbfb9cde395b9003f7c5cfdcd5ca53,3,2,63988288,61.02398681640625
M08,6c67714b9fd84e53a4028aa7244dea7830fbfb9cde395b9003f7c5cfdcd5ca53,3,7,63595488,60.649383544921875
M08,6c67714b9fd84e53a4028aa7244dea7830fbfb9cde395b9003f7c5cfdcd5ca53,4,0,64757312,61.75738525390625
M08,6c67714b9fd84e53a4028aa7244dea7830fbfb9cde395b9003f7c5cfdcd5ca53,4,5,60449856,57.64947509765625
M08,6c67714b9fd84e53a4028aa7244dea7830fbfb9cde395b9003f7c5cfdcd5ca53,4,8,64815456,61.812835693359375
M08,6c67714b9fd84e53a4028aa7244dea7830fbfb9cde395b9003f7c5cfdcd5ca53,5,1,64051744,61.084503173828125
M08,6c67714b9fd84e53a4028aa7244dea7830fbfb9cde395b9003f7c5cfdcd5ca53,5,4,68773824,65.58782958984375
M08,6c67714b9fd84e53a4028aa7244dea7830fbfb9cde395b9003f7c5cfdcd5ca53,5,6,98290304,93.7369384765625
M08,6c67714b9fd84e53a4028aa7244dea7830fbfb9cde395b9003f7c5cfdcd5ca53,5,9,64269472,61.292144775390625
M08,6c67714b9fd84e53a4028aa7244dea7830fbfb9cde395b9003f7c5cfdcd5ca53,6,2,63104704,60.18133544921875
M08,6c67714b9fd84e53a4028aa7244dea7830fbfb9cde395b9003f7c5cfdcd5ca53,6,5,88543360,84.4415283203125
M08,6c67714b9fd84e53a4028aa7244dea7830fbfb9cde395b9003f7c5cfdcd5ca53,6,7,80841664,77.09661865234375
M08,6c67714b9fd84e53a4028aa7244dea7830fbfb9cde395b9003f7c5cfdcd5ca53,6,10,64368736,61.386810302734375
M08,6c67714b9fd84e53a4028aa7244dea7830fbfb9cde395b9003f7c5cfdcd5ca53,7,3,63508768,60.566680908203125
M08,6c67714b9fd84e53a4028aa7244dea7830fbfb9cde395b9003f7c5cfdcd5ca53,7,6,57873600,55.19256591796875
M08,6c67714b9fd84e53a4028aa7244dea7830fbfb9cde395b9003f7c5cfdcd5ca53,7,11,69089184,65.88858032226562
M08,6c67714b9fd84e53a4028aa7244dea7830fbfb9cde395b9003f7c5cfdcd5ca53,8,4,65904832,62.85174560546875
M08,6c67714b9fd84e53a4028aa7244dea7830fbfb9cde395b9003f7c5cfdcd5ca53,8,9,56316864,53.70794677734375
M08,6c67714b9fd84e53a4028aa7244dea7830fbfb9cde395b9003f7c5cfdcd5ca53,8,12,59448768,56.69476318359375
M08,6c67714b9fd84e53a4028aa7244dea7830fbfb9cde395b9003f7c5cfdcd5ca53,9,5,65205632,62.1849365234375
M08,6c67714b9fd84e53a4028aa7244dea7830fbfb9cde395b9003f7c5cfdcd5ca53,9,8,70861760,67.57904052734375
M08,6c67714b9fd84e53a4028aa7244dea7830fbfb9cde395b9003f7c5cfdcd5ca53,9,10,89992832,85.8238525390625
M08,6c67714b9fd84e53a4028aa7244dea7830fbfb9cde395b9003f7c5cfdcd5ca53,9,13,59683552,56.918670654296875
M08,6c67714b9fd84e53a4028aa7244dea7830fbfb9cde395b9003f7c5cfdcd5ca53,10,6,64083520,61.11480712890625
M08,6c67714b9fd84e53a4028aa7244dea7830fbfb9cde395b9003f7c5cfdcd5ca53,10,9,89381504,85.2408447265625
M08,6c67714b9fd84e53a4028aa7244dea7830fbfb9cde395b9003f7c5cfdcd5ca53,10,11,68712768,65.52960205078125
M08,6c67714b9fd84e53a4028aa7244dea7830fbfb9cde395b9003f7c5cfdcd5ca53,10,14,61861056,58.99530029296875
M08,6c67714b9fd84e53a4028aa7244dea7830fbfb9cde395b9003f7c5cfdcd5ca53,11,7,64530304,61.5408935546875
M08,6c67714b9fd84e53a4028aa7244dea7830fbfb9cde395b9003f7c5cfdcd5ca53,11,10,59811648,57.04083251953125
M08,6c67714b9fd84e53a4028aa7244dea7830fbfb9cde395b9003f7c5cfdcd5ca53,11,15,64766944,61.766571044921875
M08,6c67714b9fd84e53a4028aa7244dea7830fbfb9cde395b9003f7c5cfdcd5ca53,12,8,64775872,61.77508544921875
M08,6c67714b9fd84e53a4028aa7244dea7830fbfb9cde395b9003f7c5cfdcd5ca53,12,13,54318336,51.802001953125
M08,6c67714b9fd84e53a4028aa7244dea7830fbfb9cde395b9003f7c5cfdcd5ca53,13,9,64082336,61.113677978515625
M08,6c67714b9fd84e53a4028aa7244dea7830fbfb9cde395b9003f7c5cfdcd5ca53,13,12,80962368,77.21173095703125
M08,6c67714b9fd84e53a4028aa7244dea7830fbfb9cde395b9003f7c5cfdcd5ca53,13,14,87175680,83.13720703125
M08,6c67714b9fd84e53a4028aa7244dea7830fbfb9cde395b9003f7c5cfdcd5ca53,14,10,63065152,60.14361572265625
M08,6c67714b9fd84e53a4028aa7244dea7830fbfb9cde395b9003f7c5cfdcd5ca53,14,13,101255296,96.5645751953125
M08,6c67714b9fd84e53a4028aa7244dea7830fbfb9cde395b9003f7c5cfdcd5ca53,14,15,68947904,65.75384521484375
M08,6c67714b9fd84e53a4028aa7244dea7830fbfb9cde395b9003f7c5cfdcd5ca53,15,11,63261600,60.330963134765625
M08,6c67714b9fd84e53a4028aa7244dea7830fbfb9cde395b9003f7c5cfdcd5ca53,15,14,59983360,57.20458984375
M09,e2a2ecedc35dd919fa51f9d2672440d4924c956918c4c6bac4ffbc9e50f3c2e8,0,1,66411712,63.33514404296875
M09,e2a2ecedc35dd919fa51f9d2672440d4924c956918c4c6bac4ffbc9e50f3c2e8,0,4,64394432,61.41131591796875
M09,e2a2ecedc35dd919fa51f9d2672440d4924c956918c4c6bac4ffbc9e50f3c2e8,1,0,81074112,77.31829833984375
M09,e2a2ecedc35dd919fa51f9d2672440d4924c956918c4c6bac4ffbc9e50f3c2e8,1,2,104227072,99.398681640625
M09,e2a2ecedc35dd919fa51f9d2672440d4924c956918c4c6bac4ffbc9e50f3c2e8,1,5,63847648,60.889862060546875
M09,e2a2ecedc35dd919fa51f9d2672440d4924c956918c4c6bac4ffbc9e50f3c2e8,2,1,100325120,95.677490234375
M09,e2a2ecedc35dd919fa51f9d2672440d4924c956918c4c6bac4ffbc9e50f3c2e8,2,3,82731072,78.89849853515625
M09,e2a2ecedc35dd919fa51f9d2672440d4924c956918c4c6bac4ffbc9e50f3c2e8,2,6,62525376,59.62884521484375
M09,e2a2ecedc35dd919fa51f9d2672440d4924c956918c4c6bac4ffbc9e50f3c2e8,3,2,63966528,61.00323486328125
M09,e2a2ecedc35dd919fa51f9d2672440d4924c956918c4c6bac4ffbc9e50f3c2e8,3,7,63620576,60.673309326171875
M09,e2a2ecedc35dd919fa51f9d2672440d4924c956918c4c6bac4ffbc9e50f3c2e8,4,0,64667712,61.67193603515625
M09,e2a2ecedc35dd919fa51f9d2672440d4924c956918c4c6bac4ffbc9e50f3c2e8,4,5,60471616,57.67022705078125
M09,e2a2ecedc35dd919fa51f9d2672440d4924c956918c4c6bac4ffbc9e50f3c2e8,4,8,64865504,61.860565185546875
M09,e2a2ecedc35dd919fa51f9d2672440d4924c956918c4c6bac4ffbc9e50f3c2e8,5,1,63965728,61.002471923828125
M09,e2a2ecedc35dd919fa51f9d2672440d4924c956918c4c6bac4ffbc9e50f3c2e8,5,4,68773312,65.58734130859375
M09,e2a2ecedc35dd919fa51f9d2672440d4924c956918c4c6bac4ffbc9e50f3c2e8,5,6,98334336,93.7789306640625
M09,e2a2ecedc35dd919fa51f9d2672440d4924c956918c4c6bac4ffbc9e50f3c2e8,5,9,64319520,61.339874267578125
M09,e2a2ecedc35dd919fa51f9d2672440d4924c956918c4c6bac4ffbc9e50f3c2e8,6,2,63015104,60.09588623046875
M09,e2a2ecedc35dd919fa51f9d2672440d4924c956918c4c6bac4ffbc9e50f3c2e8,6,5,88542336,84.4405517578125
M09,e2a2ecedc35dd919fa51f9d2672440d4924c956918c4c6bac4ffbc9e50f3c2e8,6,7,80906688,77.15863037109375
M09,e2a2ecedc35dd919fa51f9d2672440d4924c956918c4c6bac4ffbc9e50f3c2e8,6,10,64419040,61.434783935546875
M09,e2a2ecedc35dd919fa51f9d2672440d4924c956918c4c6bac4ffbc9e50f3c2e8,7,3,63426336,60.488067626953125
M09,e2a2ecedc35dd919fa51f9d2672440d4924c956918c4c6bac4ffbc9e50f3c2e8,7,6,57873344,55.19232177734375
M09,e2a2ecedc35dd919fa51f9d2672440d4924c956918c4c6bac4ffbc9e50f3c2e8,7,11,69139488,65.93655395507812
M09,e2a2ecedc35dd919fa51f9d2672440d4924c956918c4c6bac4ffbc9e50f3c2e8,8,4,65854528,62.80377197265625
M09,e2a2ecedc35dd919fa51f9d2672440d4924c956918c4c6bac4ffbc9e50f3c2e8,8,9,56317120,53.70819091796875
M09,e2a2ecedc35dd919fa51f9d2672440d4924c956918c4c6bac4ffbc9e50f3c2e8,8,12,59534784,56.77679443359375
M09,e2a2ecedc35dd919fa51f9d2672440d4924c956918c4c6bac4ffbc9e50f3c2e8,9,5,65151744,62.133544921875
M09,e2a2ecedc35dd919fa51f9d2672440d4924c956918c4c6bac4ffbc9e50f3c2e8,9,8,70796736,67.51702880859375
M09,e2a2ecedc35dd919fa51f9d2672440d4924c956918c4c6bac4ffbc9e50f3c2e8,9,10,89993856,85.8248291015625
M09,e2a2ecedc35dd919fa51f9d2672440d4924c956918c4c6bac4ffbc9e50f3c2e8,9,13,59769568,57.000701904296875
M09,e2a2ecedc35dd919fa51f9d2672440d4924c956918c4c6bac4ffbc9e50f3c2e8,10,6,64029632,61.06341552734375
M09,e2a2ecedc35dd919fa51f9d2672440d4924c956918c4c6bac4ffbc9e50f3c2e8,10,9,89337472,85.1988525390625
M09,e2a2ecedc35dd919fa51f9d2672440d4924c956918c4c6bac4ffbc9e50f3c2e8,10,11,68713280,65.53009033203125
M09,e2a2ecedc35dd919fa51f9d2672440d4924c956918c4c6bac4ffbc9e50f3c2e8,10,14,61946816,59.07708740234375
M09,e2a2ecedc35dd919fa51f9d2672440d4924c956918c4c6bac4ffbc9e50f3c2e8,11,7,64483584,61.496337890625
M09,e2a2ecedc35dd919fa51f9d2672440d4924c956918c4c6bac4ffbc9e50f3c2e8,11,10,59789888,57.02008056640625
M09,e2a2ecedc35dd919fa51f9d2672440d4924c956918c4c6bac4ffbc9e50f3c2e8,11,15,64852704,61.848358154296875
M09,e2a2ecedc35dd919fa51f9d2672440d4924c956918c4c6bac4ffbc9e50f3c2e8,12,8,64750784,61.75115966796875
M09,e2a2ecedc35dd919fa51f9d2672440d4924c956918c4c6bac4ffbc9e50f3c2e8,12,13,54340096,51.82275390625
M09,e2a2ecedc35dd919fa51f9d2672440d4924c956918c4c6bac4ffbc9e50f3c2e8,13,9,64057248,61.089752197265625
M09,e2a2ecedc35dd919fa51f9d2672440d4924c956918c4c6bac4ffbc9e50f3c2e8,13,12,80961856,77.21124267578125
M09,e2a2ecedc35dd919fa51f9d2672440d4924c956918c4c6bac4ffbc9e50f3c2e8,13,14,87219712,83.17919921875
M09,e2a2ecedc35dd919fa51f9d2672440d4924c956918c4c6bac4ffbc9e50f3c2e8,14,10,63036480,60.11627197265625
M09,e2a2ecedc35dd919fa51f9d2672440d4924c956918c4c6bac4ffbc9e50f3c2e8,14,13,101254272,96.5635986328125
M09,e2a2ecedc35dd919fa51f9d2672440d4924c956918c4c6bac4ffbc9e50f3c2e8,14,15,69012928,65.81585693359375
M09,e2a2ecedc35dd919fa51f9d2672440d4924c956918c4c6bac4ffbc9e50f3c2e8,15,11,63240096,60.310455322265625
M09,e2a2ecedc35dd919fa51f9d2672440d4924c956918c4c6bac4ffbc9e50f3c2e8,15,14,59983104,57.204345703125
M10,d2b22548d127d331e83e5176943206c29cdfeb6cfdaaaeea2b5bf9923f3a6f75,0,1,64404672,61.42108154296875
M10,d2b22548d127d331e83e5176943206c29cdfeb6cfdaaaeea2b5bf9923f3a6f75,0,4,64394432,61.41131591796875
M10,d2b22548d127d331e83e5176943206c29cdfeb6cfdaaaeea2b5bf9923f3a6f75,1,0,77464512,73.87591552734375
M10,d2b22548d127d331e83e5176943206c29cdfeb6cfdaaaeea2b5bf9923f3a6f75,1,2,99410176,94.804931640625
M10,d2b22548d127d331e83e5176943206c29cdfeb6cfdaaaeea2b5bf9923f3a6f75,1,5,63847648,60.889862060546875
M10,d2b22548d127d331e83e5176943206c29cdfeb6cfdaaaeea2b5bf9923f3a6f75,2,1,95511296,91.086669921875
M10,d2b22548d127d331e83e5176943206c29cdfeb6cfdaaaeea2b5bf9923f3a6f75,2,3,79119936,75.45465087890625
M10,d2b22548d127d331e83e5176943206c29cdfeb6cfdaaaeea2b5bf9923f3a6f75,2,6,62525888,59.62933349609375
M10,d2b22548d127d331e83e5176943206c29cdfeb6cfdaaaeea2b5bf9923f3a6f75,3,2,61960512,59.09014892578125
M10,d2b22548d127d331e83e5176943206c29cdfeb6cfdaaaeea2b5bf9923f3a6f75,3,7,63621088,60.673797607421875
M10,d2b22548d127d331e83e5176943206c29cdfeb6cfdaaaeea2b5bf9923f3a6f75,4,0,63864896,60.90631103515625
M10,d2b22548d127d331e83e5176943206c29cdfeb6cfdaaaeea2b5bf9923f3a6f75,4,5,58464576,55.75616455078125
M10,d2b22548d127d331e83e5176943206c29cdfeb6cfdaaaeea2b5bf9923f3a6f75,4,8,64865504,61.860565185546875
M10,d2b22548d127d331e83e5176943206c29cdfeb6cfdaaaeea2b5bf9923f3a6f75,5,1,63162912,60.236846923828125
M10,d2b22548d127d331e83e5176943206c29cdfeb6cfdaaaeea2b5bf9923f3a6f75,5,4,65163712,62.14495849609375
M10,d2b22548d127d331e83e5176943206c29cdfeb6cfdaaaeea2b5bf9923f3a6f75,5,6,93517440,89.1851806640625
M10,d2b22548d127d331e83e5176943206c29cdfeb6cfdaaaeea2b5bf9923f3a6f75,5,9,64319520,61.339874267578125
M10,d2b22548d127d331e83e5176943206c29cdfeb6cfdaaaeea2b5bf9923f3a6f75,6,2,62212288,59.33026123046875
M10,d2b22548d127d331e83e5176943206c29cdfeb6cfdaaaeea2b5bf9923f3a6f75,6,5,83728512,79.8497314453125
M10,d2b22548d127d331e83e5176943206c29cdfeb6cfdaaaeea2b5bf9923f3a6f75,6,7,77295552,73.71478271484375
M10,d2b22548d127d331e83e5176943206c29cdfeb6cfdaaaeea2b5bf9923f3a6f75,6,10,64419040,61.434783935546875
M10,d2b22548d127d331e83e5176943206c29cdfeb6cfdaaaeea2b5bf9923f3a6f75,7,3,62623520,59.722442626953125
M10,d2b22548d127d331e83e5176943206c29cdfeb6cfdaaaeea2b5bf9923f3a6f75,7,6,55867328,53.27923583984375
M10,d2b22548d127d331e83e5176943206c29cdfeb6cfdaaaeea2b5bf9923f3a6f75,7,11,69139488,65.93655395507812
M10,d2b22548d127d331e83e5176943206c29cdfeb6cfdaaaeea2b5bf9923f3a6f75,8,4,65854528,62.80377197265625
M10,d2b22548d127d331e83e5176943206c29cdfeb6cfdaaaeea2b5bf9923f3a6f75,8,9,54310080,51.79412841796875
M10,d2b22548d127d331e83e5176943206c29cdfeb6cfdaaaeea2b5bf9923f3a6f75,8,12,58731968,56.01116943359375
M10,d2b22548d127d331e83e5176943206c29cdfeb6cfdaaaeea2b5bf9923f3a6f75,9,5,65151744,62.133544921875
M10,d2b22548d127d331e83e5176943206c29cdfeb6cfdaaaeea2b5bf9923f3a6f75,9,8,67187136,64.07464599609375
M10,d2b22548d127d331e83e5176943206c29cdfeb6cfdaaaeea2b5bf9923f3a6f75,9,10,85176960,81.2310791015625
M10,d2b22548d127d331e83e5176943206c29cdfeb6cfdaaaeea2b5bf9923f3a6f75,9,13,58966752,56.235076904296875
M10,d2b22548d127d331e83e5176943206c29cdfeb6cfdaaaeea2b5bf9923f3a6f75,10,6,64029632,61.06341552734375
M10,d2b22548d127d331e83e5176943206c29cdfeb6cfdaaaeea2b5bf9923f3a6f75,10,9,84523648,80.6080322265625
M10,d2b22548d127d331e83e5176943206c29cdfeb6cfdaaaeea2b5bf9923f3a6f75,10,11,65102144,62.08624267578125
M10,d2b22548d127d331e83e5176943206c29cdfeb6cfdaaaeea2b5bf9923f3a6f75,10,14,61144512,58.31195068359375
M10,d2b22548d127d331e83e5176943206c29cdfeb6cfdaaaeea2b5bf9923f3a6f75,11,7,64483584,61.496337890625
M10,d2b22548d127d331e83e5176943206c29cdfeb6cfdaaaeea2b5bf9923f3a6f75,11,10,57783872,55.10699462890625
M10,d2b22548d127d331e83e5176943206c29cdfeb6cfdaaaeea2b5bf9923f3a6f75,11,15,64050400,61.083221435546875
M10,d2b22548d127d331e83e5176943206c29cdfeb6cfdaaaeea2b5bf9923f3a6f75,12,8,64750784,61.75115966796875
M10,d2b22548d127d331e83e5176943206c29cdfeb6cfdaaaeea2b5bf9923f3a6f75,12,13,52333056,49.90869140625
M10,d2b22548d127d331e83e5176943206c29cdfeb6cfdaaaeea2b5bf9923f3a6f75,13,9,64057248,61.089752197265625
M10,d2b22548d127d331e83e5176943206c29cdfeb6cfdaaaeea2b5bf9923f3a6f75,13,12,77352256,73.76885986328125
M10,d2b22548d127d331e83e5176943206c29cdfeb6cfdaaaeea2b5bf9923f3a6f75,13,14,82402816,78.58544921875
M10,d2b22548d127d331e83e5176943206c29cdfeb6cfdaaaeea2b5bf9923f3a6f75,14,10,63036480,60.11627197265625
M10,d2b22548d127d331e83e5176943206c29cdfeb6cfdaaaeea2b5bf9923f3a6f75,14,13,96440448,91.9727783203125
M10,d2b22548d127d331e83e5176943206c29cdfeb6cfdaaaeea2b5bf9923f3a6f75,14,15,65401792,62.37200927734375
M10,d2b22548d127d331e83e5176943206c29cdfeb6cfdaaaeea2b5bf9923f3a6f75,15,11,63240096,60.310455322265625
M10,d2b22548d127d331e83e5176943206c29cdfeb6cfdaaaeea2b5bf9923f3a6f75,15,14,57977088,55.291259765625
M11,ae290c6d53d186f9dfe362a6314ffc9302709577658e2d0186cb76c566185b02,0,1,66412224,63.33563232421875
M11,ae290c6d53d186f9dfe362a6314ffc9302709577658e2d0186cb76c566185b02,0,4,64444992,61.45953369140625
M11,ae290c6d53d186f9dfe362a6314ffc9302709577658e2d0186cb76c566185b02,1,0,81073856,77.31805419921875
M11,ae290c6d53d186f9dfe362a6314ffc9302709577658e2d0186cb76c566185b02,1,2,104227584,99.399169921875
M11,ae290c6d53d186f9dfe362a6314ffc9302709577658e2d0186cb76c566185b02,1,5,63898208,60.938079833984375
M11,ae290c6d53d186f9dfe362a6314ffc9302709577658e2d0186cb76c566185b02,2,1,100324608,95.677001953125
M11,ae290c6d53d186f9dfe362a6314ffc9302709577658e2d0186cb76c566185b02,2,3,82731328,78.89874267578125
M11,ae290c6d53d186f9dfe362a6314ffc9302709577658e2d0186cb76c566185b02,2,6,62574400,59.67559814453125
M11,ae290c6d53d186f9dfe362a6314ffc9302709577658e2d0186cb76c566185b02,3,2,63966016,61.00274658203125
M11,ae290c6d53d186f9dfe362a6314ffc9302709577658e2d0186cb76c566185b02,3,7,63669600,60.720062255859375
M11,ae290c6d53d186f9dfe362a6314ffc9302709577658e2d0186cb76c566185b02,4,0,64517312,61.52850341796875
M11,ae290c6d53d186f9dfe362a6314ffc9302709577658e2d0186cb76c566185b02,4,5,60472128,57.67071533203125
M11,ae290c6d53d186f9dfe362a6314ffc9302709577658e2d0186cb76c566185b02,4,8,64966112,61.956512451171875
M11,ae290c6d53d186f9dfe362a6314ffc9302709577658e2d0186cb76c566185b02,5,1,63815328,60.859039306640625
M11,ae290c6d53d186f9dfe362a6314ffc9302709577658e2d0186cb76c566185b02,5,4,68773056,65.58709716796875
M11,ae290c6d53d186f9dfe362a6314ffc9302709577658e2d0186cb76c566185b02,5,6,98334848,93.7794189453125
M11,ae290c6d53d186f9dfe362a6314ffc9302709577658e2d0186cb76c566185b02,5,9,64420128,61.435821533203125
M11,ae290c6d53d186f9dfe362a6314ffc9302709577658e2d0186cb76c566185b02,6,2,62864704,59.95245361328125
M11,ae290c6d53d186f9dfe362a6314ffc9302709577658e2d0186cb76c566185b02,6,5,88541824,84.4400634765625
M11,ae290c6d53d186f9dfe362a6314ffc9302709577658e2d0186cb76c566185b02,6,7,80906944,77.15887451171875
M11,ae290c6d53d186f9dfe362a6314ffc9302709577658e2d0186cb76c566185b02,6,10,64518624,61.529754638671875
M11,ae290c6d53d186f9dfe362a6314ffc9302709577658e2d0186cb76c566185b02,7,3,63275936,60.344635009765625
M11,ae290c6d53d186f9dfe362a6314ffc9302709577658e2d0186cb76c566185b02,7,6,57872832,55.19183349609375
M11,ae290c6d53d186f9dfe362a6314ffc9302709577658e2d0186cb76c566185b02,7,11,69239072,66.03152465820312
M11,ae290c6d53d186f9dfe362a6314ffc9302709577658e2d0186cb76c566185b02,8,4,65754432,62.70831298828125
M11,ae290c6d53d186f9dfe362a6314ffc9302709577658e2d0186cb76c566185b02,8,9,56317632,53.70867919921875
M11,ae290c6d53d186f9dfe362a6314ffc9302709577658e2d0186cb76c566185b02,8,12,59685440,56.92047119140625
M11,ae290c6d53d186f9dfe362a6314ffc9302709577658e2d0186cb76c566185b02,9,5,65051648,62.0380859375
M11,ae290c6d53d186f9dfe362a6314ffc9302709577658e2d0186cb76c566185b02,9,8,70796480,67.51678466796875
M11,ae290c6d53d186f9dfe362a6314ffc9302709577658e2d0186cb76c566185b02,9,10,89994368,85.8253173828125
M11,ae290c6d53d186f9dfe362a6314ffc9302709577658e2d0186cb76c566185b02,9,13,59920224,57.144378662109375
M11,ae290c6d53d186f9dfe362a6314ffc9302709577658e2d0186cb76c566185b02,10,6,63929536,60.96795654296875
M11,ae290c6d53d186f9dfe362a6314ffc9302709577658e2d0186cb76c566185b02,10,9,89336960,85.1983642578125
M11,ae290c6d53d186f9dfe362a6314ffc9302709577658e2d0186cb76c566185b02,10,11,68713536,65.53033447265625
M11,ae290c6d53d186f9dfe362a6314ffc9302709577658e2d0186cb76c566185b02,10,14,62096960,59.22027587890625
M11,ae290c6d53d186f9dfe362a6314ffc9302709577658e2d0186cb76c566185b02,11,7,64383488,61.40087890625
M11,ae290c6d53d186f9dfe362a6314ffc9302709577658e2d0186cb76c566185b02,11,10,59789376,57.01959228515625
M11,ae290c6d53d186f9dfe362a6314ffc9302709577658e2d0186cb76c566185b02,11,15,65002848,61.991546630859375
M11,ae290c6d53d186f9dfe362a6314ffc9302709577658e2d0186cb76c566185b02,12,8,64700992,61.70367431640625
M11,ae290c6d53d186f9dfe362a6314ffc9302709577658e2d0186cb76c566185b02,12,13,54340608,51.8232421875
M11,ae290c6d53d186f9dfe362a6314ffc9302709577658e2d0186cb76c566185b02,13,9,64007456,61.042266845703125
M11,ae290c6d53d186f9dfe362a6314ffc9302709577658e2d0186cb76c566185b02,13,12,80961600,77.21099853515625
M11,ae290c6d53d186f9dfe362a6314ffc9302709577658e2d0186cb76c566185b02,13,14,87220224,83.1796875
M11,ae290c6d53d186f9dfe362a6314ffc9302709577658e2d0186cb76c566185b02,14,10,62986688,60.06878662109375
M11,ae290c6d53d186f9dfe362a6314ffc9302709577658e2d0186cb76c566185b02,14,13,101253760,96.5631103515625
M11,ae290c6d53d186f9dfe362a6314ffc9302709577658e2d0186cb76c566185b02,14,15,69013184,65.81610107421875
M11,ae290c6d53d186f9dfe362a6314ffc9302709577658e2d0186cb76c566185b02,15,11,63190304,60.262969970703125
M11,ae290c6d53d186f9dfe362a6314ffc9302709577658e2d0186cb76c566185b02,15,14,59982592,57.203857421875
M12,9bd6fcc23b317fc151547d23e19a32d46091280fa98a11a67aef2df854de236a,0,1,66391488,63.31585693359375
M12,9bd6fcc23b317fc151547d23e19a32d46091280fa98a11a67aef2df854de236a,0,4,64419520,61.43524169921875
M12,9bd6fcc23b317fc151547d23e19a32d46091280fa98a11a67aef2df854de236a,1,0,81202112,77.44036865234375
M12,9bd6fcc23b317fc151547d23e19a32d46091280fa98a11a67aef2df854de236a,1,2,104229120,99.400634765625
M12,9bd6fcc23b317fc151547d23e19a32d46091280fa98a11a67aef2df854de236a,1,5,63872736,60.913787841796875
M12,9bd6fcc23b317fc151547d23e19a32d46091280fa98a11a67aef2df854de236a,2,1,100366080,95.716552734375
M12,9bd6fcc23b317fc151547d23e19a32d46091280fa98a11a67aef2df854de236a,2,3,82732096,78.89947509765625
M12,9bd6fcc23b317fc151547d23e19a32d46091280fa98a11a67aef2df854de236a,2,6,62552512,59.65472412109375
M12,9bd6fcc23b317fc151547d23e19a32d46091280fa98a11a67aef2df854de236a,3,2,63986752,61.02252197265625
M12,9bd6fcc23b317fc151547d23e19a32d46091280fa98a11a67aef2df854de236a,3,7,63647712,60.699188232421875
M12,9bd6fcc23b317fc151547d23e19a32d46091280fa98a11a67aef2df854de236a,4,0,64603968,61.61114501953125
M12,9bd6fcc23b317fc151547d23e19a32d46091280fa98a11a67aef2df854de236a,4,5,60451392,57.65093994140625
M12,9bd6fcc23b317fc151547d23e19a32d46091280fa98a11a67aef2df854de236a,4,8,64919392,61.911956787109375
M12,9bd6fcc23b317fc151547d23e19a32d46091280fa98a11a67aef2df854de236a,5,1,63901984,60.941680908203125
M12,9bd6fcc23b317fc151547d23e19a32d46091280fa98a11a67aef2df854de236a,5,4,68772288,65.58636474609375
M12,9bd6fcc23b317fc151547d23e19a32d46091280fa98a11a67aef2df854de236a,5,6,98336384,93.7808837890625
M12,9bd6fcc23b317fc151547d23e19a32d46091280fa98a11a67aef2df854de236a,5,9,64362656,61.381011962890625
M12,9bd6fcc23b317fc151547d23e19a32d46091280fa98a11a67aef2df854de236a,6,2,62950592,60.03436279296875
M12,9bd6fcc23b317fc151547d23e19a32d46091280fa98a11a67aef2df854de236a,6,5,88497280,84.3975830078125
M12,9bd6fcc23b317fc151547d23e19a32d46091280fa98a11a67aef2df854de236a,6,7,80907712,77.15960693359375
M12,9bd6fcc23b317fc151547d23e19a32d46091280fa98a11a67aef2df854de236a,6,10,64471904,61.485198974609375
M12,9bd6fcc23b317fc151547d23e19a32d46091280fa98a11a67aef2df854de236a,7,3,63361824,60.426544189453125
M12,9bd6fcc23b317fc151547d23e19a32d46091280fa98a11a67aef2df854de236a,7,6,57850560,55.17059326171875
M12,9bd6fcc23b317fc151547d23e19a32d46091280fa98a11a67aef2df854de236a,7,11,69188768,65.98355102539062
M12,9bd6fcc23b317fc151547d23e19a32d46091280fa98a11a67aef2df854de236a,8,4,65805248,62.75677490234375
M12,9bd6fcc23b317fc151547d23e19a32d46091280fa98a11a67aef2df854de236a,8,9,56296896,53.68890380859375
M12,9bd6fcc23b317fc151547d23e19a32d46091280fa98a11a67aef2df854de236a,8,12,59602880,56.84173583984375
M12,9bd6fcc23b317fc151547d23e19a32d46091280fa98a11a67aef2df854de236a,9,5,65102464,62.0865478515625
M12,9bd6fcc23b317fc151547d23e19a32d46091280fa98a11a67aef2df854de236a,9,8,70924736,67.63909912109375
M12,9bd6fcc23b317fc151547d23e19a32d46091280fa98a11a67aef2df854de236a,9,10,89995904,85.8267822265625
M12,9bd6fcc23b317fc151547d23e19a32d46091280fa98a11a67aef2df854de236a,9,13,59823328,57.051971435546875
M12,9bd6fcc23b317fc151547d23e19a32d46091280fa98a11a67aef2df854de236a,10,6,63979584,61.01568603515625
M12,9bd6fcc23b317fc151547d23e19a32d46091280fa98a11a67aef2df854de236a,10,9,89378432,85.2379150390625
M12,9bd6fcc23b317fc151547d23e19a32d46091280fa98a11a67aef2df854de236a,10,11,68714304,65.53106689453125
M12,9bd6fcc23b317fc151547d23e19a32d46091280fa98a11a67aef2df854de236a,10,14,62017984,59.14495849609375
M12,9bd6fcc23b317fc151547d23e19a32d46091280fa98a11a67aef2df854de236a,11,7,64433536,61.4486083984375
M12,9bd6fcc23b317fc151547d23e19a32d46091280fa98a11a67aef2df854de236a,11,10,59810112,57.03936767578125
M12,9bd6fcc23b317fc151547d23e19a32d46091280fa98a11a67aef2df854de236a,11,15,64913120,61.905975341796875
M12,9bd6fcc23b317fc151547d23e19a32d46091280fa98a11a67aef2df854de236a,12,8,64727232,61.72869873046875
M12,9bd6fcc23b317fc151547d23e19a32d46091280fa98a11a67aef2df854de236a,12,13,54319872,51.803466796875
M12,9bd6fcc23b317fc151547d23e19a32d46091280fa98a11a67aef2df854de236a,13,9,64033696,61.067291259765625
M12,9bd6fcc23b317fc151547d23e19a32d46091280fa98a11a67aef2df854de236a,13,12,80960832,77.21026611328125
M12,9bd6fcc23b317fc151547d23e19a32d46091280fa98a11a67aef2df854de236a,13,14,87221760,83.18115234375
M12,9bd6fcc23b317fc151547d23e19a32d46091280fa98a11a67aef2df854de236a,14,10,63011392,60.09234619140625
M12,9bd6fcc23b317fc151547d23e19a32d46091280fa98a11a67aef2df854de236a,14,13,101209216,96.5206298828125
M12,9bd6fcc23b317fc151547d23e19a32d46091280fa98a11a67aef2df854de236a,14,15,69013952,65.81683349609375
M12,9bd6fcc23b317fc151547d23e19a32d46091280fa98a11a67aef2df854de236a,15,11,63215008,60.286529541015625
M12,9bd6fcc23b317fc151547d23e19a32d46091280fa98a11a67aef2df854de236a,15,14,59960320,57.1826171875
M13,34eb0c9b8d11d76f7b4c2608fca95af5f40c329221cf198559be4e7e3e4a617d,0,1,64431168,61.44635009765625
M13,34eb0c9b8d11d76f7b4c2608fca95af5f40c329221cf198559be4e7e3e4a617d,0,4,65969472,62.91339111328125
M13,34eb0c9b8d11d76f7b4c2608fca95af5f40c329221cf198559be4e7e3e4a617d,1,0,77775040,74.17205810546875
M13,34eb0c9b8d11d76f7b4c2608fca95af5f40c329221cf198559be4e7e3e4a617d,1,2,99834624,95.209716796875
M13,34eb0c9b8d11d76f7b4c2608fca95af5f40c329221cf198559be4e7e3e4a617d,1,5,65423840,62.393035888671875
M13,34eb0c9b8d11d76f7b4c2608fca95af5f40c329221cf198559be4e7e3e4a617d,2,1,95948160,91.5032958984375
M13,34eb0c9b8d11d76f7b4c2608fca95af5f40c329221cf198559be4e7e3e4a617d,2,3,79455296,75.77447509765625
M13,34eb0c9b8d11d76f7b4c2608fca95af5f40c329221cf198559be4e7e3e4a617d,2,6,64098880,61.12945556640625
M13,34eb0c9b8d11d76f7b4c2608fca95af5f40c329221cf198559be4e7e3e4a617d,3,2,61995072,59.12310791015625
M13,34eb0c9b8d11d76f7b4c2608fca95af5f40c329221cf198559be4e7e3e4a617d,3,7,65195232,62.175018310546875
M13,34eb0c9b8d11d76f7b4c2608fca95af5f40c329221cf198559be4e7e3e4a617d,4,0,58967552,56.23583984375
M13,34eb0c9b8d11d76f7b4c2608fca95af5f40c329221cf198559be4e7e3e4a617d,4,5,58492608,55.78289794921875
M13,34eb0c9b8d11d76f7b4c2608fca95af5f40c329221cf198559be4e7e3e4a617d,4,8,67618592,64.48611450195312
M13,34eb0c9b8d11d76f7b4c2608fca95af5f40c329221cf198559be4e7e3e4a617d,5,1,58265760,55.566558837890625
M13,34eb0c9b8d11d76f7b4c2608fca95af5f40c329221cf198559be4e7e3e4a617d,5,4,65488576,62.45477294921875
M13,34eb0c9b8d11d76f7b4c2608fca95af5f40c329221cf198559be4e7e3e4a617d,5,6,93945088,89.593017578125
M13,34eb0c9b8d11d76f7b4c2608fca95af5f40c329221cf198559be4e7e3e4a617d,5,9,67073376,63.966156005859375
M13,34eb0c9b8d11d76f7b4c2608fca95af5f40c329221cf198559be4e7e3e4a617d,6,2,57319552,54.6641845703125
M13,34eb0c9b8d11d76f7b4c2608fca95af5f40c329221cf198559be4e7e3e4a617d,6,5,84152192,80.2537841796875
M13,34eb0c9b8d11d76f7b4c2608fca95af5f40c329221cf198559be4e7e3e4a617d,6,7,77606720,74.01153564453125
M13,34eb0c9b8d11d76f7b4c2608fca95af5f40c329221cf198559be4e7e3e4a617d,6,10,67171104,64.05935668945312
M13,34eb0c9b8d11d76f7b4c2608fca95af5f40c329221cf198559be4e7e3e4a617d,7,3,57730976,55.056549072265625
M13,34eb0c9b8d11d76f7b4c2608fca95af5f40c329221cf198559be4e7e3e4a617d,7,6,55893184,53.30389404296875
M13,34eb0c9b8d11d76f7b4c2608fca95af5f40c329221cf198559be4e7e3e4a617d,7,11,71892320,68.56185913085938
M13,34eb0c9b8d11d76f7b4c2608fca95af5f40c329221cf198559be4e7e3e4a617d,8,4,62187584,59.30670166015625
M13,34eb0c9b8d11d76f7b4c2608fca95af5f40c329221cf198559be4e7e3e4a617d,8,9,54329536,51.81268310546875
M13,34eb0c9b8d11d76f7b4c2608fca95af5f40c329221cf198559be4e7e3e4a617d,8,12,63465408,60.52532958984375
M13,34eb0c9b8d11d76f7b4c2608fca95af5f40c329221cf198559be4e7e3e4a617d,9,5,61485376,58.63702392578125
M13,34eb0c9b8d11d76f7b4c2608fca95af5f40c329221cf198559be4e7e3e4a617d,9,8,67507008,64.37969970703125
M13,34eb0c9b8d11d76f7b4c2608fca95af5f40c329221cf198559be4e7e3e4a617d,9,10,85578240,81.61376953125
M13,34eb0c9b8d11d76f7b4c2608fca95af5f40c329221cf198559be4e7e3e4a617d,9,13,63700448,60.749481201171875
M13,34eb0c9b8d11d76f7b4c2608fca95af5f40c329221cf198559be4e7e3e4a617d,10,6,60367296,57.57073974609375
M13,34eb0c9b8d11d76f7b4c2608fca95af5f40c329221cf198559be4e7e3e4a617d,10,9,84976000,81.0394287109375
M13,34eb0c9b8d11d76f7b4c2608fca95af5f40c329221cf198559be4e7e3e4a617d,10,11,65446208,62.41436767578125
M13,34eb0c9b8d11d76f7b4c2608fca95af5f40c329221cf198559be4e7e3e4a617d,10,14,65876928,62.82513427734375
M13,34eb0c9b8d11d76f7b4c2608fca95af5f40c329221cf198559be4e7e3e4a617d,11,7,60821824,58.00421142578125
M13,34eb0c9b8d11d76f7b4c2608fca95af5f40c329221cf198559be4e7e3e4a617d,11,10,57811776,55.13360595703125
M13,34eb0c9b8d11d76f7b4c2608fca95af5f40c329221cf198559be4e7e3e4a617d,11,15,68783072,65.59664916992188
M13,34eb0c9b8d11d76f7b4c2608fca95af5f40c329221cf198559be4e7e3e4a617d,12,8,63117568,60.193603515625
M13,34eb0c9b8d11d76f7b4c2608fca95af5f40c329221cf198559be4e7e3e4a617d,12,13,52358656,49.93310546875
M13,34eb0c9b8d11d76f7b4c2608fca95af5f40c329221cf198559be4e7e3e4a617d,13,9,62425120,59.533233642578125
M13,34eb0c9b8d11d76f7b4c2608fca95af5f40c329221cf198559be4e7e3e4a617d,13,12,77681472,74.08282470703125
M13,34eb0c9b8d11d76f7b4c2608fca95af5f40c329221cf198559be4e7e3e4a617d,13,14,82829312,78.9921875
M13,34eb0c9b8d11d76f7b4c2608fca95af5f40c329221cf198559be4e7e3e4a617d,14,10,61407872,58.5631103515625
M13,34eb0c9b8d11d76f7b4c2608fca95af5f40c329221cf198559be4e7e3e4a617d,14,13,96863360,92.3760986328125
M13,34eb0c9b8d11d76f7b4c2608fca95af5f40c329221cf198559be4e7e3e4a617d,14,15,65697472,62.65399169921875
M13,34eb0c9b8d11d76f7b4c2608fca95af5f40c329221cf198559be4e7e3e4a617d,15,11,61612576,58.758331298828125
M13,34eb0c9b8d11d76f7b4c2608fca95af5f40c329221cf198559be4e7e3e4a617d,15,14,58007424,55.3201904296875
M14,06db2327ec1a004c6f33ec85fb8805409da109c9baddaee080580b542dfbf42a,0,1,66434240,63.35662841796875
M14,06db2327ec1a004c6f33ec85fb8805409da109c9baddaee080580b542dfbf42a,0,4,64788928,61.78753662109375
M14,06db2327ec1a004c6f33ec85fb8805409da109c9baddaee080580b542dfbf42a,1,0,81051584,77.29681396484375
M14,06db2327ec1a004c6f33ec85fb8805409da109c9baddaee080580b542dfbf42a,1,2,104249600,99.420166015625
M14,06db2327ec1a004c6f33ec85fb8805409da109c9baddaee080580b542dfbf42a,1,5,64242144,61.266082763671875
M14,06db2327ec1a004c6f33ec85fb8805409da109c9baddaee080580b542dfbf42a,2,1,100331776,95.683837890625
M14,06db2327ec1a004c6f33ec85fb8805409da109c9baddaee080580b542dfbf42a,2,3,82775104,78.94049072265625
M14,06db2327ec1a004c6f33ec85fb8805409da109c9baddaee080580b542dfbf42a,2,6,62918336,60.00360107421875
M14,06db2327ec1a004c6f33ec85fb8805409da109c9baddaee080580b542dfbf42a,3,2,63966016,61.00274658203125
M14,06db2327ec1a004c6f33ec85fb8805409da109c9baddaee080580b542dfbf42a,3,7,64013536,61.048065185546875
M14,06db2327ec1a004c6f33ec85fb8805409da109c9baddaee080580b542dfbf42a,4,0,63470912,60.53057861328125
M14,06db2327ec1a004c6f33ec85fb8805409da109c9baddaee080580b542dfbf42a,4,5,60464704,57.66363525390625
M14,06db2327ec1a004c6f33ec85fb8805409da109c9baddaee080580b542dfbf42a,4,8,65663136,62.621246337890625
M14,06db2327ec1a004c6f33ec85fb8805409da109c9baddaee080580b542dfbf42a,5,1,62768928,59.861114501953125
M14,06db2327ec1a004c6f33ec85fb8805409da109c9baddaee080580b542dfbf42a,5,4,68784192,65.59771728515625
M14,06db2327ec1a004c6f33ec85fb8805409da109c9baddaee080580b542dfbf42a,5,6,98334848,93.7794189453125
M14,06db2327ec1a004c6f33ec85fb8805409da109c9baddaee080580b542dfbf42a,5,9,65117152,62.100555419921875
M14,06db2327ec1a004c6f33ec85fb8805409da109c9baddaee080580b542dfbf42a,6,2,61818304,58.95452880859375
M14,06db2327ec1a004c6f33ec85fb8805409da109c9baddaee080580b542dfbf42a,6,5,88534400,84.4329833984375
M14,06db2327ec1a004c6f33ec85fb8805409da109c9baddaee080580b542dfbf42a,6,7,80906560,77.15850830078125
M14,06db2327ec1a004c6f33ec85fb8805409da109c9baddaee080580b542dfbf42a,6,10,65215648,62.194488525390625
M14,06db2327ec1a004c6f33ec85fb8805409da109c9baddaee080580b542dfbf42a,7,3,62229536,59.346710205078125
M14,06db2327ec1a004c6f33ec85fb8805409da109c9baddaee080580b542dfbf42a,7,6,57869248,55.18841552734375
M14,06db2327ec1a004c6f33ec85fb8805409da109c9baddaee080580b542dfbf42a,7,11,69936096,66.69625854492188
M14,06db2327ec1a004c6f33ec85fb8805409da109c9baddaee080580b542dfbf42a,8,4,65057408,62.0435791015625
M14,06db2327ec1a004c6f33ec85fb8805409da109c9baddaee080580b542dfbf42a,8,9,56321344,53.71221923828125
M14,06db2327ec1a004c6f33ec85fb8805409da109c9baddaee080580b542dfbf42a,8,12,60731904,57.91845703125
M14,06db2327ec1a004c6f33ec85fb8805409da109c9baddaee080580b542dfbf42a,9,5,64354624,61.37335205078125
M14,06db2327ec1a004c6f33ec85fb8805409da109c9baddaee080580b542dfbf42a,9,8,70796096,67.51641845703125
M14,06db2327ec1a004c6f33ec85fb8805409da109c9baddaee080580b542dfbf42a,9,10,89986944,85.8182373046875
M14,06db2327ec1a004c6f33ec85fb8805409da109c9baddaee080580b542dfbf42a,9,13,60966688,58.142364501953125
M14,06db2327ec1a004c6f33ec85fb8805409da109c9baddaee080580b542dfbf42a,10,6,63232512,60.30322265625
M14,06db2327ec1a004c6f33ec85fb8805409da109c9baddaee080580b542dfbf42a,10,9,89351552,85.2122802734375
M14,06db2327ec1a004c6f33ec85fb8805409da109c9baddaee080580b542dfbf42a,10,11,68735424,65.55120849609375
M14,06db2327ec1a004c6f33ec85fb8805409da109c9baddaee080580b542dfbf42a,10,14,63143424,60.21826171875
M14,06db2327ec1a004c6f33ec85fb8805409da109c9baddaee080580b542dfbf42a,11,7,63686464,60.73614501953125
M14,06db2327ec1a004c6f33ec85fb8805409da109c9baddaee080580b542dfbf42a,11,10,59785664,57.01605224609375
M14,06db2327ec1a004c6f33ec85fb8805409da109c9baddaee080580b542dfbf42a,11,15,66049312,62.989532470703125
M14,06db2327ec1a004c6f33ec85fb8805409da109c9baddaee080580b542dfbf42a,12,8,64356992,61.3756103515625
M14,06db2327ec1a004c6f33ec85fb8805409da109c9baddaee080580b542dfbf42a,12,13,54329728,51.8128662109375
M14,06db2327ec1a004c6f33ec85fb8805409da109c9baddaee080580b542dfbf42a,13,9,63663456,60.714202880859375
M14,06db2327ec1a004c6f33ec85fb8805409da109c9baddaee080580b542dfbf42a,13,12,80950848,77.20074462890625
M14,06db2327ec1a004c6f33ec85fb8805409da109c9baddaee080580b542dfbf42a,13,14,87220736,83.18017578125
M14,06db2327ec1a004c6f33ec85fb8805409da109c9baddaee080580b542dfbf42a,14,10,62642688,59.74072265625
M14,06db2327ec1a004c6f33ec85fb8805409da109c9baddaee080580b542dfbf42a,14,13,101224320,96.5350341796875
M14,06db2327ec1a004c6f33ec85fb8805409da109c9baddaee080580b542dfbf42a,14,15,69013184,65.81610107421875
M14,06db2327ec1a004c6f33ec85fb8805409da109c9baddaee080580b542dfbf42a,15,11,62846304,59.934906005859375
M14,06db2327ec1a004c6f33ec85fb8805409da109c9baddaee080580b542dfbf42a,15,14,59968128,57.1900634765625
M15,01a8b55818eec668c9f723d276ded5c85b7ded9d567cac2784049b3fa12e80c9,0,1,64528960,61.53961181640625
M15,01a8b55818eec668c9f723d276ded5c85b7ded9d567cac2784049b3fa12e80c9,0,4,64170816,61.19805908203125
M15,01a8b55818eec668c9f723d276ded5c85b7ded9d567cac2784049b3fa12e80c9,1,0,80962880,77.21221923828125
M15,01a8b55818eec668c9f723d276ded5c85b7ded9d567cac2784049b3fa12e80c9,1,2,102025216,97.298828125
M15,01a8b55818eec668c9f723d276ded5c85b7ded9d567cac2784049b3fa12e80c9,1,5,63222624,60.293792724609375
M15,01a8b55818eec668c9f723d276ded5c85b7ded9d567cac2784049b3fa12e80c9,2,1,100393984,95.7431640625
M15,01a8b55818eec668c9f723d276ded5c85b7ded9d567cac2784049b3fa12e80c9,2,3,83110208,79.26007080078125
M15,01a8b55818eec668c9f723d276ded5c85b7ded9d567cac2784049b3fa12e80c9,2,6,63615808,60.66876220703125
M15,01a8b55818eec668c9f723d276ded5c85b7ded9d567cac2784049b3fa12e80c9,3,2,63776576,60.82208251953125
M15,01a8b55818eec668c9f723d276ded5c85b7ded9d567cac2784049b3fa12e80c9,3,7,64309600,61.330413818359375
M15,01a8b55818eec668c9f723d276ded5c85b7ded9d567cac2784049b3fa12e80c9,4,0,64034752,61.06829833984375
M15,01a8b55818eec668c9f723d276ded5c85b7ded9d567cac2784049b3fa12e80c9,4,5,60205376,57.41632080078125
M15,01a8b55818eec668c9f723d276ded5c85b7ded9d567cac2784049b3fa12e80c9,4,8,65436128,62.404754638671875
M15,01a8b55818eec668c9f723d276ded5c85b7ded9d567cac2784049b3fa12e80c9,5,1,63532448,60.589263916015625
M15,01a8b55818eec668c9f723d276ded5c85b7ded9d567cac2784049b3fa12e80c9,5,4,70664768,67.39117431640625
M15,01a8b55818eec668c9f723d276ded5c85b7ded9d567cac2784049b3fa12e80c9,5,6,96821376,92.3360595703125
M15,01a8b55818eec668c9f723d276ded5c85b7ded9d567cac2784049b3fa12e80c9,5,9,63607072,60.660430908203125
M15,01a8b55818eec668c9f723d276ded5c85b7ded9d567cac2784049b3fa12e80c9,6,2,64777280,61.77642822265625
M15,01a8b55818eec668c9f723d276ded5c85b7ded9d567cac2784049b3fa12e80c9,6,5,91042688,86.8250732421875
M15,01a8b55818eec668c9f723d276ded5c85b7ded9d567cac2784049b3fa12e80c9,6,7,81039040,77.28485107421875
M15,01a8b55818eec668c9f723d276ded5c85b7ded9d567cac2784049b3fa12e80c9,6,10,65444064,62.412322998046875
M15,01a8b55818eec668c9f723d276ded5c85b7ded9d567cac2784049b3fa12e80c9,7,3,62614176,59.713531494140625
M15,01a8b55818eec668c9f723d276ded5c85b7ded9d567cac2784049b3fa12e80c9,7,6,59099712,56.36187744140625
M15,01a8b55818eec668c9f723d276ded5c85b7ded9d567cac2784049b3fa12e80c9,7,11,69763104,66.53128051757812
M15,01a8b55818eec668c9f723d276ded5c85b7ded9d567cac2784049b3fa12e80c9,8,4,65657920,62.61627197265625
M15,01a8b55818eec668c9f723d276ded5c85b7ded9d567cac2784049b3fa12e80c9,8,9,56038080,53.44207763671875
M15,01a8b55818eec668c9f723d276ded5c85b7ded9d567cac2784049b3fa12e80c9,8,12,62467776,59.57391357421875
M15,01a8b55818eec668c9f723d276ded5c85b7ded9d567cac2784049b3fa12e80c9,9,5,65956608,62.901123046875
M15,01a8b55818eec668c9f723d276ded5c85b7ded9d567cac2784049b3fa12e80c9,9,8,75792192,72.28106689453125
M15,01a8b55818eec668c9f723d276ded5c85b7ded9d567cac2784049b3fa12e80c9,9,10,88368256,84.2745361328125
M15,01a8b55818eec668c9f723d276ded5c85b7ded9d567cac2784049b3fa12e80c9,9,13,61331424,58.490203857421875
M15,01a8b55818eec668c9f723d276ded5c85b7ded9d567cac2784049b3fa12e80c9,10,6,66045888,62.98626708984375
M15,01a8b55818eec668c9f723d276ded5c85b7ded9d567cac2784049b3fa12e80c9,10,9,95477888,91.0548095703125
M15,01a8b55818eec668c9f723d276ded5c85b7ded9d567cac2784049b3fa12e80c9,10,11,70399040,67.13775634765625
M15,01a8b55818eec668c9f723d276ded5c85b7ded9d567cac2784049b3fa12e80c9,10,14,63877696,60.91851806640625
M15,01a8b55818eec668c9f723d276ded5c85b7ded9d567cac2784049b3fa12e80c9,11,7,64153856,61.181884765625
M15,01a8b55818eec668c9f723d276ded5c85b7ded9d567cac2784049b3fa12e80c9,11,10,61262912,58.42486572265625
M15,01a8b55818eec668c9f723d276ded5c85b7ded9d567cac2784049b3fa12e80c9,11,15,65956192,62.900726318359375
M15,01a8b55818eec668c9f723d276ded5c85b7ded9d567cac2784049b3fa12e80c9,12,8,65029952,62.01739501953125
M15,01a8b55818eec668c9f723d276ded5c85b7ded9d567cac2784049b3fa12e80c9,12,13,56545536,53.926025390625
M15,01a8b55818eec668c9f723d276ded5c85b7ded9d567cac2784049b3fa12e80c9,13,9,64565792,61.574737548828125
M15,01a8b55818eec668c9f723d276ded5c85b7ded9d567cac2784049b3fa12e80c9,13,12,74195776,70.75860595703125
M15,01a8b55818eec668c9f723d276ded5c85b7ded9d567cac2784049b3fa12e80c9,13,14,90500608,86.30810546875
M15,01a8b55818eec668c9f723d276ded5c85b7ded9d567cac2784049b3fa12e80c9,14,10,64552640,61.56219482421875
M15,01a8b55818eec668c9f723d276ded5c85b7ded9d567cac2784049b3fa12e80c9,14,13,93539968,89.2066650390625
M15,01a8b55818eec668c9f723d276ded5c85b7ded9d567cac2784049b3fa12e80c9,14,15,70754496,67.47674560546875
M15,01a8b55818eec668c9f723d276ded5c85b7ded9d567cac2784049b3fa12e80c9,15,11,64553504,61.563018798828125
M15,01a8b55818eec668c9f723d276ded5c85b7ded9d567cac2784049b3fa12e80c9,15,14,60423552,57.6243896484375
M16,1e0a165ebc7a8e5f7f0fd70c963bbc3b57a3fb5ca2a549c03d32e3e72d224eab,0,1,66416320,63.33953857421875
M16,1e0a165ebc7a8e5f7f0fd70c963bbc3b57a3fb5ca2a549c03d32e3e72d224eab,0,4,64604736,61.61187744140625
M16,1e0a165ebc7a8e5f7f0fd70c963bbc3b57a3fb5ca2a549c03d32e3e72d224eab,1,0,81069760,77.31414794921875
M16,1e0a165ebc7a8e5f7f0fd70c963bbc3b57a3fb5ca2a549c03d32e3e72d224eab,1,2,104235776,99.406982421875
M16,1e0a165ebc7a8e5f7f0fd70c963bbc3b57a3fb5ca2a549c03d32e3e72d224eab,1,5,64057952,61.090423583984375
M16,1e0a165ebc7a8e5f7f0fd70c963bbc3b57a3fb5ca2a549c03d32e3e72d224eab,2,1,100316416,95.669189453125
M16,1e0a165ebc7a8e5f7f0fd70c963bbc3b57a3fb5ca2a549c03d32e3e72d224eab,2,3,82735424,78.90264892578125
M16,1e0a165ebc7a8e5f7f0fd70c963bbc3b57a3fb5ca2a549c03d32e3e72d224eab,2,6,62721856,59.81622314453125
M16,1e0a165ebc7a8e5f7f0fd70c963bbc3b57a3fb5ca2a549c03d32e3e72d224eab,3,2,63961920,60.99884033203125
M16,1e0a165ebc7a8e5f7f0fd70c963bbc3b57a3fb5ca2a549c03d32e3e72d224eab,3,7,63817056,60.860687255859375
M16,1e0a165ebc7a8e5f7f0fd70c963bbc3b57a3fb5ca2a549c03d32e3e72d224eab,4,0,64064704,61.09686279296875
M16,1e0a165ebc7a8e5f7f0fd70c963bbc3b57a3fb5ca2a549c03d32e3e72d224eab,4,5,60476224,57.67462158203125
M16,1e0a165ebc7a8e5f7f0fd70c963bbc3b57a3fb5ca2a549c03d32e3e72d224eab,4,8,65273312,62.249481201171875
M16,1e0a165ebc7a8e5f7f0fd70c963bbc3b57a3fb5ca2a549c03d32e3e72d224eab,5,1,63362720,60.427398681640625
M16,1e0a165ebc7a8e5f7f0fd70c963bbc3b57a3fb5ca2a549c03d32e3e72d224eab,5,4,68768960,65.58319091796875
M16,1e0a165ebc7a8e5f7f0fd70c963bbc3b57a3fb5ca2a549c03d32e3e72d224eab,5,6,98343040,93.7872314453125
M16,1e0a165ebc7a8e5f7f0fd70c963bbc3b57a3fb5ca2a549c03d32e3e72d224eab,5,9,64727328,61.728790283203125
M16,1e0a165ebc7a8e5f7f0fd70c963bbc3b57a3fb5ca2a549c03d32e3e72d224eab,6,2,62412096,59.52081298828125
M16,1e0a165ebc7a8e5f7f0fd70c963bbc3b57a3fb5ca2a549c03d32e3e72d224eab,6,5,88533632,84.4322509765625
M16,1e0a165ebc7a8e5f7f0fd70c963bbc3b57a3fb5ca2a549c03d32e3e72d224eab,6,7,80911040,77.16278076171875
M16,1e0a165ebc7a8e5f7f0fd70c963bbc3b57a3fb5ca2a549c03d32e3e72d224eab,6,10,64817632,61.814910888671875
M16,1e0a165ebc7a8e5f7f0fd70c963bbc3b57a3fb5ca2a549c03d32e3e72d224eab,7,3,62823328,59.912994384765625
M16,1e0a165ebc7a8e5f7f0fd70c963bbc3b57a3fb5ca2a549c03d32e3e72d224eab,7,6,57868736,55.18792724609375
M16,1e0a165ebc7a8e5f7f0fd70c963bbc3b57a3fb5ca2a549c03d32e3e72d224eab,7,11,69538080,66.31668090820312
M16,1e0a165ebc7a8e5f7f0fd70c963bbc3b57a3fb5ca2a549c03d32e3e72d224eab,8,4,65451328,62.41925048828125
M16,1e0a165ebc7a8e5f7f0fd70c963bbc3b57a3fb5ca2a549c03d32e3e72d224eab,8,9,56321728,53.71258544921875
M16,1e0a165ebc7a8e5f7f0fd70c963bbc3b57a3fb5ca2a549c03d32e3e72d224eab,8,12,60140096,57.35406494140625
M16,1e0a165ebc7a8e5f7f0fd70c963bbc3b57a3fb5ca2a549c03d32e3e72d224eab,9,5,64748544,61.7490234375
M16,1e0a165ebc7a8e5f7f0fd70c963bbc3b57a3fb5ca2a549c03d32e3e72d224eab,9,8,70792384,67.51287841796875
M16,1e0a165ebc7a8e5f7f0fd70c963bbc3b57a3fb5ca2a549c03d32e3e72d224eab,9,10,90002560,85.8331298828125
M16,1e0a165ebc7a8e5f7f0fd70c963bbc3b57a3fb5ca2a549c03d32e3e72d224eab,9,13,60374880,57.577972412109375
M16,1e0a165ebc7a8e5f7f0fd70c963bbc3b57a3fb5ca2a549c03d32e3e72d224eab,10,6,63626432,60.67889404296875
M16,1e0a165ebc7a8e5f7f0fd70c963bbc3b57a3fb5ca2a549c03d32e3e72d224eab,10,9,89328768,85.1905517578125
M16,1e0a165ebc7a8e5f7f0fd70c963bbc3b57a3fb5ca2a549c03d32e3e72d224eab,10,11,68717632,65.53424072265625
M16,1e0a165ebc7a8e5f7f0fd70c963bbc3b57a3fb5ca2a549c03d32e3e72d224eab,10,14,62547520,59.64996337890625
M16,1e0a165ebc7a8e5f7f0fd70c963bbc3b57a3fb5ca2a549c03d32e3e72d224eab,11,7,64080384,61.11181640625
M16,1e0a165ebc7a8e5f7f0fd70c963bbc3b57a3fb5ca2a549c03d32e3e72d224eab,11,10,59785280,57.01568603515625
M16,1e0a165ebc7a8e5f7f0fd70c963bbc3b57a3fb5ca2a549c03d32e3e72d224eab,11,15,65453408,62.421234130859375
M16,1e0a165ebc7a8e5f7f0fd70c963bbc3b57a3fb5ca2a549c03d32e3e72d224eab,12,8,64547392,61.55718994140625
M16,1e0a165ebc7a8e5f7f0fd70c963bbc3b57a3fb5ca2a549c03d32e3e72d224eab,12,13,54344704,51.8271484375
M16,1e0a165ebc7a8e5f7f0fd70c963bbc3b57a3fb5ca2a549c03d32e3e72d224eab,13,9,63853856,60.895782470703125
M16,1e0a165ebc7a8e5f7f0fd70c963bbc3b57a3fb5ca2a549c03d32e3e72d224eab,13,12,80957504,77.20709228515625
M16,1e0a165ebc7a8e5f7f0fd70c963bbc3b57a3fb5ca2a549c03d32e3e72d224eab,13,14,87228416,83.1875
M16,1e0a165ebc7a8e5f7f0fd70c963bbc3b57a3fb5ca2a549c03d32e3e72d224eab,14,10,62833088,59.92230224609375
M16,1e0a165ebc7a8e5f7f0fd70c963bbc3b57a3fb5ca2a549c03d32e3e72d224eab,14,13,101245568,96.5552978515625
M16,1e0a165ebc7a8e5f7f0fd70c963bbc3b57a3fb5ca2a549c03d32e3e72d224eab,14,15,69017280,65.82000732421875
M16,1e0a165ebc7a8e5f7f0fd70c963bbc3b57a3fb5ca2a549c03d32e3e72d224eab,15,11,63036704,60.116485595703125
M16,1e0a165ebc7a8e5f7f0fd70c963bbc3b57a3fb5ca2a549c03d32e3e72d224eab,15,14,59978496,57.199951171875
M17,3d244ed248152ba1ec9b26054b3e2beba04fe9f73bae639931674dfcd5f5a919,0,1,66416320,63.33953857421875
M17,3d244ed248152ba1ec9b26054b3e2beba04fe9f73bae639931674dfcd5f5a919,0,4,64592448,61.60015869140625
M17,3d244ed248152ba1ec9b26054b3e2beba04fe9f73bae639931674dfcd5f5a919,1,0,81069760,77.31414794921875
M17,3d244ed248152ba1ec9b26054b3e2beba04fe9f73bae639931674dfcd5f5a919,1,2,104235776,99.406982421875
M17,3d244ed248152ba1ec9b26054b3e2beba04fe9f73bae639931674dfcd5f5a919,1,5,64045664,61.078704833984375
M17,3d244ed248152ba1ec9b26054b3e2beba04fe9f73bae639931674dfcd5f5a919,2,1,100316416,95.669189453125
M17,3d244ed248152ba1ec9b26054b3e2beba04fe9f73bae639931674dfcd5f5a919,2,3,82735424,78.90264892578125
M17,3d244ed248152ba1ec9b26054b3e2beba04fe9f73bae639931674dfcd5f5a919,2,6,62721856,59.81622314453125
M17,3d244ed248152ba1ec9b26054b3e2beba04fe9f73bae639931674dfcd5f5a919,3,2,63961920,60.99884033203125
M17,3d244ed248152ba1ec9b26054b3e2beba04fe9f73bae639931674dfcd5f5a919,3,7,63817056,60.860687255859375
M17,3d244ed248152ba1ec9b26054b3e2beba04fe9f73bae639931674dfcd5f5a919,4,0,64068800,61.10076904296875
M17,3d244ed248152ba1ec9b26054b3e2beba04fe9f73bae639931674dfcd5f5a919,4,5,60476224,57.67462158203125
M17,3d244ed248152ba1ec9b26054b3e2beba04fe9f73bae639931674dfcd5f5a919,4,8,65265120,62.241668701171875
M17,3d244ed248152ba1ec9b26054b3e2beba04fe9f73bae639931674dfcd5f5a919,5,1,63366816,60.431304931640625
M17,3d244ed248152ba1ec9b26054b3e2beba04fe9f73bae639931674dfcd5f5a919,5,4,68768960,65.58319091796875
M17,3d244ed248152ba1ec9b26054b3e2beba04fe9f73bae639931674dfcd5f5a919,5,6,98343040,93.7872314453125
M17,3d244ed248152ba1ec9b26054b3e2beba04fe9f73bae639931674dfcd5f5a919,5,9,64719136,61.720977783203125
M17,3d244ed248152ba1ec9b26054b3e2beba04fe9f73bae639931674dfcd5f5a919,6,2,62412096,59.52081298828125
M17,3d244ed248152ba1ec9b26054b3e2beba04fe9f73bae639931674dfcd5f5a919,6,5,88533632,84.4322509765625
M17,3d244ed248152ba1ec9b26054b3e2beba04fe9f73bae639931674dfcd5f5a919,6,7,80911040,77.16278076171875
M17,3d244ed248152ba1ec9b26054b3e2beba04fe9f73bae639931674dfcd5f5a919,6,10,64817632,61.814910888671875
M17,3d244ed248152ba1ec9b26054b3e2beba04fe9f73bae639931674dfcd5f5a919,7,3,62823328,59.912994384765625
M17,3d244ed248152ba1ec9b26054b3e2beba04fe9f73bae639931674dfcd5f5a919,7,6,57868736,55.18792724609375
M17,3d244ed248152ba1ec9b26054b3e2beba04fe9f73bae639931674dfcd5f5a919,7,11,69538080,66.31668090820312
M17,3d244ed248152ba1ec9b26054b3e2beba04fe9f73bae639931674dfcd5f5a919,8,4,65459520,62.42706298828125
M17,3d244ed248152ba1ec9b26054b3e2beba04fe9f73bae639931674dfcd5f5a919,8,9,56321728,53.71258544921875
M17,3d244ed248152ba1ec9b26054b3e2beba04fe9f73bae639931674dfcd5f5a919,8,12,60136000,57.35015869140625
M17,3d244ed248152ba1ec9b26054b3e2beba04fe9f73bae639931674dfcd5f5a919,9,5,64756736,61.7568359375
M17,3d244ed248152ba1ec9b26054b3e2beba04fe9f73bae639931674dfcd5f5a919,9,8,70792384,67.51287841796875
M17,3d244ed248152ba1ec9b26054b3e2beba04fe9f73bae639931674dfcd5f5a919,9,10,90002560,85.8331298828125
M17,3d244ed248152ba1ec9b26054b3e2beba04fe9f73bae639931674dfcd5f5a919,9,13,60370784,57.574066162109375
M17,3d244ed248152ba1ec9b26054b3e2beba04fe9f73bae639931674dfcd5f5a919,10,6,63626432,60.67889404296875
M17,3d244ed248152ba1ec9b26054b3e2beba04fe9f73bae639931674dfcd5f5a919,10,9,89328768,85.1905517578125
M17,3d244ed248152ba1ec9b26054b3e2beba04fe9f73bae639931674dfcd5f5a919,10,11,68717632,65.53424072265625
M17,3d244ed248152ba1ec9b26054b3e2beba04fe9f73bae639931674dfcd5f5a919,10,14,62547520,59.64996337890625
M17,3d244ed248152ba1ec9b26054b3e2beba04fe9f73bae639931674dfcd5f5a919,11,7,64080384,61.11181640625
M17,3d244ed248152ba1ec9b26054b3e2beba04fe9f73bae639931674dfcd5f5a919,11,10,59785280,57.01568603515625
M17,3d244ed248152ba1ec9b26054b3e2beba04fe9f73bae639931674dfcd5f5a919,11,15,65453408,62.421234130859375
M17,3d244ed248152ba1ec9b26054b3e2beba04fe9f73bae639931674dfcd5f5a919,12,8,64559680,61.56890869140625
M17,3d244ed248152ba1ec9b26054b3e2beba04fe9f73bae639931674dfcd5f5a919,12,13,54344704,51.8271484375
M17,3d244ed248152ba1ec9b26054b3e2beba04fe9f73bae639931674dfcd5f5a919,13,9,63866144,60.907501220703125
M17,3d244ed248152ba1ec9b26054b3e2beba04fe9f73bae639931674dfcd5f5a919,13,12,80957504,77.20709228515625
M17,3d244ed248152ba1ec9b26054b3e2beba04fe9f73bae639931674dfcd5f5a919,13,14,87228416,83.1875
M17,3d244ed248152ba1ec9b26054b3e2beba04fe9f73bae639931674dfcd5f5a919,14,10,62833088,59.92230224609375
M17,3d244ed248152ba1ec9b26054b3e2beba04fe9f73bae639931674dfcd5f5a919,14,13,101245568,96.5552978515625
M17,3d244ed248152ba1ec9b26054b3e2beba04fe9f73bae639931674dfcd5f5a919,14,15,69017280,65.82000732421875
M17,3d244ed248152ba1ec9b26054b3e2beba04fe9f73bae639931674dfcd5f5a919,15,11,63036704,60.116485595703125
M17,3d244ed248152ba1ec9b26054b3e2beba04fe9f73bae639931674dfcd5f5a919,15,14,59978496,57.199951171875
M18,01de62b8bbf14a9d41d6bedadfa367dcb38305a46b365c3cd203e6978bcff72d,0,1,66422208,63.34515380859375
M18,01de62b8bbf14a9d41d6bedadfa367dcb38305a46b365c3cd203e6978bcff72d,0,4,64372288,61.39019775390625
M18,01de62b8bbf14a9d41d6bedadfa367dcb38305a46b365c3cd203e6978bcff72d,1,0,81070528,77.31488037109375
M18,01de62b8bbf14a9d41d6bedadfa367dcb38305a46b365c3cd203e6978bcff72d,1,2,104240896,99.411865234375
M18,01de62b8bbf14a9d41d6bedadfa367dcb38305a46b365c3cd203e6978bcff72d,1,5,63825504,60.868743896484375
M18,01de62b8bbf14a9d41d6bedadfa367dcb38305a46b365c3cd203e6978bcff72d,2,1,100311296,95.664306640625
M18,01de62b8bbf14a9d41d6bedadfa367dcb38305a46b365c3cd203e6978bcff72d,2,3,82734656,78.90191650390625
M18,01de62b8bbf14a9d41d6bedadfa367dcb38305a46b365c3cd203e6978bcff72d,2,6,62501696,59.60626220703125
M18,01de62b8bbf14a9d41d6bedadfa367dcb38305a46b365c3cd203e6978bcff72d,3,2,63956032,60.99322509765625
M18,01de62b8bbf14a9d41d6bedadfa367dcb38305a46b365c3cd203e6978bcff72d,3,7,63596896,60.650726318359375
M18,01de62b8bbf14a9d41d6bedadfa367dcb38305a46b365c3cd203e6978bcff72d,4,0,64715456,61.71746826171875
M18,01de62b8bbf14a9d41d6bedadfa367dcb38305a46b365c3cd203e6978bcff72d,4,5,60482112,57.68023681640625
M18,01de62b8bbf14a9d41d6bedadfa367dcb38305a46b365c3cd203e6978bcff72d,4,8,64834016,61.830535888671875
M18,01de62b8bbf14a9d41d6bedadfa367dcb38305a46b365c3cd203e6978bcff72d,5,1,64008096,61.042877197265625
M18,01de62b8bbf14a9d41d6bedadfa367dcb38305a46b365c3cd203e6978bcff72d,5,4,68769728,65.58392333984375
M18,01de62b8bbf14a9d41d6bedadfa367dcb38305a46b365c3cd203e6978bcff72d,5,6,98348160,93.7921142578125
M18,01de62b8bbf14a9d41d6bedadfa367dcb38305a46b365c3cd203e6978bcff72d,5,9,64288032,61.309844970703125
M18,01de62b8bbf14a9d41d6bedadfa367dcb38305a46b365c3cd203e6978bcff72d,6,2,63053120,60.13214111328125
M18,01de62b8bbf14a9d41d6bedadfa367dcb38305a46b365c3cd203e6978bcff72d,6,5,88528512,84.4273681640625
M18,01de62b8bbf14a9d41d6bedadfa367dcb38305a46b365c3cd203e6978bcff72d,6,7,80910272,77.16204833984375
M18,01de62b8bbf14a9d41d6bedadfa367dcb38305a46b365c3cd203e6978bcff72d,6,10,64386528,61.403778076171875
M18,01de62b8bbf14a9d41d6bedadfa367dcb38305a46b365c3cd203e6978bcff72d,7,3,63466144,60.526031494140625
M18,01de62b8bbf14a9d41d6bedadfa367dcb38305a46b365c3cd203e6978bcff72d,7,6,57862848,55.18231201171875
M18,01de62b8bbf14a9d41d6bedadfa367dcb38305a46b365c3cd203e6978bcff72d,7,11,69106976,65.90554809570312
M18,01de62b8bbf14a9d41d6bedadfa367dcb38305a46b365c3cd203e6978bcff72d,8,4,65903424,62.85040283203125
M18,01de62b8bbf14a9d41d6bedadfa367dcb38305a46b365c3cd203e6978bcff72d,8,9,56327616,53.71820068359375
M18,01de62b8bbf14a9d41d6bedadfa367dcb38305a46b365c3cd203e6978bcff72d,8,12,59493952,56.73785400390625
M18,01de62b8bbf14a9d41d6bedadfa367dcb38305a46b365c3cd203e6978bcff72d,9,5,65193472,62.17333984375
M18,01de62b8bbf14a9d41d6bedadfa367dcb38305a46b365c3cd203e6978bcff72d,9,8,70793152,67.51361083984375
M18,01de62b8bbf14a9d41d6bedadfa367dcb38305a46b365c3cd203e6978bcff72d,9,10,90007680,85.8380126953125
M18,01de62b8bbf14a9d41d6bedadfa367dcb38305a46b365c3cd203e6978bcff72d,9,13,59728736,56.961761474609375
M18,01de62b8bbf14a9d41d6bedadfa367dcb38305a46b365c3cd203e6978bcff72d,10,6,64051904,61.08465576171875
M18,01de62b8bbf14a9d41d6bedadfa367dcb38305a46b365c3cd203e6978bcff72d,10,9,89323648,85.1856689453125
M18,01de62b8bbf14a9d41d6bedadfa367dcb38305a46b365c3cd203e6978bcff72d,10,11,68716864,65.53350830078125
M18,01de62b8bbf14a9d41d6bedadfa367dcb38305a46b365c3cd203e6978bcff72d,10,14,61905472,59.03765869140625
M18,01de62b8bbf14a9d41d6bedadfa367dcb38305a46b365c3cd203e6978bcff72d,11,7,64507648,61.519287109375
M18,01de62b8bbf14a9d41d6bedadfa367dcb38305a46b365c3cd203e6978bcff72d,11,10,59779392,57.01007080078125
M18,01de62b8bbf14a9d41d6bedadfa367dcb38305a46b365c3cd203e6978bcff72d,11,15,64811360,61.808929443359375
M18,01de62b8bbf14a9d41d6bedadfa367dcb38305a46b365c3cd203e6978bcff72d,12,8,64795456,61.79376220703125
M18,01de62b8bbf14a9d41d6bedadfa367dcb38305a46b365c3cd203e6978bcff72d,12,13,54350592,51.832763671875
M18,01de62b8bbf14a9d41d6bedadfa367dcb38305a46b365c3cd203e6978bcff72d,13,9,64098336,61.128936767578125
M18,01de62b8bbf14a9d41d6bedadfa367dcb38305a46b365c3cd203e6978bcff72d,13,12,80958272,77.20782470703125
M18,01de62b8bbf14a9d41d6bedadfa367dcb38305a46b365c3cd203e6978bcff72d,13,14,87233536,83.1923828125
M18,01de62b8bbf14a9d41d6bedadfa367dcb38305a46b365c3cd203e6978bcff72d,14,10,63043008,60.12249755859375
M18,01de62b8bbf14a9d41d6bedadfa367dcb38305a46b365c3cd203e6978bcff72d,14,13,101240448,96.5504150390625
M18,01de62b8bbf14a9d41d6bedadfa367dcb38305a46b365c3cd203e6978bcff72d,14,15,69016512,65.81927490234375
M18,01de62b8bbf14a9d41d6bedadfa367dcb38305a46b365c3cd203e6978bcff72d,15,11,63246624,60.316680908203125
M18,01de62b8bbf14a9d41d6bedadfa367dcb38305a46b365c3cd203e6978bcff72d,15,14,59972608,57.1943359375
M19,cd0738992f9031b28abecfb8c95842afc53b6772cb5de76c01321a945433581f,0,1,66416320,63.33953857421875
M19,cd0738992f9031b28abecfb8c95842afc53b6772cb5de76c01321a945433581f,0,4,64191040,61.21734619140625
M19,cd0738992f9031b28abecfb8c95842afc53b6772cb5de76c01321a945433581f,1,0,81069760,77.31414794921875
M19,cd0738992f9031b28abecfb8c95842afc53b6772cb5de76c01321a945433581f,1,2,104235776,99.406982421875
M19,cd0738992f9031b28abecfb8c95842afc53b6772cb5de76c01321a945433581f,1,5,63644256,60.695892333984375
M19,cd0738992f9031b28abecfb8c95842afc53b6772cb5de76c01321a945433581f,2,1,100316416,95.669189453125
M19,cd0738992f9031b28abecfb8c95842afc53b6772cb5de76c01321a945433581f,2,3,82735424,78.90264892578125
M19,cd0738992f9031b28abecfb8c95842afc53b6772cb5de76c01321a945433581f,2,6,62320448,59.43341064453125
M19,cd0738992f9031b28abecfb8c95842afc53b6772cb5de76c01321a945433581f,3,2,63961920,60.99884033203125
M19,cd0738992f9031b28abecfb8c95842afc53b6772cb5de76c01321a945433581f,3,7,63415648,60.477874755859375
M19,cd0738992f9031b28abecfb8c95842afc53b6772cb5de76c01321a945433581f,4,0,65273024,62.24920654296875
M19,cd0738992f9031b28abecfb8c95842afc53b6772cb5de76c01321a945433581f,4,5,60476224,57.67462158203125
M19,cd0738992f9031b28abecfb8c95842afc53b6772cb5de76c01321a945433581f,4,8,64462304,61.476043701171875
M19,cd0738992f9031b28abecfb8c95842afc53b6772cb5de76c01321a945433581f,5,1,64571040,61.579742431640625
M19,cd0738992f9031b28abecfb8c95842afc53b6772cb5de76c01321a945433581f,5,4,68768960,65.58319091796875
M19,cd0738992f9031b28abecfb8c95842afc53b6772cb5de76c01321a945433581f,5,6,98343040,93.7872314453125
M19,cd0738992f9031b28abecfb8c95842afc53b6772cb5de76c01321a945433581f,5,9,63916320,60.955352783203125
M19,cd0738992f9031b28abecfb8c95842afc53b6772cb5de76c01321a945433581f,6,2,63616320,60.66925048828125
M19,cd0738992f9031b28abecfb8c95842afc53b6772cb5de76c01321a945433581f,6,5,88533632,84.4322509765625
M19,cd0738992f9031b28abecfb8c95842afc53b6772cb5de76c01321a945433581f,6,7,80911040,77.16278076171875
M19,cd0738992f9031b28abecfb8c95842afc53b6772cb5de76c01321a945433581f,6,10,64014816,61.049285888671875
M19,cd0738992f9031b28abecfb8c95842afc53b6772cb5de76c01321a945433581f,7,3,64027552,61.061431884765625
M19,cd0738992f9031b28abecfb8c95842afc53b6772cb5de76c01321a945433581f,7,6,57868736,55.18792724609375
M19,cd0738992f9031b28abecfb8c95842afc53b6772cb5de76c01321a945433581f,7,11,68735264,65.55105590820312
M19,cd0738992f9031b28abecfb8c95842afc53b6772cb5de76c01321a945433581f,8,4,66262336,63.19268798828125
M19,cd0738992f9031b28abecfb8c95842afc53b6772cb5de76c01321a945433581f,8,9,56321728,53.71258544921875
M19,cd0738992f9031b28abecfb8c95842afc53b6772cb5de76c01321a945433581f,8,12,58931776,56.20172119140625
M19,cd0738992f9031b28abecfb8c95842afc53b6772cb5de76c01321a945433581f,9,5,65559552,62.5224609375
M19,cd0738992f9031b28abecfb8c95842afc53b6772cb5de76c01321a945433581f,9,8,70792384,67.51287841796875
M19,cd0738992f9031b28abecfb8c95842afc53b6772cb5de76c01321a945433581f,9,10,90002560,85.8331298828125
M19,cd0738992f9031b28abecfb8c95842afc53b6772cb5de76c01321a945433581f,9,13,59166560,56.425628662109375
M19,cd0738992f9031b28abecfb8c95842afc53b6772cb5de76c01321a945433581f,10,6,64429248,61.44451904296875
M19,cd0738992f9031b28abecfb8c95842afc53b6772cb5de76c01321a945433581f,10,9,89328768,85.1905517578125
M19,cd0738992f9031b28abecfb8c95842afc53b6772cb5de76c01321a945433581f,10,11,68717632,65.53424072265625
M19,cd0738992f9031b28abecfb8c95842afc53b6772cb5de76c01321a945433581f,10,14,61343296,58.50152587890625
M19,cd0738992f9031b28abecfb8c95842afc53b6772cb5de76c01321a945433581f,11,7,64883200,61.87744140625
M19,cd0738992f9031b28abecfb8c95842afc53b6772cb5de76c01321a945433581f,11,10,59785280,57.01568603515625
M19,cd0738992f9031b28abecfb8c95842afc53b6772cb5de76c01321a945433581f,11,15,64249184,61.272796630859375
M19,cd0738992f9031b28abecfb8c95842afc53b6772cb5de76c01321a945433581f,12,8,64961088,61.95172119140625
M19,cd0738992f9031b28abecfb8c95842afc53b6772cb5de76c01321a945433581f,12,13,54344704,51.8271484375
M19,cd0738992f9031b28abecfb8c95842afc53b6772cb5de76c01321a945433581f,13,9,64267552,61.290313720703125
M19,cd0738992f9031b28abecfb8c95842afc53b6772cb5de76c01321a945433581f,13,12,80957504,77.20709228515625
M19,cd0738992f9031b28abecfb8c95842afc53b6772cb5de76c01321a945433581f,13,14,87228416,83.1875
M19,cd0738992f9031b28abecfb8c95842afc53b6772cb5de76c01321a945433581f,14,10,63234496,60.30511474609375
M19,cd0738992f9031b28abecfb8c95842afc53b6772cb5de76c01321a945433581f,14,13,101245568,96.5552978515625
M19,cd0738992f9031b28abecfb8c95842afc53b6772cb5de76c01321a945433581f,14,15,69017280,65.82000732421875
M19,cd0738992f9031b28abecfb8c95842afc53b6772cb5de76c01321a945433581f,15,11,63438112,60.499298095703125
M19,cd0738992f9031b28abecfb8c95842afc53b6772cb5de76c01321a945433581f,15,14,59978496,57.199951171875
M20,46cc25f7e3addf8b14bc57870d9fbb1cbf875e1a67cc60fa5c97916a45ec7a48,0,1,66412224,63.33563232421875
M20,46cc25f7e3addf8b14bc57870d9fbb1cbf875e1a67cc60fa5c97916a45ec7a48,0,4,64394816,61.41168212890625
M20,46cc25f7e3addf8b14bc57870d9fbb1cbf875e1a67cc60fa5c97916a45ec7a48,1,0,81073856,77.31805419921875
M20,46cc25f7e3addf8b14bc57870d9fbb1cbf875e1a67cc60fa5c97916a45ec7a48,1,2,104227584,99.399169921875
M20,46cc25f7e3addf8b14bc57870d9fbb1cbf875e1a67cc60fa5c97916a45ec7a48,1,5,63848032,60.890228271484375
M20,46cc25f7e3addf8b14bc57870d9fbb1cbf875e1a67cc60fa5c97916a45ec7a48,2,1,100324608,95.677001953125
M20,46cc25f7e3addf8b14bc57870d9fbb1cbf875e1a67cc60fa5c97916a45ec7a48,2,3,82731328,78.89874267578125
M20,46cc25f7e3addf8b14bc57870d9fbb1cbf875e1a67cc60fa5c97916a45ec7a48,2,6,62524224,59.62774658203125
M20,46cc25f7e3addf8b14bc57870d9fbb1cbf875e1a67cc60fa5c97916a45ec7a48,3,2,63966016,61.00274658203125
M20,46cc25f7e3addf8b14bc57870d9fbb1cbf875e1a67cc60fa5c97916a45ec7a48,3,7,63619424,60.672210693359375
M20,46cc25f7e3addf8b14bc57870d9fbb1cbf875e1a67cc60fa5c97916a45ec7a48,4,0,64667840,61.67205810546875
M20,46cc25f7e3addf8b14bc57870d9fbb1cbf875e1a67cc60fa5c97916a45ec7a48,4,5,60472128,57.67071533203125
M20,46cc25f7e3addf8b14bc57870d9fbb1cbf875e1a67cc60fa5c97916a45ec7a48,4,8,64865760,61.860809326171875
M20,46cc25f7e3addf8b14bc57870d9fbb1cbf875e1a67cc60fa5c97916a45ec7a48,5,1,63965856,61.002593994140625
M20,46cc25f7e3addf8b14bc57870d9fbb1cbf875e1a67cc60fa5c97916a45ec7a48,5,4,68773056,65.58709716796875
M20,46cc25f7e3addf8b14bc57870d9fbb1cbf875e1a67cc60fa5c97916a45ec7a48,5,6,98334848,93.7794189453125
M20,46cc25f7e3addf8b14bc57870d9fbb1cbf875e1a67cc60fa5c97916a45ec7a48,5,9,64319776,61.340118408203125
M20,46cc25f7e3addf8b14bc57870d9fbb1cbf875e1a67cc60fa5c97916a45ec7a48,6,2,63015232,60.09600830078125
M20,46cc25f7e3addf8b14bc57870d9fbb1cbf875e1a67cc60fa5c97916a45ec7a48,6,5,88541824,84.4400634765625
M20,46cc25f7e3addf8b14bc57870d9fbb1cbf875e1a67cc60fa5c97916a45ec7a48,6,7,80906944,77.15887451171875
M20,46cc25f7e3addf8b14bc57870d9fbb1cbf875e1a67cc60fa5c97916a45ec7a48,6,10,64418272,61.434051513671875
M20,46cc25f7e3addf8b14bc57870d9fbb1cbf875e1a67cc60fa5c97916a45ec7a48,7,3,63426464,60.488189697265625
M20,46cc25f7e3addf8b14bc57870d9fbb1cbf875e1a67cc60fa5c97916a45ec7a48,7,6,57872832,55.19183349609375
M20,46cc25f7e3addf8b14bc57870d9fbb1cbf875e1a67cc60fa5c97916a45ec7a48,7,11,69138720,65.93582153320312
M20,46cc25f7e3addf8b14bc57870d9fbb1cbf875e1a67cc60fa5c97916a45ec7a48,8,4,65854784,62.80401611328125
M20,46cc25f7e3addf8b14bc57870d9fbb1cbf875e1a67cc60fa5c97916a45ec7a48,8,9,56317632,53.70867919921875
M20,46cc25f7e3addf8b14bc57870d9fbb1cbf875e1a67cc60fa5c97916a45ec7a48,8,12,59534912,56.77691650390625
M20,46cc25f7e3addf8b14bc57870d9fbb1cbf875e1a67cc60fa5c97916a45ec7a48,9,5,65152000,62.1337890625
M20,46cc25f7e3addf8b14bc57870d9fbb1cbf875e1a67cc60fa5c97916a45ec7a48,9,8,70796480,67.51678466796875
M20,46cc25f7e3addf8b14bc57870d9fbb1cbf875e1a67cc60fa5c97916a45ec7a48,9,10,89994368,85.8253173828125
M20,46cc25f7e3addf8b14bc57870d9fbb1cbf875e1a67cc60fa5c97916a45ec7a48,9,13,59769696,57.000823974609375
M20,46cc25f7e3addf8b14bc57870d9fbb1cbf875e1a67cc60fa5c97916a45ec7a48,10,6,64029888,61.06365966796875
M20,46cc25f7e3addf8b14bc57870d9fbb1cbf875e1a67cc60fa5c97916a45ec7a48,10,9,89336960,85.1983642578125
M20,46cc25f7e3addf8b14bc57870d9fbb1cbf875e1a67cc60fa5c97916a45ec7a48,10,11,68713536,65.53033447265625
M20,46cc25f7e3addf8b14bc57870d9fbb1cbf875e1a67cc60fa5c97916a45ec7a48,10,14,61946432,59.07672119140625
M20,46cc25f7e3addf8b14bc57870d9fbb1cbf875e1a67cc60fa5c97916a45ec7a48,11,7,64483840,61.49658203125
M20,46cc25f7e3addf8b14bc57870d9fbb1cbf875e1a67cc60fa5c97916a45ec7a48,11,10,59789376,57.01959228515625
M20,46cc25f7e3addf8b14bc57870d9fbb1cbf875e1a67cc60fa5c97916a45ec7a48,11,15,64852320,61.847991943359375
M20,46cc25f7e3addf8b14bc57870d9fbb1cbf875e1a67cc60fa5c97916a45ec7a48,12,8,64751168,61.75152587890625
M20,46cc25f7e3addf8b14bc57870d9fbb1cbf875e1a67cc60fa5c97916a45ec7a48,12,13,54340608,51.8232421875
M20,46cc25f7e3addf8b14bc57870d9fbb1cbf875e1a67cc60fa5c97916a45ec7a48,13,9,64057632,61.090118408203125
M20,46cc25f7e3addf8b14bc57870d9fbb1cbf875e1a67cc60fa5c97916a45ec7a48,13,12,80961600,77.21099853515625
M20,46cc25f7e3addf8b14bc57870d9fbb1cbf875e1a67cc60fa5c97916a45ec7a48,13,14,87220224,83.1796875
M20,46cc25f7e3addf8b14bc57870d9fbb1cbf875e1a67cc60fa5c97916a45ec7a48,14,10,63036864,60.11663818359375
M20,46cc25f7e3addf8b14bc57870d9fbb1cbf875e1a67cc60fa5c97916a45ec7a48,14,13,101253760,96.5631103515625
M20,46cc25f7e3addf8b14bc57870d9fbb1cbf875e1a67cc60fa5c97916a45ec7a48,14,15,69013184,65.81610107421875
M20,46cc25f7e3addf8b14bc57870d9fbb1cbf875e1a67cc60fa5c97916a45ec7a48,15,11,63240480,60.310821533203125
M20,46cc25f7e3addf8b14bc57870d9fbb1cbf875e1a67cc60fa5c97916a45ec7a48,15,14,59982592,57.203857421875
