workload,original,source,destination,required_bandwidth_Bpc,channels_Bpc
darknet19,9b6da014c587d4a080ab62359a40882377289a6a3c6312e5298698557c7a3efe,0,1,96,12;12;12;12;12;12;12;12
darknet19,9b6da014c587d4a080ab62359a40882377289a6a3c6312e5298698557c7a3efe,0,4,224,28;28;28;28;28;28;28;28
darknet19,9b6da014c587d4a080ab62359a40882377289a6a3c6312e5298698557c7a3efe,1,0,96,12;12;12;12;12;12;12;12
darknet19,9b6da014c587d4a080ab62359a40882377289a6a3c6312e5298698557c7a3efe,1,2,128,16;16;16;16;16;16;16;16
darknet19,9b6da014c587d4a080ab62359a40882377289a6a3c6312e5298698557c7a3efe,1,5,224,28;28;28;28;28;28;28;28
darknet19,9b6da014c587d4a080ab62359a40882377289a6a3c6312e5298698557c7a3efe,2,1,128,16;16;16;16;16;16;16;16
darknet19,9b6da014c587d4a080ab62359a40882377289a6a3c6312e5298698557c7a3efe,2,3,96,12;12;12;12;12;12;12;12
darknet19,9b6da014c587d4a080ab62359a40882377289a6a3c6312e5298698557c7a3efe,2,6,224,28;28;28;28;28;28;28;28
darknet19,9b6da014c587d4a080ab62359a40882377289a6a3c6312e5298698557c7a3efe,3,2,96,12;12;12;12;12;12;12;12
darknet19,9b6da014c587d4a080ab62359a40882377289a6a3c6312e5298698557c7a3efe,3,7,224,28;28;28;28;28;28;28;28
darknet19,9b6da014c587d4a080ab62359a40882377289a6a3c6312e5298698557c7a3efe,4,0,128,16;16;16;16;16;16;16;16
darknet19,9b6da014c587d4a080ab62359a40882377289a6a3c6312e5298698557c7a3efe,4,5,96,12;12;12;12;12;12;12;12
darknet19,9b6da014c587d4a080ab62359a40882377289a6a3c6312e5298698557c7a3efe,4,8,160,20;20;20;20;20;20;20;20
darknet19,9b6da014c587d4a080ab62359a40882377289a6a3c6312e5298698557c7a3efe,5,1,128,16;16;16;16;16;16;16;16
darknet19,9b6da014c587d4a080ab62359a40882377289a6a3c6312e5298698557c7a3efe,5,4,96,12;12;12;12;12;12;12;12
darknet19,9b6da014c587d4a080ab62359a40882377289a6a3c6312e5298698557c7a3efe,5,6,128,16;16;16;16;16;16;16;16
darknet19,9b6da014c587d4a080ab62359a40882377289a6a3c6312e5298698557c7a3efe,5,9,160,20;20;20;20;20;20;20;20
darknet19,9b6da014c587d4a080ab62359a40882377289a6a3c6312e5298698557c7a3efe,6,2,128,16;16;16;16;16;16;16;16
darknet19,9b6da014c587d4a080ab62359a40882377289a6a3c6312e5298698557c7a3efe,6,5,128,16;16;16;16;16;16;16;16
darknet19,9b6da014c587d4a080ab62359a40882377289a6a3c6312e5298698557c7a3efe,6,7,96,12;12;12;12;12;12;12;12
darknet19,9b6da014c587d4a080ab62359a40882377289a6a3c6312e5298698557c7a3efe,6,10,160,20;20;20;20;20;20;20;20
darknet19,9b6da014c587d4a080ab62359a40882377289a6a3c6312e5298698557c7a3efe,7,3,128,16;16;16;16;16;16;16;16
darknet19,9b6da014c587d4a080ab62359a40882377289a6a3c6312e5298698557c7a3efe,7,6,96,12;12;12;12;12;12;12;12
darknet19,9b6da014c587d4a080ab62359a40882377289a6a3c6312e5298698557c7a3efe,7,11,160,20;20;20;20;20;20;20;20
darknet19,9b6da014c587d4a080ab62359a40882377289a6a3c6312e5298698557c7a3efe,8,4,160,20;20;20;20;20;20;20;20
darknet19,9b6da014c587d4a080ab62359a40882377289a6a3c6312e5298698557c7a3efe,8,9,96,12;12;12;12;12;12;12;12
darknet19,9b6da014c587d4a080ab62359a40882377289a6a3c6312e5298698557c7a3efe,8,12,128,16;16;16;16;16;16;16;16
darknet19,9b6da014c587d4a080ab62359a40882377289a6a3c6312e5298698557c7a3efe,9,5,160,20;20;20;20;20;20;20;20
darknet19,9b6da014c587d4a080ab62359a40882377289a6a3c6312e5298698557c7a3efe,9,8,96,12;12;12;12;12;12;12;12
darknet19,9b6da014c587d4a080ab62359a40882377289a6a3c6312e5298698557c7a3efe,9,10,128,16;16;16;16;16;16;16;16
darknet19,9b6da014c587d4a080ab62359a40882377289a6a3c6312e5298698557c7a3efe,9,13,128,16;16;16;16;16;16;16;16
darknet19,9b6da014c587d4a080ab62359a40882377289a6a3c6312e5298698557c7a3efe,10,6,160,20;20;20;20;20;20;20;20
darknet19,9b6da014c587d4a080ab62359a40882377289a6a3c6312e5298698557c7a3efe,10,9,128,16;16;16;16;16;16;16;16
darknet19,9b6da014c587d4a080ab62359a40882377289a6a3c6312e5298698557c7a3efe,10,11,96,12;12;12;12;12;12;12;12
darknet19,9b6da014c587d4a080ab62359a40882377289a6a3c6312e5298698557c7a3efe,10,14,128,16;16;16;16;16;16;16;16
darknet19,9b6da014c587d4a080ab62359a40882377289a6a3c6312e5298698557c7a3efe,11,7,160,20;20;20;20;20;20;20;20
darknet19,9b6da014c587d4a080ab62359a40882377289a6a3c6312e5298698557c7a3efe,11,10,96,12;12;12;12;12;12;12;12
darknet19,9b6da014c587d4a080ab62359a40882377289a6a3c6312e5298698557c7a3efe,11,15,128,16;16;16;16;16;16;16;16
darknet19,9b6da014c587d4a080ab62359a40882377289a6a3c6312e5298698557c7a3efe,12,8,224,28;28;28;28;28;28;28;28
darknet19,9b6da014c587d4a080ab62359a40882377289a6a3c6312e5298698557c7a3efe,12,13,96,12;12;12;12;12;12;12;12
darknet19,9b6da014c587d4a080ab62359a40882377289a6a3c6312e5298698557c7a3efe,13,9,224,28;28;28;28;28;28;28;28
darknet19,9b6da014c587d4a080ab62359a40882377289a6a3c6312e5298698557c7a3efe,13,12,96,12;12;12;12;12;12;12;12
darknet19,9b6da014c587d4a080ab62359a40882377289a6a3c6312e5298698557c7a3efe,13,14,128,16;16;16;16;16;16;16;16
darknet19,9b6da014c587d4a080ab62359a40882377289a6a3c6312e5298698557c7a3efe,14,10,224,28;28;28;28;28;28;28;28
darknet19,9b6da014c587d4a080ab62359a40882377289a6a3c6312e5298698557c7a3efe,14,13,128,16;16;16;16;16;16;16;16
darknet19,9b6da014c587d4a080ab62359a40882377289a6a3c6312e5298698557c7a3efe,14,15,96,12;12;12;12;12;12;12;12
darknet19,9b6da014c587d4a080ab62359a40882377289a6a3c6312e5298698557c7a3efe,15,11,224,28;28;28;28;28;28;28;28
darknet19,9b6da014c587d4a080ab62359a40882377289a6a3c6312e5298698557c7a3efe,15,14,96,12;12;12;12;12;12;12;12
vgg19,a93ebaad3efb4375ffb443af61a6c199a371947a33d6525971e7453337b9222b,0,1,96,12;12;12;12;12;12;12;12
vgg19,a93ebaad3efb4375ffb443af61a6c199a371947a33d6525971e7453337b9222b,0,4,224,28;28;28;28;28;28;28;28
vgg19,a93ebaad3efb4375ffb443af61a6c199a371947a33d6525971e7453337b9222b,1,0,96,12;12;12;12;12;12;12;12
vgg19,a93ebaad3efb4375ffb443af61a6c199a371947a33d6525971e7453337b9222b,1,2,128,16;16;16;16;16;16;16;16
vgg19,a93ebaad3efb4375ffb443af61a6c199a371947a33d6525971e7453337b9222b,1,5,224,28;28;28;28;28;28;28;28
vgg19,a93ebaad3efb4375ffb443af61a6c199a371947a33d6525971e7453337b9222b,2,1,128,16;16;16;16;16;16;16;16
vgg19,a93ebaad3efb4375ffb443af61a6c199a371947a33d6525971e7453337b9222b,2,3,96,12;12;12;12;12;12;12;12
vgg19,a93ebaad3efb4375ffb443af61a6c199a371947a33d6525971e7453337b9222b,2,6,224,28;28;28;28;28;28;28;28
vgg19,a93ebaad3efb4375ffb443af61a6c199a371947a33d6525971e7453337b9222b,3,2,96,12;12;12;12;12;12;12;12
vgg19,a93ebaad3efb4375ffb443af61a6c199a371947a33d6525971e7453337b9222b,3,7,224,28;28;28;28;28;28;28;28
vgg19,a93ebaad3efb4375ffb443af61a6c199a371947a33d6525971e7453337b9222b,4,0,128,16;16;16;16;16;16;16;16
vgg19,a93ebaad3efb4375ffb443af61a6c199a371947a33d6525971e7453337b9222b,4,5,96,12;12;12;12;12;12;12;12
vgg19,a93ebaad3efb4375ffb443af61a6c199a371947a33d6525971e7453337b9222b,4,8,160,20;20;20;20;20;20;20;20
vgg19,a93ebaad3efb4375ffb443af61a6c199a371947a33d6525971e7453337b9222b,5,1,128,16;16;16;16;16;16;16;16
vgg19,a93ebaad3efb4375ffb443af61a6c199a371947a33d6525971e7453337b9222b,5,4,96,12;12;12;12;12;12;12;12
vgg19,a93ebaad3efb4375ffb443af61a6c199a371947a33d6525971e7453337b9222b,5,6,128,16;16;16;16;16;16;16;16
vgg19,a93ebaad3efb4375ffb443af61a6c199a371947a33d6525971e7453337b9222b,5,9,160,20;20;20;20;20;20;20;20
vgg19,a93ebaad3efb4375ffb443af61a6c199a371947a33d6525971e7453337b9222b,6,2,128,16;16;16;16;16;16;16;16
vgg19,a93ebaad3efb4375ffb443af61a6c199a371947a33d6525971e7453337b9222b,6,5,128,16;16;16;16;16;16;16;16
vgg19,a93ebaad3efb4375ffb443af61a6c199a371947a33d6525971e7453337b9222b,6,7,96,12;12;12;12;12;12;12;12
vgg19,a93ebaad3efb4375ffb443af61a6c199a371947a33d6525971e7453337b9222b,6,10,160,20;20;20;20;20;20;20;20
vgg19,a93ebaad3efb4375ffb443af61a6c199a371947a33d6525971e7453337b9222b,7,3,128,16;16;16;16;16;16;16;16
vgg19,a93ebaad3efb4375ffb443af61a6c199a371947a33d6525971e7453337b9222b,7,6,96,12;12;12;12;12;12;12;12
vgg19,a93ebaad3efb4375ffb443af61a6c199a371947a33d6525971e7453337b9222b,7,11,160,20;20;20;20;20;20;20;20
vgg19,a93ebaad3efb4375ffb443af61a6c199a371947a33d6525971e7453337b9222b,8,4,160,20;20;20;20;20;20;20;20
vgg19,a93ebaad3efb4375ffb443af61a6c199a371947a33d6525971e7453337b9222b,8,9,96,12;12;12;12;12;12;12;12
vgg19,a93ebaad3efb4375ffb443af61a6c199a371947a33d6525971e7453337b9222b,8,12,128,16;16;16;16;16;16;16;16
vgg19,a93ebaad3efb4375ffb443af61a6c199a371947a33d6525971e7453337b9222b,9,5,160,20;20;20;20;20;20;20;20
vgg19,a93ebaad3efb4375ffb443af61a6c199a371947a33d6525971e7453337b9222b,9,8,96,12;12;12;12;12;12;12;12
vgg19,a93ebaad3efb4375ffb443af61a6c199a371947a33d6525971e7453337b9222b,9,10,128,16;16;16;16;16;16;16;16
vgg19,a93ebaad3efb4375ffb443af61a6c199a371947a33d6525971e7453337b9222b,9,13,128,16;16;16;16;16;16;16;16
vgg19,a93ebaad3efb4375ffb443af61a6c199a371947a33d6525971e7453337b9222b,10,6,160,20;20;20;20;20;20;20;20
vgg19,a93ebaad3efb4375ffb443af61a6c199a371947a33d6525971e7453337b9222b,10,9,128,16;16;16;16;16;16;16;16
vgg19,a93ebaad3efb4375ffb443af61a6c199a371947a33d6525971e7453337b9222b,10,11,96,12;12;12;12;12;12;12;12
vgg19,a93ebaad3efb4375ffb443af61a6c199a371947a33d6525971e7453337b9222b,10,14,128,16;16;16;16;16;16;16;16
vgg19,a93ebaad3efb4375ffb443af61a6c199a371947a33d6525971e7453337b9222b,11,7,160,20;20;20;20;20;20;20;20
vgg19,a93ebaad3efb4375ffb443af61a6c199a371947a33d6525971e7453337b9222b,11,10,96,12;12;12;12;12;12;12;12
vgg19,a93ebaad3efb4375ffb443af61a6c199a371947a33d6525971e7453337b9222b,11,15,128,16;16;16;16;16;16;16;16
vgg19,a93ebaad3efb4375ffb443af61a6c199a371947a33d6525971e7453337b9222b,12,8,224,28;28;28;28;28;28;28;28
vgg19,a93ebaad3efb4375ffb443af61a6c199a371947a33d6525971e7453337b9222b,12,13,96,12;12;12;12;12;12;12;12
vgg19,a93ebaad3efb4375ffb443af61a6c199a371947a33d6525971e7453337b9222b,13,9,224,28;28;28;28;28;28;28;28
vgg19,a93ebaad3efb4375ffb443af61a6c199a371947a33d6525971e7453337b9222b,13,12,96,12;12;12;12;12;12;12;12
vgg19,a93ebaad3efb4375ffb443af61a6c199a371947a33d6525971e7453337b9222b,13,14,128,16;16;16;16;16;16;16;16
vgg19,a93ebaad3efb4375ffb443af61a6c199a371947a33d6525971e7453337b9222b,14,10,224,28;28;28;28;28;28;28;28
vgg19,a93ebaad3efb4375ffb443af61a6c199a371947a33d6525971e7453337b9222b,14,13,128,16;16;16;16;16;16;16;16
vgg19,a93ebaad3efb4375ffb443af61a6c199a371947a33d6525971e7453337b9222b,14,15,96,12;12;12;12;12;12;12;12
vgg19,a93ebaad3efb4375ffb443af61a6c199a371947a33d6525971e7453337b9222b,15,11,224,28;28;28;28;28;28;28;28
vgg19,a93ebaad3efb4375ffb443af61a6c199a371947a33d6525971e7453337b9222b,15,14,96,12;12;12;12;12;12;12;12
resnet50,d906400229327a2cb299dc5d233b54d32c807b8072a119a38a4f4eee9cbebf3c,0,1,192,24;24;24;24;24;24;24;24
resnet50,d906400229327a2cb299dc5d233b54d32c807b8072a119a38a4f4eee9cbebf3c,0,4,224,28;28;28;28;28;28;28;28
resnet50,d906400229327a2cb299dc5d233b54d32c807b8072a119a38a4f4eee9cbebf3c,1,0,224,28;28;28;28;28;28;28;28
resnet50,d906400229327a2cb299dc5d233b54d32c807b8072a119a38a4f4eee9cbebf3c,1,2,288,36;36;36;36;36;36;36;36
resnet50,d906400229327a2cb299dc5d233b54d32c807b8072a119a38a4f4eee9cbebf3c,1,5,224,28;28;28;28;28;28;28;28
resnet50,d906400229327a2cb299dc5d233b54d32c807b8072a119a38a4f4eee9cbebf3c,2,1,288,36;36;36;36;36;36;36;36
resnet50,d906400229327a2cb299dc5d233b54d32c807b8072a119a38a4f4eee9cbebf3c,2,3,224,28;28;28;28;28;28;28;28
resnet50,d906400229327a2cb299dc5d233b54d32c807b8072a119a38a4f4eee9cbebf3c,2,6,224,28;28;28;28;28;28;28;28
resnet50,d906400229327a2cb299dc5d233b54d32c807b8072a119a38a4f4eee9cbebf3c,3,2,192,24;24;24;24;24;24;24;24
resnet50,d906400229327a2cb299dc5d233b54d32c807b8072a119a38a4f4eee9cbebf3c,3,7,224,28;28;28;28;28;28;28;28
resnet50,d906400229327a2cb299dc5d233b54d32c807b8072a119a38a4f4eee9cbebf3c,4,0,160,20;20;20;20;20;20;20;20
resnet50,d906400229327a2cb299dc5d233b54d32c807b8072a119a38a4f4eee9cbebf3c,4,5,192,24;24;24;24;24;24;24;24
resnet50,d906400229327a2cb299dc5d233b54d32c807b8072a119a38a4f4eee9cbebf3c,4,8,192,24;24;24;24;24;24;24;24
resnet50,d906400229327a2cb299dc5d233b54d32c807b8072a119a38a4f4eee9cbebf3c,5,1,160,20;20;20;20;20;20;20;20
resnet50,d906400229327a2cb299dc5d233b54d32c807b8072a119a38a4f4eee9cbebf3c,5,4,224,28;28;28;28;28;28;28;28
resnet50,d906400229327a2cb299dc5d233b54d32c807b8072a119a38a4f4eee9cbebf3c,5,6,288,36;36;36;36;36;36;36;36
resnet50,d906400229327a2cb299dc5d233b54d32c807b8072a119a38a4f4eee9cbebf3c,5,9,192,24;24;24;24;24;24;24;24
resnet50,d906400229327a2cb299dc5d233b54d32c807b8072a119a38a4f4eee9cbebf3c,6,2,160,20;20;20;20;20;20;20;20
resnet50,d906400229327a2cb299dc5d233b54d32c807b8072a119a38a4f4eee9cbebf3c,6,5,288,36;36;36;36;36;36;36;36
resnet50,d906400229327a2cb299dc5d233b54d32c807b8072a119a38a4f4eee9cbebf3c,6,7,224,28;28;28;28;28;28;28;28
resnet50,d906400229327a2cb299dc5d233b54d32c807b8072a119a38a4f4eee9cbebf3c,6,10,192,24;24;24;24;24;24;24;24
resnet50,d906400229327a2cb299dc5d233b54d32c807b8072a119a38a4f4eee9cbebf3c,7,3,160,20;20;20;20;20;20;20;20
resnet50,d906400229327a2cb299dc5d233b54d32c807b8072a119a38a4f4eee9cbebf3c,7,6,192,24;24;24;24;24;24;24;24
resnet50,d906400229327a2cb299dc5d233b54d32c807b8072a119a38a4f4eee9cbebf3c,7,11,192,24;24;24;24;24;24;24;24
resnet50,d906400229327a2cb299dc5d233b54d32c807b8072a119a38a4f4eee9cbebf3c,8,4,192,24;24;24;24;24;24;24;24
resnet50,d906400229327a2cb299dc5d233b54d32c807b8072a119a38a4f4eee9cbebf3c,8,9,192,24;24;24;24;24;24;24;24
resnet50,d906400229327a2cb299dc5d233b54d32c807b8072a119a38a4f4eee9cbebf3c,8,12,160,20;20;20;20;20;20;20;20
resnet50,d906400229327a2cb299dc5d233b54d32c807b8072a119a38a4f4eee9cbebf3c,9,5,192,24;24;24;24;24;24;24;24
resnet50,d906400229327a2cb299dc5d233b54d32c807b8072a119a38a4f4eee9cbebf3c,9,8,224,28;28;28;28;28;28;28;28
resnet50,d906400229327a2cb299dc5d233b54d32c807b8072a119a38a4f4eee9cbebf3c,9,10,288,36;36;36;36;36;36;36;36
resnet50,d906400229327a2cb299dc5d233b54d32c807b8072a119a38a4f4eee9cbebf3c,9,13,160,20;20;20;20;20;20;20;20
resnet50,d906400229327a2cb299dc5d233b54d32c807b8072a119a38a4f4eee9cbebf3c,10,6,192,24;24;24;24;24;24;24;24
resnet50,d906400229327a2cb299dc5d233b54d32c807b8072a119a38a4f4eee9cbebf3c,10,9,288,36;36;36;36;36;36;36;36
resnet50,d906400229327a2cb299dc5d233b54d32c807b8072a119a38a4f4eee9cbebf3c,10,11,224,28;28;28;28;28;28;28;28
resnet50,d906400229327a2cb299dc5d233b54d32c807b8072a119a38a4f4eee9cbebf3c,10,14,160,20;20;20;20;20;20;20;20
resnet50,d906400229327a2cb299dc5d233b54d32c807b8072a119a38a4f4eee9cbebf3c,11,7,192,24;24;24;24;24;24;24;24
resnet50,d906400229327a2cb299dc5d233b54d32c807b8072a119a38a4f4eee9cbebf3c,11,10,192,24;24;24;24;24;24;24;24
resnet50,d906400229327a2cb299dc5d233b54d32c807b8072a119a38a4f4eee9cbebf3c,11,15,160,20;20;20;20;20;20;20;20
resnet50,d906400229327a2cb299dc5d233b54d32c807b8072a119a38a4f4eee9cbebf3c,12,8,224,28;28;28;28;28;28;28;28
resnet50,d906400229327a2cb299dc5d233b54d32c807b8072a119a38a4f4eee9cbebf3c,12,13,192,24;24;24;24;24;24;24;24
resnet50,d906400229327a2cb299dc5d233b54d32c807b8072a119a38a4f4eee9cbebf3c,13,9,224,28;28;28;28;28;28;28;28
resnet50,d906400229327a2cb299dc5d233b54d32c807b8072a119a38a4f4eee9cbebf3c,13,12,224,28;28;28;28;28;28;28;28
resnet50,d906400229327a2cb299dc5d233b54d32c807b8072a119a38a4f4eee9cbebf3c,13,14,288,36;36;36;36;36;36;36;36
resnet50,d906400229327a2cb299dc5d233b54d32c807b8072a119a38a4f4eee9cbebf3c,14,10,224,28;28;28;28;28;28;28;28
resnet50,d906400229327a2cb299dc5d233b54d32c807b8072a119a38a4f4eee9cbebf3c,14,13,288,36;36;36;36;36;36;36;36
resnet50,d906400229327a2cb299dc5d233b54d32c807b8072a119a38a4f4eee9cbebf3c,14,15,224,28;28;28;28;28;28;28;28
resnet50,d906400229327a2cb299dc5d233b54d32c807b8072a119a38a4f4eee9cbebf3c,15,11,224,28;28;28;28;28;28;28;28
resnet50,d906400229327a2cb299dc5d233b54d32c807b8072a119a38a4f4eee9cbebf3c,15,14,192,24;24;24;24;24;24;24;24
googlenet,002c537be980d23ac16e411d83ac039658bfd554552fd1302db2b751d779c891,0,1,208,28;28;28;28;24;24;24;24
googlenet,002c537be980d23ac16e411d83ac039658bfd554552fd1302db2b751d779c891,0,4,256,32;32;32;32;32;32;32;32
googlenet,002c537be980d23ac16e411d83ac039658bfd554552fd1302db2b751d779c891,1,0,224,28;28;28;28;28;28;28;28
googlenet,002c537be980d23ac16e411d83ac039658bfd554552fd1302db2b751d779c891,1,2,288,36;36;36;36;36;36;36;36
googlenet,002c537be980d23ac16e411d83ac039658bfd554552fd1302db2b751d779c891,1,5,256,32;32;32;32;32;32;32;32
googlenet,002c537be980d23ac16e411d83ac039658bfd554552fd1302db2b751d779c891,2,1,288,36;36;36;36;36;36;36;36
googlenet,002c537be980d23ac16e411d83ac039658bfd554552fd1302db2b751d779c891,2,3,224,28;28;28;28;28;28;28;28
googlenet,002c537be980d23ac16e411d83ac039658bfd554552fd1302db2b751d779c891,2,6,256,32;32;32;32;32;32;32;32
googlenet,002c537be980d23ac16e411d83ac039658bfd554552fd1302db2b751d779c891,3,2,208,28;28;28;28;24;24;24;24
googlenet,002c537be980d23ac16e411d83ac039658bfd554552fd1302db2b751d779c891,3,7,256,32;32;32;32;32;32;32;32
googlenet,002c537be980d23ac16e411d83ac039658bfd554552fd1302db2b751d779c891,4,0,128,16;16;16;16;16;16;16;16
googlenet,002c537be980d23ac16e411d83ac039658bfd554552fd1302db2b751d779c891,4,5,208,28;28;28;28;24;24;24;24
googlenet,002c537be980d23ac16e411d83ac039658bfd554552fd1302db2b751d779c891,4,8,256,32;32;32;32;32;32;32;32
googlenet,002c537be980d23ac16e411d83ac039658bfd554552fd1302db2b751d779c891,5,1,128,16;16;16;16;16;16;16;16
googlenet,002c537be980d23ac16e411d83ac039658bfd554552fd1302db2b751d779c891,5,4,224,28;28;28;28;28;28;28;28
googlenet,002c537be980d23ac16e411d83ac039658bfd554552fd1302db2b751d779c891,5,6,288,36;36;36;36;36;36;36;36
googlenet,002c537be980d23ac16e411d83ac039658bfd554552fd1302db2b751d779c891,5,9,256,32;32;32;32;32;32;32;32
googlenet,002c537be980d23ac16e411d83ac039658bfd554552fd1302db2b751d779c891,6,2,128,16;16;16;16;16;16;16;16
googlenet,002c537be980d23ac16e411d83ac039658bfd554552fd1302db2b751d779c891,6,5,288,36;36;36;36;36;36;36;36
googlenet,002c537be980d23ac16e411d83ac039658bfd554552fd1302db2b751d779c891,6,7,224,28;28;28;28;28;28;28;28
googlenet,002c537be980d23ac16e411d83ac039658bfd554552fd1302db2b751d779c891,6,10,256,32;32;32;32;32;32;32;32
googlenet,002c537be980d23ac16e411d83ac039658bfd554552fd1302db2b751d779c891,7,3,128,16;16;16;16;16;16;16;16
googlenet,002c537be980d23ac16e411d83ac039658bfd554552fd1302db2b751d779c891,7,6,208,28;28;28;28;24;24;24;24
googlenet,002c537be980d23ac16e411d83ac039658bfd554552fd1302db2b751d779c891,7,11,256,32;32;32;32;32;32;32;32
googlenet,002c537be980d23ac16e411d83ac039658bfd554552fd1302db2b751d779c891,8,4,256,32;32;32;32;32;32;32;32
googlenet,002c537be980d23ac16e411d83ac039658bfd554552fd1302db2b751d779c891,8,9,208,28;28;28;28;24;24;24;24
googlenet,002c537be980d23ac16e411d83ac039658bfd554552fd1302db2b751d779c891,8,12,128,16;16;16;16;16;16;16;16
googlenet,002c537be980d23ac16e411d83ac039658bfd554552fd1302db2b751d779c891,9,5,256,32;32;32;32;32;32;32;32
googlenet,002c537be980d23ac16e411d83ac039658bfd554552fd1302db2b751d779c891,9,8,224,28;28;28;28;28;28;28;28
googlenet,002c537be980d23ac16e411d83ac039658bfd554552fd1302db2b751d779c891,9,10,288,36;36;36;36;36;36;36;36
googlenet,002c537be980d23ac16e411d83ac039658bfd554552fd1302db2b751d779c891,9,13,128,16;16;16;16;16;16;16;16
googlenet,002c537be980d23ac16e411d83ac039658bfd554552fd1302db2b751d779c891,10,6,256,32;32;32;32;32;32;32;32
googlenet,002c537be980d23ac16e411d83ac039658bfd554552fd1302db2b751d779c891,10,9,288,36;36;36;36;36;36;36;36
googlenet,002c537be980d23ac16e411d83ac039658bfd554552fd1302db2b751d779c891,10,11,224,28;28;28;28;28;28;28;28
googlenet,002c537be980d23ac16e411d83ac039658bfd554552fd1302db2b751d779c891,10,14,128,16;16;16;16;16;16;16;16
googlenet,002c537be980d23ac16e411d83ac039658bfd554552fd1302db2b751d779c891,11,7,256,32;32;32;32;32;32;32;32
googlenet,002c537be980d23ac16e411d83ac039658bfd554552fd1302db2b751d779c891,11,10,208,28;28;28;28;24;24;24;24
googlenet,002c537be980d23ac16e411d83ac039658bfd554552fd1302db2b751d779c891,11,15,128,16;16;16;16;16;16;16;16
googlenet,002c537be980d23ac16e411d83ac039658bfd554552fd1302db2b751d779c891,12,8,256,32;32;32;32;32;32;32;32
googlenet,002c537be980d23ac16e411d83ac039658bfd554552fd1302db2b751d779c891,12,13,208,28;28;28;28;24;24;24;24
googlenet,002c537be980d23ac16e411d83ac039658bfd554552fd1302db2b751d779c891,13,9,256,32;32;32;32;32;32;32;32
googlenet,002c537be980d23ac16e411d83ac039658bfd554552fd1302db2b751d779c891,13,12,224,28;28;28;28;28;28;28;28
googlenet,002c537be980d23ac16e411d83ac039658bfd554552fd1302db2b751d779c891,13,14,288,36;36;36;36;36;36;36;36
googlenet,002c537be980d23ac16e411d83ac039658bfd554552fd1302db2b751d779c891,14,10,256,32;32;32;32;32;32;32;32
googlenet,002c537be980d23ac16e411d83ac039658bfd554552fd1302db2b751d779c891,14,13,288,36;36;36;36;36;36;36;36
googlenet,002c537be980d23ac16e411d83ac039658bfd554552fd1302db2b751d779c891,14,15,224,28;28;28;28;28;28;28;28
googlenet,002c537be980d23ac16e411d83ac039658bfd554552fd1302db2b751d779c891,15,11,256,32;32;32;32;32;32;32;32
googlenet,002c537be980d23ac16e411d83ac039658bfd554552fd1302db2b751d779c891,15,14,208,28;28;28;28;24;24;24;24
resnet101,bb4e504f2ea9f61da4487a37b3dc34bb5d0a02f5d5577a30a28f3b422198cf25,0,1,192,24;24;24;24;24;24;24;24
resnet101,bb4e504f2ea9f61da4487a37b3dc34bb5d0a02f5d5577a30a28f3b422198cf25,0,4,224,28;28;28;28;28;28;28;28
resnet101,bb4e504f2ea9f61da4487a37b3dc34bb5d0a02f5d5577a30a28f3b422198cf25,1,0,224,28;28;28;28;28;28;28;28
resnet101,bb4e504f2ea9f61da4487a37b3dc34bb5d0a02f5d5577a30a28f3b422198cf25,1,2,288,36;36;36;36;36;36;36;36
resnet101,bb4e504f2ea9f61da4487a37b3dc34bb5d0a02f5d5577a30a28f3b422198cf25,1,5,224,28;28;28;28;28;28;28;28
resnet101,bb4e504f2ea9f61da4487a37b3dc34bb5d0a02f5d5577a30a28f3b422198cf25,2,1,288,36;36;36;36;36;36;36;36
resnet101,bb4e504f2ea9f61da4487a37b3dc34bb5d0a02f5d5577a30a28f3b422198cf25,2,3,224,28;28;28;28;28;28;28;28
resnet101,bb4e504f2ea9f61da4487a37b3dc34bb5d0a02f5d5577a30a28f3b422198cf25,2,6,224,28;28;28;28;28;28;28;28
resnet101,bb4e504f2ea9f61da4487a37b3dc34bb5d0a02f5d5577a30a28f3b422198cf25,3,2,192,24;24;24;24;24;24;24;24
resnet101,bb4e504f2ea9f61da4487a37b3dc34bb5d0a02f5d5577a30a28f3b422198cf25,3,7,224,28;28;28;28;28;28;28;28
resnet101,bb4e504f2ea9f61da4487a37b3dc34bb5d0a02f5d5577a30a28f3b422198cf25,4,0,160,20;20;20;20;20;20;20;20
resnet101,bb4e504f2ea9f61da4487a37b3dc34bb5d0a02f5d5577a30a28f3b422198cf25,4,5,192,24;24;24;24;24;24;24;24
resnet101,bb4e504f2ea9f61da4487a37b3dc34bb5d0a02f5d5577a30a28f3b422198cf25,4,8,192,24;24;24;24;24;24;24;24
resnet101,bb4e504f2ea9f61da4487a37b3dc34bb5d0a02f5d5577a30a28f3b422198cf25,5,1,160,20;20;20;20;20;20;20;20
resnet101,bb4e504f2ea9f61da4487a37b3dc34bb5d0a02f5d5577a30a28f3b422198cf25,5,4,224,28;28;28;28;28;28;28;28
resnet101,bb4e504f2ea9f61da4487a37b3dc34bb5d0a02f5d5577a30a28f3b422198cf25,5,6,288,36;36;36;36;36;36;36;36
resnet101,bb4e504f2ea9f61da4487a37b3dc34bb5d0a02f5d5577a30a28f3b422198cf25,5,9,192,24;24;24;24;24;24;24;24
resnet101,bb4e504f2ea9f61da4487a37b3dc34bb5d0a02f5d5577a30a28f3b422198cf25,6,2,160,20;20;20;20;20;20;20;20
resnet101,bb4e504f2ea9f61da4487a37b3dc34bb5d0a02f5d5577a30a28f3b422198cf25,6,5,288,36;36;36;36;36;36;36;36
resnet101,bb4e504f2ea9f61da4487a37b3dc34bb5d0a02f5d5577a30a28f3b422198cf25,6,7,224,28;28;28;28;28;28;28;28
resnet101,bb4e504f2ea9f61da4487a37b3dc34bb5d0a02f5d5577a30a28f3b422198cf25,6,10,192,24;24;24;24;24;24;24;24
resnet101,bb4e504f2ea9f61da4487a37b3dc34bb5d0a02f5d5577a30a28f3b422198cf25,7,3,160,20;20;20;20;20;20;20;20
resnet101,bb4e504f2ea9f61da4487a37b3dc34bb5d0a02f5d5577a30a28f3b422198cf25,7,6,192,24;24;24;24;24;24;24;24
resnet101,bb4e504f2ea9f61da4487a37b3dc34bb5d0a02f5d5577a30a28f3b422198cf25,7,11,192,24;24;24;24;24;24;24;24
resnet101,bb4e504f2ea9f61da4487a37b3dc34bb5d0a02f5d5577a30a28f3b422198cf25,8,4,192,24;24;24;24;24;24;24;24
resnet101,bb4e504f2ea9f61da4487a37b3dc34bb5d0a02f5d5577a30a28f3b422198cf25,8,9,192,24;24;24;24;24;24;24;24
resnet101,bb4e504f2ea9f61da4487a37b3dc34bb5d0a02f5d5577a30a28f3b422198cf25,8,12,160,20;20;20;20;20;20;20;20
resnet101,bb4e504f2ea9f61da4487a37b3dc34bb5d0a02f5d5577a30a28f3b422198cf25,9,5,192,24;24;24;24;24;24;24;24
resnet101,bb4e504f2ea9f61da4487a37b3dc34bb5d0a02f5d5577a30a28f3b422198cf25,9,8,224,28;28;28;28;28;28;28;28
resnet101,bb4e504f2ea9f61da4487a37b3dc34bb5d0a02f5d5577a30a28f3b422198cf25,9,10,288,36;36;36;36;36;36;36;36
resnet101,bb4e504f2ea9f61da4487a37b3dc34bb5d0a02f5d5577a30a28f3b422198cf25,9,13,160,20;20;20;20;20;20;20;20
resnet101,bb4e504f2ea9f61da4487a37b3dc34bb5d0a02f5d5577a30a28f3b422198cf25,10,6,192,24;24;24;24;24;24;24;24
resnet101,bb4e504f2ea9f61da4487a37b3dc34bb5d0a02f5d5577a30a28f3b422198cf25,10,9,288,36;36;36;36;36;36;36;36
resnet101,bb4e504f2ea9f61da4487a37b3dc34bb5d0a02f5d5577a30a28f3b422198cf25,10,11,224,28;28;28;28;28;28;28;28
resnet101,bb4e504f2ea9f61da4487a37b3dc34bb5d0a02f5d5577a30a28f3b422198cf25,10,14,160,20;20;20;20;20;20;20;20
resnet101,bb4e504f2ea9f61da4487a37b3dc34bb5d0a02f5d5577a30a28f3b422198cf25,11,7,192,24;24;24;24;24;24;24;24
resnet101,bb4e504f2ea9f61da4487a37b3dc34bb5d0a02f5d5577a30a28f3b422198cf25,11,10,192,24;24;24;24;24;24;24;24
resnet101,bb4e504f2ea9f61da4487a37b3dc34bb5d0a02f5d5577a30a28f3b422198cf25,11,15,160,20;20;20;20;20;20;20;20
resnet101,bb4e504f2ea9f61da4487a37b3dc34bb5d0a02f5d5577a30a28f3b422198cf25,12,8,224,28;28;28;28;28;28;28;28
resnet101,bb4e504f2ea9f61da4487a37b3dc34bb5d0a02f5d5577a30a28f3b422198cf25,12,13,192,24;24;24;24;24;24;24;24
resnet101,bb4e504f2ea9f61da4487a37b3dc34bb5d0a02f5d5577a30a28f3b422198cf25,13,9,224,28;28;28;28;28;28;28;28
resnet101,bb4e504f2ea9f61da4487a37b3dc34bb5d0a02f5d5577a30a28f3b422198cf25,13,12,224,28;28;28;28;28;28;28;28
resnet101,bb4e504f2ea9f61da4487a37b3dc34bb5d0a02f5d5577a30a28f3b422198cf25,13,14,288,36;36;36;36;36;36;36;36
resnet101,bb4e504f2ea9f61da4487a37b3dc34bb5d0a02f5d5577a30a28f3b422198cf25,14,10,224,28;28;28;28;28;28;28;28
resnet101,bb4e504f2ea9f61da4487a37b3dc34bb5d0a02f5d5577a30a28f3b422198cf25,14,13,288,36;36;36;36;36;36;36;36
resnet101,bb4e504f2ea9f61da4487a37b3dc34bb5d0a02f5d5577a30a28f3b422198cf25,14,15,224,28;28;28;28;28;28;28;28
resnet101,bb4e504f2ea9f61da4487a37b3dc34bb5d0a02f5d5577a30a28f3b422198cf25,15,11,224,28;28;28;28;28;28;28;28
resnet101,bb4e504f2ea9f61da4487a37b3dc34bb5d0a02f5d5577a30a28f3b422198cf25,15,14,192,24;24;24;24;24;24;24;24
densenet,032d0c89126b8ff3f7a5b16bbddc27d5313290410d3d33e39b8d3a742e516b36,0,1,96,12;12;12;12;12;12;12;12
densenet,032d0c89126b8ff3f7a5b16bbddc27d5313290410d3d33e39b8d3a742e516b36,0,4,224,28;28;28;28;28;28;28;28
densenet,032d0c89126b8ff3f7a5b16bbddc27d5313290410d3d33e39b8d3a742e516b36,1,0,192,24;24;24;24;24;24;24;24
densenet,032d0c89126b8ff3f7a5b16bbddc27d5313290410d3d33e39b8d3a742e516b36,1,2,160,20;20;20;20;20;20;20;20
densenet,032d0c89126b8ff3f7a5b16bbddc27d5313290410d3d33e39b8d3a742e516b36,1,5,224,28;28;28;28;28;28;28;28
densenet,032d0c89126b8ff3f7a5b16bbddc27d5313290410d3d33e39b8d3a742e516b36,2,1,160,20;20;20;20;20;20;20;20
densenet,032d0c89126b8ff3f7a5b16bbddc27d5313290410d3d33e39b8d3a742e516b36,2,3,192,24;24;24;24;24;24;24;24
densenet,032d0c89126b8ff3f7a5b16bbddc27d5313290410d3d33e39b8d3a742e516b36,2,6,224,28;28;28;28;28;28;28;28
densenet,032d0c89126b8ff3f7a5b16bbddc27d5313290410d3d33e39b8d3a742e516b36,3,2,96,12;12;12;12;12;12;12;12
densenet,032d0c89126b8ff3f7a5b16bbddc27d5313290410d3d33e39b8d3a742e516b36,3,7,224,28;28;28;28;28;28;28;28
densenet,032d0c89126b8ff3f7a5b16bbddc27d5313290410d3d33e39b8d3a742e516b36,4,0,128,16;16;16;16;16;16;16;16
densenet,032d0c89126b8ff3f7a5b16bbddc27d5313290410d3d33e39b8d3a742e516b36,4,5,96,12;12;12;12;12;12;12;12
densenet,032d0c89126b8ff3f7a5b16bbddc27d5313290410d3d33e39b8d3a742e516b36,4,8,160,20;20;20;20;20;20;20;20
densenet,032d0c89126b8ff3f7a5b16bbddc27d5313290410d3d33e39b8d3a742e516b36,5,1,128,16;16;16;16;16;16;16;16
densenet,032d0c89126b8ff3f7a5b16bbddc27d5313290410d3d33e39b8d3a742e516b36,5,4,192,24;24;24;24;24;24;24;24
densenet,032d0c89126b8ff3f7a5b16bbddc27d5313290410d3d33e39b8d3a742e516b36,5,6,160,20;20;20;20;20;20;20;20
densenet,032d0c89126b8ff3f7a5b16bbddc27d5313290410d3d33e39b8d3a742e516b36,5,9,160,20;20;20;20;20;20;20;20
densenet,032d0c89126b8ff3f7a5b16bbddc27d5313290410d3d33e39b8d3a742e516b36,6,2,128,16;16;16;16;16;16;16;16
densenet,032d0c89126b8ff3f7a5b16bbddc27d5313290410d3d33e39b8d3a742e516b36,6,5,160,20;20;20;20;20;20;20;20
densenet,032d0c89126b8ff3f7a5b16bbddc27d5313290410d3d33e39b8d3a742e516b36,6,7,192,24;24;24;24;24;24;24;24
densenet,032d0c89126b8ff3f7a5b16bbddc27d5313290410d3d33e39b8d3a742e516b36,6,10,160,20;20;20;20;20;20;20;20
densenet,032d0c89126b8ff3f7a5b16bbddc27d5313290410d3d33e39b8d3a742e516b36,7,3,128,16;16;16;16;16;16;16;16
densenet,032d0c89126b8ff3f7a5b16bbddc27d5313290410d3d33e39b8d3a742e516b36,7,6,96,12;12;12;12;12;12;12;12
densenet,032d0c89126b8ff3f7a5b16bbddc27d5313290410d3d33e39b8d3a742e516b36,7,11,160,20;20;20;20;20;20;20;20
densenet,032d0c89126b8ff3f7a5b16bbddc27d5313290410d3d33e39b8d3a742e516b36,8,4,160,20;20;20;20;20;20;20;20
densenet,032d0c89126b8ff3f7a5b16bbddc27d5313290410d3d33e39b8d3a742e516b36,8,9,96,12;12;12;12;12;12;12;12
densenet,032d0c89126b8ff3f7a5b16bbddc27d5313290410d3d33e39b8d3a742e516b36,8,12,128,16;16;16;16;16;16;16;16
densenet,032d0c89126b8ff3f7a5b16bbddc27d5313290410d3d33e39b8d3a742e516b36,9,5,160,20;20;20;20;20;20;20;20
densenet,032d0c89126b8ff3f7a5b16bbddc27d5313290410d3d33e39b8d3a742e516b36,9,8,192,24;24;24;24;24;24;24;24
densenet,032d0c89126b8ff3f7a5b16bbddc27d5313290410d3d33e39b8d3a742e516b36,9,10,160,20;20;20;20;20;20;20;20
densenet,032d0c89126b8ff3f7a5b16bbddc27d5313290410d3d33e39b8d3a742e516b36,9,13,128,16;16;16;16;16;16;16;16
densenet,032d0c89126b8ff3f7a5b16bbddc27d5313290410d3d33e39b8d3a742e516b36,10,6,160,20;20;20;20;20;20;20;20
densenet,032d0c89126b8ff3f7a5b16bbddc27d5313290410d3d33e39b8d3a742e516b36,10,9,160,20;20;20;20;20;20;20;20
densenet,032d0c89126b8ff3f7a5b16bbddc27d5313290410d3d33e39b8d3a742e516b36,10,11,192,24;24;24;24;24;24;24;24
densenet,032d0c89126b8ff3f7a5b16bbddc27d5313290410d3d33e39b8d3a742e516b36,10,14,128,16;16;16;16;16;16;16;16
densenet,032d0c89126b8ff3f7a5b16bbddc27d5313290410d3d33e39b8d3a742e516b36,11,7,160,20;20;20;20;20;20;20;20
densenet,032d0c89126b8ff3f7a5b16bbddc27d5313290410d3d33e39b8d3a742e516b36,11,10,96,12;12;12;12;12;12;12;12
densenet,032d0c89126b8ff3f7a5b16bbddc27d5313290410d3d33e39b8d3a742e516b36,11,15,128,16;16;16;16;16;16;16;16
densenet,032d0c89126b8ff3f7a5b16bbddc27d5313290410d3d33e39b8d3a742e516b36,12,8,224,28;28;28;28;28;28;28;28
densenet,032d0c89126b8ff3f7a5b16bbddc27d5313290410d3d33e39b8d3a742e516b36,12,13,96,12;12;12;12;12;12;12;12
densenet,032d0c89126b8ff3f7a5b16bbddc27d5313290410d3d33e39b8d3a742e516b36,13,9,224,28;28;28;28;28;28;28;28
densenet,032d0c89126b8ff3f7a5b16bbddc27d5313290410d3d33e39b8d3a742e516b36,13,12,192,24;24;24;24;24;24;24;24
densenet,032d0c89126b8ff3f7a5b16bbddc27d5313290410d3d33e39b8d3a742e516b36,13,14,160,20;20;20;20;20;20;20;20
densenet,032d0c89126b8ff3f7a5b16bbddc27d5313290410d3d33e39b8d3a742e516b36,14,10,224,28;28;28;28;28;28;28;28
densenet,032d0c89126b8ff3f7a5b16bbddc27d5313290410d3d33e39b8d3a742e516b36,14,13,160,20;20;20;20;20;20;20;20
densenet,032d0c89126b8ff3f7a5b16bbddc27d5313290410d3d33e39b8d3a742e516b36,14,15,192,24;24;24;24;24;24;24;24
densenet,032d0c89126b8ff3f7a5b16bbddc27d5313290410d3d33e39b8d3a742e516b36,15,11,224,28;28;28;28;28;28;28;28
densenet,032d0c89126b8ff3f7a5b16bbddc27d5313290410d3d33e39b8d3a742e516b36,15,14,96,12;12;12;12;12;12;12;12
inception_resnet_v1,006ef2d0864cad13aaa83397d3088044f9c8efe4d6895d333e5454deb62e7c29,0,1,96,12;12;12;12;12;12;12;12
inception_resnet_v1,006ef2d0864cad13aaa83397d3088044f9c8efe4d6895d333e5454deb62e7c29,0,4,224,28;28;28;28;28;28;28;28
inception_resnet_v1,006ef2d0864cad13aaa83397d3088044f9c8efe4d6895d333e5454deb62e7c29,1,0,96,12;12;12;12;12;12;12;12
inception_resnet_v1,006ef2d0864cad13aaa83397d3088044f9c8efe4d6895d333e5454deb62e7c29,1,2,128,16;16;16;16;16;16;16;16
inception_resnet_v1,006ef2d0864cad13aaa83397d3088044f9c8efe4d6895d333e5454deb62e7c29,1,5,224,28;28;28;28;28;28;28;28
inception_resnet_v1,006ef2d0864cad13aaa83397d3088044f9c8efe4d6895d333e5454deb62e7c29,2,1,128,16;16;16;16;16;16;16;16
inception_resnet_v1,006ef2d0864cad13aaa83397d3088044f9c8efe4d6895d333e5454deb62e7c29,2,3,96,12;12;12;12;12;12;12;12
inception_resnet_v1,006ef2d0864cad13aaa83397d3088044f9c8efe4d6895d333e5454deb62e7c29,2,6,224,28;28;28;28;28;28;28;28
inception_resnet_v1,006ef2d0864cad13aaa83397d3088044f9c8efe4d6895d333e5454deb62e7c29,3,2,96,12;12;12;12;12;12;12;12
inception_resnet_v1,006ef2d0864cad13aaa83397d3088044f9c8efe4d6895d333e5454deb62e7c29,3,7,224,28;28;28;28;28;28;28;28
inception_resnet_v1,006ef2d0864cad13aaa83397d3088044f9c8efe4d6895d333e5454deb62e7c29,4,0,160,20;20;20;20;20;20;20;20
inception_resnet_v1,006ef2d0864cad13aaa83397d3088044f9c8efe4d6895d333e5454deb62e7c29,4,5,96,12;12;12;12;12;12;12;12
inception_resnet_v1,006ef2d0864cad13aaa83397d3088044f9c8efe4d6895d333e5454deb62e7c29,4,8,192,24;24;24;24;24;24;24;24
inception_resnet_v1,006ef2d0864cad13aaa83397d3088044f9c8efe4d6895d333e5454deb62e7c29,5,1,160,20;20;20;20;20;20;20;20
inception_resnet_v1,006ef2d0864cad13aaa83397d3088044f9c8efe4d6895d333e5454deb62e7c29,5,4,96,12;12;12;12;12;12;12;12
inception_resnet_v1,006ef2d0864cad13aaa83397d3088044f9c8efe4d6895d333e5454deb62e7c29,5,6,128,16;16;16;16;16;16;16;16
inception_resnet_v1,006ef2d0864cad13aaa83397d3088044f9c8efe4d6895d333e5454deb62e7c29,5,9,192,24;24;24;24;24;24;24;24
inception_resnet_v1,006ef2d0864cad13aaa83397d3088044f9c8efe4d6895d333e5454deb62e7c29,6,2,160,20;20;20;20;20;20;20;20
inception_resnet_v1,006ef2d0864cad13aaa83397d3088044f9c8efe4d6895d333e5454deb62e7c29,6,5,128,16;16;16;16;16;16;16;16
inception_resnet_v1,006ef2d0864cad13aaa83397d3088044f9c8efe4d6895d333e5454deb62e7c29,6,7,96,12;12;12;12;12;12;12;12
inception_resnet_v1,006ef2d0864cad13aaa83397d3088044f9c8efe4d6895d333e5454deb62e7c29,6,10,192,24;24;24;24;24;24;24;24
inception_resnet_v1,006ef2d0864cad13aaa83397d3088044f9c8efe4d6895d333e5454deb62e7c29,7,3,160,20;20;20;20;20;20;20;20
inception_resnet_v1,006ef2d0864cad13aaa83397d3088044f9c8efe4d6895d333e5454deb62e7c29,7,6,96,12;12;12;12;12;12;12;12
inception_resnet_v1,006ef2d0864cad13aaa83397d3088044f9c8efe4d6895d333e5454deb62e7c29,7,11,192,24;24;24;24;24;24;24;24
inception_resnet_v1,006ef2d0864cad13aaa83397d3088044f9c8efe4d6895d333e5454deb62e7c29,8,4,192,24;24;24;24;24;24;24;24
inception_resnet_v1,006ef2d0864cad13aaa83397d3088044f9c8efe4d6895d333e5454deb62e7c29,8,9,96,12;12;12;12;12;12;12;12
inception_resnet_v1,006ef2d0864cad13aaa83397d3088044f9c8efe4d6895d333e5454deb62e7c29,8,12,160,20;20;20;20;20;20;20;20
inception_resnet_v1,006ef2d0864cad13aaa83397d3088044f9c8efe4d6895d333e5454deb62e7c29,9,5,192,24;24;24;24;24;24;24;24
inception_resnet_v1,006ef2d0864cad13aaa83397d3088044f9c8efe4d6895d333e5454deb62e7c29,9,8,96,12;12;12;12;12;12;12;12
inception_resnet_v1,006ef2d0864cad13aaa83397d3088044f9c8efe4d6895d333e5454deb62e7c29,9,10,128,16;16;16;16;16;16;16;16
inception_resnet_v1,006ef2d0864cad13aaa83397d3088044f9c8efe4d6895d333e5454deb62e7c29,9,13,160,20;20;20;20;20;20;20;20
inception_resnet_v1,006ef2d0864cad13aaa83397d3088044f9c8efe4d6895d333e5454deb62e7c29,10,6,192,24;24;24;24;24;24;24;24
inception_resnet_v1,006ef2d0864cad13aaa83397d3088044f9c8efe4d6895d333e5454deb62e7c29,10,9,128,16;16;16;16;16;16;16;16
inception_resnet_v1,006ef2d0864cad13aaa83397d3088044f9c8efe4d6895d333e5454deb62e7c29,10,11,96,12;12;12;12;12;12;12;12
inception_resnet_v1,006ef2d0864cad13aaa83397d3088044f9c8efe4d6895d333e5454deb62e7c29,10,14,160,20;20;20;20;20;20;20;20
inception_resnet_v1,006ef2d0864cad13aaa83397d3088044f9c8efe4d6895d333e5454deb62e7c29,11,7,192,24;24;24;24;24;24;24;24
inception_resnet_v1,006ef2d0864cad13aaa83397d3088044f9c8efe4d6895d333e5454deb62e7c29,11,10,96,12;12;12;12;12;12;12;12
inception_resnet_v1,006ef2d0864cad13aaa83397d3088044f9c8efe4d6895d333e5454deb62e7c29,11,15,160,20;20;20;20;20;20;20;20
inception_resnet_v1,006ef2d0864cad13aaa83397d3088044f9c8efe4d6895d333e5454deb62e7c29,12,8,224,28;28;28;28;28;28;28;28
inception_resnet_v1,006ef2d0864cad13aaa83397d3088044f9c8efe4d6895d333e5454deb62e7c29,12,13,96,12;12;12;12;12;12;12;12
inception_resnet_v1,006ef2d0864cad13aaa83397d3088044f9c8efe4d6895d333e5454deb62e7c29,13,9,224,28;28;28;28;28;28;28;28
inception_resnet_v1,006ef2d0864cad13aaa83397d3088044f9c8efe4d6895d333e5454deb62e7c29,13,12,96,12;12;12;12;12;12;12;12
inception_resnet_v1,006ef2d0864cad13aaa83397d3088044f9c8efe4d6895d333e5454deb62e7c29,13,14,128,16;16;16;16;16;16;16;16
inception_resnet_v1,006ef2d0864cad13aaa83397d3088044f9c8efe4d6895d333e5454deb62e7c29,14,10,224,28;28;28;28;28;28;28;28
inception_resnet_v1,006ef2d0864cad13aaa83397d3088044f9c8efe4d6895d333e5454deb62e7c29,14,13,128,16;16;16;16;16;16;16;16
inception_resnet_v1,006ef2d0864cad13aaa83397d3088044f9c8efe4d6895d333e5454deb62e7c29,14,15,96,12;12;12;12;12;12;12;12
inception_resnet_v1,006ef2d0864cad13aaa83397d3088044f9c8efe4d6895d333e5454deb62e7c29,15,11,224,28;28;28;28;28;28;28;28
inception_resnet_v1,006ef2d0864cad13aaa83397d3088044f9c8efe4d6895d333e5454deb62e7c29,15,14,96,12;12;12;12;12;12;12;12
pnasnet,6d4bafbe427d8cab9518cb8c622d3f7fbd2fc53335ff9a5eb9cb077485a90ec3,0,1,128,16;16;16;16;16;16;16;16
pnasnet,6d4bafbe427d8cab9518cb8c622d3f7fbd2fc53335ff9a5eb9cb077485a90ec3,0,4,240,28;28;28;28;32;32;32;32
pnasnet,6d4bafbe427d8cab9518cb8c622d3f7fbd2fc53335ff9a5eb9cb077485a90ec3,1,0,128,16;16;16;16;16;16;16;16
pnasnet,6d4bafbe427d8cab9518cb8c622d3f7fbd2fc53335ff9a5eb9cb077485a90ec3,1,2,160,20;20;20;20;20;20;20;20
pnasnet,6d4bafbe427d8cab9518cb8c622d3f7fbd2fc53335ff9a5eb9cb077485a90ec3,1,5,224,28;28;28;28;28;28;28;28
pnasnet,6d4bafbe427d8cab9518cb8c622d3f7fbd2fc53335ff9a5eb9cb077485a90ec3,2,1,160,20;20;20;20;20;20;20;20
pnasnet,6d4bafbe427d8cab9518cb8c622d3f7fbd2fc53335ff9a5eb9cb077485a90ec3,2,3,128,16;16;16;16;16;16;16;16
pnasnet,6d4bafbe427d8cab9518cb8c622d3f7fbd2fc53335ff9a5eb9cb077485a90ec3,2,6,224,28;28;28;28;28;28;28;28
pnasnet,6d4bafbe427d8cab9518cb8c622d3f7fbd2fc53335ff9a5eb9cb077485a90ec3,3,2,128,16;16;16;16;16;16;16;16
pnasnet,6d4bafbe427d8cab9518cb8c622d3f7fbd2fc53335ff9a5eb9cb077485a90ec3,3,7,224,28;28;28;28;28;28;28;28
pnasnet,6d4bafbe427d8cab9518cb8c622d3f7fbd2fc53335ff9a5eb9cb077485a90ec3,4,0,160,20;20;20;20;20;20;20;20
pnasnet,6d4bafbe427d8cab9518cb8c622d3f7fbd2fc53335ff9a5eb9cb077485a90ec3,4,5,128,16;16;16;16;16;16;16;16
pnasnet,6d4bafbe427d8cab9518cb8c622d3f7fbd2fc53335ff9a5eb9cb077485a90ec3,4,8,192,24;24;24;24;24;24;24;24
pnasnet,6d4bafbe427d8cab9518cb8c622d3f7fbd2fc53335ff9a5eb9cb077485a90ec3,5,1,160,20;20;20;20;20;20;20;20
pnasnet,6d4bafbe427d8cab9518cb8c622d3f7fbd2fc53335ff9a5eb9cb077485a90ec3,5,4,128,16;16;16;16;16;16;16;16
pnasnet,6d4bafbe427d8cab9518cb8c622d3f7fbd2fc53335ff9a5eb9cb077485a90ec3,5,6,160,20;20;20;20;20;20;20;20
pnasnet,6d4bafbe427d8cab9518cb8c622d3f7fbd2fc53335ff9a5eb9cb077485a90ec3,5,9,192,24;24;24;24;24;24;24;24
pnasnet,6d4bafbe427d8cab9518cb8c622d3f7fbd2fc53335ff9a5eb9cb077485a90ec3,6,2,160,20;20;20;20;20;20;20;20
pnasnet,6d4bafbe427d8cab9518cb8c622d3f7fbd2fc53335ff9a5eb9cb077485a90ec3,6,5,160,20;20;20;20;20;20;20;20
pnasnet,6d4bafbe427d8cab9518cb8c622d3f7fbd2fc53335ff9a5eb9cb077485a90ec3,6,7,128,16;16;16;16;16;16;16;16
pnasnet,6d4bafbe427d8cab9518cb8c622d3f7fbd2fc53335ff9a5eb9cb077485a90ec3,6,10,192,24;24;24;24;24;24;24;24
pnasnet,6d4bafbe427d8cab9518cb8c622d3f7fbd2fc53335ff9a5eb9cb077485a90ec3,7,3,160,20;20;20;20;20;20;20;20
pnasnet,6d4bafbe427d8cab9518cb8c622d3f7fbd2fc53335ff9a5eb9cb077485a90ec3,7,6,128,16;16;16;16;16;16;16;16
pnasnet,6d4bafbe427d8cab9518cb8c622d3f7fbd2fc53335ff9a5eb9cb077485a90ec3,7,11,192,24;24;24;24;24;24;24;24
pnasnet,6d4bafbe427d8cab9518cb8c622d3f7fbd2fc53335ff9a5eb9cb077485a90ec3,8,4,192,24;24;24;24;24;24;24;24
pnasnet,6d4bafbe427d8cab9518cb8c622d3f7fbd2fc53335ff9a5eb9cb077485a90ec3,8,9,128,16;16;16;16;16;16;16;16
pnasnet,6d4bafbe427d8cab9518cb8c622d3f7fbd2fc53335ff9a5eb9cb077485a90ec3,8,12,160,20;20;20;20;20;20;20;20
pnasnet,6d4bafbe427d8cab9518cb8c622d3f7fbd2fc53335ff9a5eb9cb077485a90ec3,9,5,192,24;24;24;24;24;24;24;24
pnasnet,6d4bafbe427d8cab9518cb8c622d3f7fbd2fc53335ff9a5eb9cb077485a90ec3,9,8,128,16;16;16;16;16;16;16;16
pnasnet,6d4bafbe427d8cab9518cb8c622d3f7fbd2fc53335ff9a5eb9cb077485a90ec3,9,10,160,20;20;20;20;20;20;20;20
pnasnet,6d4bafbe427d8cab9518cb8c622d3f7fbd2fc53335ff9a5eb9cb077485a90ec3,9,13,160,20;20;20;20;20;20;20;20
pnasnet,6d4bafbe427d8cab9518cb8c622d3f7fbd2fc53335ff9a5eb9cb077485a90ec3,10,6,192,24;24;24;24;24;24;24;24
pnasnet,6d4bafbe427d8cab9518cb8c622d3f7fbd2fc53335ff9a5eb9cb077485a90ec3,10,9,160,20;20;20;20;20;20;20;20
pnasnet,6d4bafbe427d8cab9518cb8c622d3f7fbd2fc53335ff9a5eb9cb077485a90ec3,10,11,128,16;16;16;16;16;16;16;16
pnasnet,6d4bafbe427d8cab9518cb8c622d3f7fbd2fc53335ff9a5eb9cb077485a90ec3,10,14,160,20;20;20;20;20;20;20;20
pnasnet,6d4bafbe427d8cab9518cb8c622d3f7fbd2fc53335ff9a5eb9cb077485a90ec3,11,7,192,24;24;24;24;24;24;24;24
pnasnet,6d4bafbe427d8cab9518cb8c622d3f7fbd2fc53335ff9a5eb9cb077485a90ec3,11,10,128,16;16;16;16;16;16;16;16
pnasnet,6d4bafbe427d8cab9518cb8c622d3f7fbd2fc53335ff9a5eb9cb077485a90ec3,11,15,160,20;20;20;20;20;20;20;20
pnasnet,6d4bafbe427d8cab9518cb8c622d3f7fbd2fc53335ff9a5eb9cb077485a90ec3,12,8,224,28;28;28;28;28;28;28;28
pnasnet,6d4bafbe427d8cab9518cb8c622d3f7fbd2fc53335ff9a5eb9cb077485a90ec3,12,13,128,16;16;16;16;16;16;16;16
pnasnet,6d4bafbe427d8cab9518cb8c622d3f7fbd2fc53335ff9a5eb9cb077485a90ec3,13,9,224,28;28;28;28;28;28;28;28
pnasnet,6d4bafbe427d8cab9518cb8c622d3f7fbd2fc53335ff9a5eb9cb077485a90ec3,13,12,128,16;16;16;16;16;16;16;16
pnasnet,6d4bafbe427d8cab9518cb8c622d3f7fbd2fc53335ff9a5eb9cb077485a90ec3,13,14,160,20;20;20;20;20;20;20;20
pnasnet,6d4bafbe427d8cab9518cb8c622d3f7fbd2fc53335ff9a5eb9cb077485a90ec3,14,10,224,28;28;28;28;28;28;28;28
pnasnet,6d4bafbe427d8cab9518cb8c622d3f7fbd2fc53335ff9a5eb9cb077485a90ec3,14,13,160,20;20;20;20;20;20;20;20
pnasnet,6d4bafbe427d8cab9518cb8c622d3f7fbd2fc53335ff9a5eb9cb077485a90ec3,14,15,128,16;16;16;16;16;16;16;16
pnasnet,6d4bafbe427d8cab9518cb8c622d3f7fbd2fc53335ff9a5eb9cb077485a90ec3,15,11,224,28;28;28;28;28;28;28;28
pnasnet,6d4bafbe427d8cab9518cb8c622d3f7fbd2fc53335ff9a5eb9cb077485a90ec3,15,14,128,16;16;16;16;16;16;16;16
resnext50,7756791b6d1c6f2d75348de6867ac519beca2fcf5be997ff043b48c9ef9cf8b8,0,1,192,24;24;24;24;24;24;24;24
resnext50,7756791b6d1c6f2d75348de6867ac519beca2fcf5be997ff043b48c9ef9cf8b8,0,4,224,28;28;28;28;28;28;28;28
resnext50,7756791b6d1c6f2d75348de6867ac519beca2fcf5be997ff043b48c9ef9cf8b8,1,0,224,28;28;28;28;28;28;28;28
resnext50,7756791b6d1c6f2d75348de6867ac519beca2fcf5be997ff043b48c9ef9cf8b8,1,2,288,36;36;36;36;36;36;36;36
resnext50,7756791b6d1c6f2d75348de6867ac519beca2fcf5be997ff043b48c9ef9cf8b8,1,5,224,28;28;28;28;28;28;28;28
resnext50,7756791b6d1c6f2d75348de6867ac519beca2fcf5be997ff043b48c9ef9cf8b8,2,1,288,36;36;36;36;36;36;36;36
resnext50,7756791b6d1c6f2d75348de6867ac519beca2fcf5be997ff043b48c9ef9cf8b8,2,3,224,28;28;28;28;28;28;28;28
resnext50,7756791b6d1c6f2d75348de6867ac519beca2fcf5be997ff043b48c9ef9cf8b8,2,6,224,28;28;28;28;28;28;28;28
resnext50,7756791b6d1c6f2d75348de6867ac519beca2fcf5be997ff043b48c9ef9cf8b8,3,2,192,24;24;24;24;24;24;24;24
resnext50,7756791b6d1c6f2d75348de6867ac519beca2fcf5be997ff043b48c9ef9cf8b8,3,7,224,28;28;28;28;28;28;28;28
resnext50,7756791b6d1c6f2d75348de6867ac519beca2fcf5be997ff043b48c9ef9cf8b8,4,0,160,20;20;20;20;20;20;20;20
resnext50,7756791b6d1c6f2d75348de6867ac519beca2fcf5be997ff043b48c9ef9cf8b8,4,5,192,24;24;24;24;24;24;24;24
resnext50,7756791b6d1c6f2d75348de6867ac519beca2fcf5be997ff043b48c9ef9cf8b8,4,8,192,24;24;24;24;24;24;24;24
resnext50,7756791b6d1c6f2d75348de6867ac519beca2fcf5be997ff043b48c9ef9cf8b8,5,1,160,20;20;20;20;20;20;20;20
resnext50,7756791b6d1c6f2d75348de6867ac519beca2fcf5be997ff043b48c9ef9cf8b8,5,4,224,28;28;28;28;28;28;28;28
resnext50,7756791b6d1c6f2d75348de6867ac519beca2fcf5be997ff043b48c9ef9cf8b8,5,6,288,36;36;36;36;36;36;36;36
resnext50,7756791b6d1c6f2d75348de6867ac519beca2fcf5be997ff043b48c9ef9cf8b8,5,9,192,24;24;24;24;24;24;24;24
resnext50,7756791b6d1c6f2d75348de6867ac519beca2fcf5be997ff043b48c9ef9cf8b8,6,2,160,20;20;20;20;20;20;20;20
resnext50,7756791b6d1c6f2d75348de6867ac519beca2fcf5be997ff043b48c9ef9cf8b8,6,5,288,36;36;36;36;36;36;36;36
resnext50,7756791b6d1c6f2d75348de6867ac519beca2fcf5be997ff043b48c9ef9cf8b8,6,7,224,28;28;28;28;28;28;28;28
resnext50,7756791b6d1c6f2d75348de6867ac519beca2fcf5be997ff043b48c9ef9cf8b8,6,10,192,24;24;24;24;24;24;24;24
resnext50,7756791b6d1c6f2d75348de6867ac519beca2fcf5be997ff043b48c9ef9cf8b8,7,3,160,20;20;20;20;20;20;20;20
resnext50,7756791b6d1c6f2d75348de6867ac519beca2fcf5be997ff043b48c9ef9cf8b8,7,6,192,24;24;24;24;24;24;24;24
resnext50,7756791b6d1c6f2d75348de6867ac519beca2fcf5be997ff043b48c9ef9cf8b8,7,11,192,24;24;24;24;24;24;24;24
resnext50,7756791b6d1c6f2d75348de6867ac519beca2fcf5be997ff043b48c9ef9cf8b8,8,4,192,24;24;24;24;24;24;24;24
resnext50,7756791b6d1c6f2d75348de6867ac519beca2fcf5be997ff043b48c9ef9cf8b8,8,9,192,24;24;24;24;24;24;24;24
resnext50,7756791b6d1c6f2d75348de6867ac519beca2fcf5be997ff043b48c9ef9cf8b8,8,12,160,20;20;20;20;20;20;20;20
resnext50,7756791b6d1c6f2d75348de6867ac519beca2fcf5be997ff043b48c9ef9cf8b8,9,5,192,24;24;24;24;24;24;24;24
resnext50,7756791b6d1c6f2d75348de6867ac519beca2fcf5be997ff043b48c9ef9cf8b8,9,8,224,28;28;28;28;28;28;28;28
resnext50,7756791b6d1c6f2d75348de6867ac519beca2fcf5be997ff043b48c9ef9cf8b8,9,10,288,36;36;36;36;36;36;36;36
resnext50,7756791b6d1c6f2d75348de6867ac519beca2fcf5be997ff043b48c9ef9cf8b8,9,13,160,20;20;20;20;20;20;20;20
resnext50,7756791b6d1c6f2d75348de6867ac519beca2fcf5be997ff043b48c9ef9cf8b8,10,6,192,24;24;24;24;24;24;24;24
resnext50,7756791b6d1c6f2d75348de6867ac519beca2fcf5be997ff043b48c9ef9cf8b8,10,9,288,36;36;36;36;36;36;36;36
resnext50,7756791b6d1c6f2d75348de6867ac519beca2fcf5be997ff043b48c9ef9cf8b8,10,11,224,28;28;28;28;28;28;28;28
resnext50,7756791b6d1c6f2d75348de6867ac519beca2fcf5be997ff043b48c9ef9cf8b8,10,14,160,20;20;20;20;20;20;20;20
resnext50,7756791b6d1c6f2d75348de6867ac519beca2fcf5be997ff043b48c9ef9cf8b8,11,7,192,24;24;24;24;24;24;24;24
resnext50,7756791b6d1c6f2d75348de6867ac519beca2fcf5be997ff043b48c9ef9cf8b8,11,10,192,24;24;24;24;24;24;24;24
resnext50,7756791b6d1c6f2d75348de6867ac519beca2fcf5be997ff043b48c9ef9cf8b8,11,15,160,20;20;20;20;20;20;20;20
resnext50,7756791b6d1c6f2d75348de6867ac519beca2fcf5be997ff043b48c9ef9cf8b8,12,8,224,28;28;28;28;28;28;28;28
resnext50,7756791b6d1c6f2d75348de6867ac519beca2fcf5be997ff043b48c9ef9cf8b8,12,13,192,24;24;24;24;24;24;24;24
resnext50,7756791b6d1c6f2d75348de6867ac519beca2fcf5be997ff043b48c9ef9cf8b8,13,9,224,28;28;28;28;28;28;28;28
resnext50,7756791b6d1c6f2d75348de6867ac519beca2fcf5be997ff043b48c9ef9cf8b8,13,12,224,28;28;28;28;28;28;28;28
resnext50,7756791b6d1c6f2d75348de6867ac519beca2fcf5be997ff043b48c9ef9cf8b8,13,14,288,36;36;36;36;36;36;36;36
resnext50,7756791b6d1c6f2d75348de6867ac519beca2fcf5be997ff043b48c9ef9cf8b8,14,10,224,28;28;28;28;28;28;28;28
resnext50,7756791b6d1c6f2d75348de6867ac519beca2fcf5be997ff043b48c9ef9cf8b8,14,13,288,36;36;36;36;36;36;36;36
resnext50,7756791b6d1c6f2d75348de6867ac519beca2fcf5be997ff043b48c9ef9cf8b8,14,15,224,28;28;28;28;28;28;28;28
resnext50,7756791b6d1c6f2d75348de6867ac519beca2fcf5be997ff043b48c9ef9cf8b8,15,11,224,28;28;28;28;28;28;28;28
resnext50,7756791b6d1c6f2d75348de6867ac519beca2fcf5be997ff043b48c9ef9cf8b8,15,14,192,24;24;24;24;24;24;24;24
resnet152,93d69d06bcb49c42f3de69a60b207564e2faec560ec342fa6d7c0904d24ff8cc,0,1,192,24;24;24;24;24;24;24;24
resnet152,93d69d06bcb49c42f3de69a60b207564e2faec560ec342fa6d7c0904d24ff8cc,0,4,224,28;28;28;28;28;28;28;28
resnet152,93d69d06bcb49c42f3de69a60b207564e2faec560ec342fa6d7c0904d24ff8cc,1,0,224,28;28;28;28;28;28;28;28
resnet152,93d69d06bcb49c42f3de69a60b207564e2faec560ec342fa6d7c0904d24ff8cc,1,2,288,36;36;36;36;36;36;36;36
resnet152,93d69d06bcb49c42f3de69a60b207564e2faec560ec342fa6d7c0904d24ff8cc,1,5,224,28;28;28;28;28;28;28;28
resnet152,93d69d06bcb49c42f3de69a60b207564e2faec560ec342fa6d7c0904d24ff8cc,2,1,288,36;36;36;36;36;36;36;36
resnet152,93d69d06bcb49c42f3de69a60b207564e2faec560ec342fa6d7c0904d24ff8cc,2,3,224,28;28;28;28;28;28;28;28
resnet152,93d69d06bcb49c42f3de69a60b207564e2faec560ec342fa6d7c0904d24ff8cc,2,6,224,28;28;28;28;28;28;28;28
resnet152,93d69d06bcb49c42f3de69a60b207564e2faec560ec342fa6d7c0904d24ff8cc,3,2,192,24;24;24;24;24;24;24;24
resnet152,93d69d06bcb49c42f3de69a60b207564e2faec560ec342fa6d7c0904d24ff8cc,3,7,224,28;28;28;28;28;28;28;28
resnet152,93d69d06bcb49c42f3de69a60b207564e2faec560ec342fa6d7c0904d24ff8cc,4,0,160,20;20;20;20;20;20;20;20
resnet152,93d69d06bcb49c42f3de69a60b207564e2faec560ec342fa6d7c0904d24ff8cc,4,5,192,24;24;24;24;24;24;24;24
resnet152,93d69d06bcb49c42f3de69a60b207564e2faec560ec342fa6d7c0904d24ff8cc,4,8,192,24;24;24;24;24;24;24;24
resnet152,93d69d06bcb49c42f3de69a60b207564e2faec560ec342fa6d7c0904d24ff8cc,5,1,160,20;20;20;20;20;20;20;20
resnet152,93d69d06bcb49c42f3de69a60b207564e2faec560ec342fa6d7c0904d24ff8cc,5,4,224,28;28;28;28;28;28;28;28
resnet152,93d69d06bcb49c42f3de69a60b207564e2faec560ec342fa6d7c0904d24ff8cc,5,6,288,36;36;36;36;36;36;36;36
resnet152,93d69d06bcb49c42f3de69a60b207564e2faec560ec342fa6d7c0904d24ff8cc,5,9,192,24;24;24;24;24;24;24;24
resnet152,93d69d06bcb49c42f3de69a60b207564e2faec560ec342fa6d7c0904d24ff8cc,6,2,160,20;20;20;20;20;20;20;20
resnet152,93d69d06bcb49c42f3de69a60b207564e2faec560ec342fa6d7c0904d24ff8cc,6,5,288,36;36;36;36;36;36;36;36
resnet152,93d69d06bcb49c42f3de69a60b207564e2faec560ec342fa6d7c0904d24ff8cc,6,7,224,28;28;28;28;28;28;28;28
resnet152,93d69d06bcb49c42f3de69a60b207564e2faec560ec342fa6d7c0904d24ff8cc,6,10,192,24;24;24;24;24;24;24;24
resnet152,93d69d06bcb49c42f3de69a60b207564e2faec560ec342fa6d7c0904d24ff8cc,7,3,160,20;20;20;20;20;20;20;20
resnet152,93d69d06bcb49c42f3de69a60b207564e2faec560ec342fa6d7c0904d24ff8cc,7,6,192,24;24;24;24;24;24;24;24
resnet152,93d69d06bcb49c42f3de69a60b207564e2faec560ec342fa6d7c0904d24ff8cc,7,11,192,24;24;24;24;24;24;24;24
resnet152,93d69d06bcb49c42f3de69a60b207564e2faec560ec342fa6d7c0904d24ff8cc,8,4,192,24;24;24;24;24;24;24;24
resnet152,93d69d06bcb49c42f3de69a60b207564e2faec560ec342fa6d7c0904d24ff8cc,8,9,192,24;24;24;24;24;24;24;24
resnet152,93d69d06bcb49c42f3de69a60b207564e2faec560ec342fa6d7c0904d24ff8cc,8,12,160,20;20;20;20;20;20;20;20
resnet152,93d69d06bcb49c42f3de69a60b207564e2faec560ec342fa6d7c0904d24ff8cc,9,5,192,24;24;24;24;24;24;24;24
resnet152,93d69d06bcb49c42f3de69a60b207564e2faec560ec342fa6d7c0904d24ff8cc,9,8,224,28;28;28;28;28;28;28;28
resnet152,93d69d06bcb49c42f3de69a60b207564e2faec560ec342fa6d7c0904d24ff8cc,9,10,288,36;36;36;36;36;36;36;36
resnet152,93d69d06bcb49c42f3de69a60b207564e2faec560ec342fa6d7c0904d24ff8cc,9,13,160,20;20;20;20;20;20;20;20
resnet152,93d69d06bcb49c42f3de69a60b207564e2faec560ec342fa6d7c0904d24ff8cc,10,6,192,24;24;24;24;24;24;24;24
resnet152,93d69d06bcb49c42f3de69a60b207564e2faec560ec342fa6d7c0904d24ff8cc,10,9,288,36;36;36;36;36;36;36;36
resnet152,93d69d06bcb49c42f3de69a60b207564e2faec560ec342fa6d7c0904d24ff8cc,10,11,224,28;28;28;28;28;28;28;28
resnet152,93d69d06bcb49c42f3de69a60b207564e2faec560ec342fa6d7c0904d24ff8cc,10,14,160,20;20;20;20;20;20;20;20
resnet152,93d69d06bcb49c42f3de69a60b207564e2faec560ec342fa6d7c0904d24ff8cc,11,7,192,24;24;24;24;24;24;24;24
resnet152,93d69d06bcb49c42f3de69a60b207564e2faec560ec342fa6d7c0904d24ff8cc,11,10,192,24;24;24;24;24;24;24;24
resnet152,93d69d06bcb49c42f3de69a60b207564e2faec560ec342fa6d7c0904d24ff8cc,11,15,160,20;20;20;20;20;20;20;20
resnet152,93d69d06bcb49c42f3de69a60b207564e2faec560ec342fa6d7c0904d24ff8cc,12,8,224,28;28;28;28;28;28;28;28
resnet152,93d69d06bcb49c42f3de69a60b207564e2faec560ec342fa6d7c0904d24ff8cc,12,13,192,24;24;24;24;24;24;24;24
resnet152,93d69d06bcb49c42f3de69a60b207564e2faec560ec342fa6d7c0904d24ff8cc,13,9,224,28;28;28;28;28;28;28;28
resnet152,93d69d06bcb49c42f3de69a60b207564e2faec560ec342fa6d7c0904d24ff8cc,13,12,224,28;28;28;28;28;28;28;28
resnet152,93d69d06bcb49c42f3de69a60b207564e2faec560ec342fa6d7c0904d24ff8cc,13,14,288,36;36;36;36;36;36;36;36
resnet152,93d69d06bcb49c42f3de69a60b207564e2faec560ec342fa6d7c0904d24ff8cc,14,10,224,28;28;28;28;28;28;28;28
resnet152,93d69d06bcb49c42f3de69a60b207564e2faec560ec342fa6d7c0904d24ff8cc,14,13,288,36;36;36;36;36;36;36;36
resnet152,93d69d06bcb49c42f3de69a60b207564e2faec560ec342fa6d7c0904d24ff8cc,14,15,224,28;28;28;28;28;28;28;28
resnet152,93d69d06bcb49c42f3de69a60b207564e2faec560ec342fa6d7c0904d24ff8cc,15,11,224,28;28;28;28;28;28;28;28
resnet152,93d69d06bcb49c42f3de69a60b207564e2faec560ec342fa6d7c0904d24ff8cc,15,14,192,24;24;24;24;24;24;24;24
gnmt,645b50072dd8922e710ff44470a29fafce780aeb3f4c04ed3ad6a9626a976f03,0,1,80,12;12;12;12;8;8;8;8
gnmt,645b50072dd8922e710ff44470a29fafce780aeb3f4c04ed3ad6a9626a976f03,0,4,192,20;20;20;20;28;28;28;28
gnmt,645b50072dd8922e710ff44470a29fafce780aeb3f4c04ed3ad6a9626a976f03,1,0,96,12;12;12;12;12;12;12;12
gnmt,645b50072dd8922e710ff44470a29fafce780aeb3f4c04ed3ad6a9626a976f03,1,2,128,16;16;16;16;16;16;16;16
gnmt,645b50072dd8922e710ff44470a29fafce780aeb3f4c04ed3ad6a9626a976f03,1,5,224,28;28;28;28;28;28;28;28
gnmt,645b50072dd8922e710ff44470a29fafce780aeb3f4c04ed3ad6a9626a976f03,2,1,128,16;16;16;16;16;16;16;16
gnmt,645b50072dd8922e710ff44470a29fafce780aeb3f4c04ed3ad6a9626a976f03,2,3,96,12;12;12;12;12;12;12;12
gnmt,645b50072dd8922e710ff44470a29fafce780aeb3f4c04ed3ad6a9626a976f03,2,6,192,20;20;20;20;28;28;28;28
gnmt,645b50072dd8922e710ff44470a29fafce780aeb3f4c04ed3ad6a9626a976f03,3,2,96,12;12;12;12;12;12;12;12
gnmt,645b50072dd8922e710ff44470a29fafce780aeb3f4c04ed3ad6a9626a976f03,3,7,224,28;28;28;28;28;28;28;28
gnmt,645b50072dd8922e710ff44470a29fafce780aeb3f4c04ed3ad6a9626a976f03,4,0,144,16;16;16;16;20;20;20;20
gnmt,645b50072dd8922e710ff44470a29fafce780aeb3f4c04ed3ad6a9626a976f03,4,5,96,12;12;12;12;12;12;12;12
gnmt,645b50072dd8922e710ff44470a29fafce780aeb3f4c04ed3ad6a9626a976f03,4,8,176,20;20;20;20;24;24;24;24
gnmt,645b50072dd8922e710ff44470a29fafce780aeb3f4c04ed3ad6a9626a976f03,5,1,160,20;20;20;20;20;20;20;20
gnmt,645b50072dd8922e710ff44470a29fafce780aeb3f4c04ed3ad6a9626a976f03,5,4,112,16;16;16;16;12;12;12;12
gnmt,645b50072dd8922e710ff44470a29fafce780aeb3f4c04ed3ad6a9626a976f03,5,6,128,16;16;16;16;16;16;16;16
gnmt,645b50072dd8922e710ff44470a29fafce780aeb3f4c04ed3ad6a9626a976f03,5,9,192,24;24;24;24;24;24;24;24
gnmt,645b50072dd8922e710ff44470a29fafce780aeb3f4c04ed3ad6a9626a976f03,6,2,144,16;16;16;16;20;20;20;20
gnmt,645b50072dd8922e710ff44470a29fafce780aeb3f4c04ed3ad6a9626a976f03,6,5,128,16;16;16;16;16;16;16;16
gnmt,645b50072dd8922e710ff44470a29fafce780aeb3f4c04ed3ad6a9626a976f03,6,7,112,16;16;16;16;12;12;12;12
gnmt,645b50072dd8922e710ff44470a29fafce780aeb3f4c04ed3ad6a9626a976f03,6,10,176,20;20;20;20;24;24;24;24
gnmt,645b50072dd8922e710ff44470a29fafce780aeb3f4c04ed3ad6a9626a976f03,7,3,160,20;20;20;20;20;20;20;20
gnmt,645b50072dd8922e710ff44470a29fafce780aeb3f4c04ed3ad6a9626a976f03,7,6,96,12;12;12;12;12;12;12;12
gnmt,645b50072dd8922e710ff44470a29fafce780aeb3f4c04ed3ad6a9626a976f03,7,11,192,24;24;24;24;24;24;24;24
gnmt,645b50072dd8922e710ff44470a29fafce780aeb3f4c04ed3ad6a9626a976f03,8,4,176,20;20;20;20;24;24;24;24
gnmt,645b50072dd8922e710ff44470a29fafce780aeb3f4c04ed3ad6a9626a976f03,8,9,80,12;12;12;12;8;8;8;8
gnmt,645b50072dd8922e710ff44470a29fafce780aeb3f4c04ed3ad6a9626a976f03,8,12,160,20;20;20;20;20;20;20;20
gnmt,645b50072dd8922e710ff44470a29fafce780aeb3f4c04ed3ad6a9626a976f03,9,5,192,24;24;24;24;24;24;24;24
gnmt,645b50072dd8922e710ff44470a29fafce780aeb3f4c04ed3ad6a9626a976f03,9,8,96,12;12;12;12;12;12;12;12
gnmt,645b50072dd8922e710ff44470a29fafce780aeb3f4c04ed3ad6a9626a976f03,9,10,128,16;16;16;16;16;16;16;16
gnmt,645b50072dd8922e710ff44470a29fafce780aeb3f4c04ed3ad6a9626a976f03,9,13,160,20;20;20;20;20;20;20;20
gnmt,645b50072dd8922e710ff44470a29fafce780aeb3f4c04ed3ad6a9626a976f03,10,6,176,20;20;20;20;24;24;24;24
gnmt,645b50072dd8922e710ff44470a29fafce780aeb3f4c04ed3ad6a9626a976f03,10,9,128,16;16;16;16;16;16;16;16
gnmt,645b50072dd8922e710ff44470a29fafce780aeb3f4c04ed3ad6a9626a976f03,10,11,96,12;12;12;12;12;12;12;12
gnmt,645b50072dd8922e710ff44470a29fafce780aeb3f4c04ed3ad6a9626a976f03,10,14,160,20;20;20;20;20;20;20;20
gnmt,645b50072dd8922e710ff44470a29fafce780aeb3f4c04ed3ad6a9626a976f03,11,7,192,24;24;24;24;24;24;24;24
gnmt,645b50072dd8922e710ff44470a29fafce780aeb3f4c04ed3ad6a9626a976f03,11,10,96,12;12;12;12;12;12;12;12
gnmt,645b50072dd8922e710ff44470a29fafce780aeb3f4c04ed3ad6a9626a976f03,11,15,160,20;20;20;20;20;20;20;20
gnmt,645b50072dd8922e710ff44470a29fafce780aeb3f4c04ed3ad6a9626a976f03,12,8,192,20;20;20;20;28;28;28;28
gnmt,645b50072dd8922e710ff44470a29fafce780aeb3f4c04ed3ad6a9626a976f03,12,13,96,12;12;12;12;12;12;12;12
gnmt,645b50072dd8922e710ff44470a29fafce780aeb3f4c04ed3ad6a9626a976f03,13,9,224,28;28;28;28;28;28;28;28
gnmt,645b50072dd8922e710ff44470a29fafce780aeb3f4c04ed3ad6a9626a976f03,13,12,112,12;12;12;12;16;16;16;16
gnmt,645b50072dd8922e710ff44470a29fafce780aeb3f4c04ed3ad6a9626a976f03,13,14,128,16;16;16;16;16;16;16;16
gnmt,645b50072dd8922e710ff44470a29fafce780aeb3f4c04ed3ad6a9626a976f03,14,10,192,20;20;20;20;28;28;28;28
gnmt,645b50072dd8922e710ff44470a29fafce780aeb3f4c04ed3ad6a9626a976f03,14,13,128,16;16;16;16;16;16;16;16
gnmt,645b50072dd8922e710ff44470a29fafce780aeb3f4c04ed3ad6a9626a976f03,14,15,96,12;12;12;12;12;12;12;12
gnmt,645b50072dd8922e710ff44470a29fafce780aeb3f4c04ed3ad6a9626a976f03,15,11,224,28;28;28;28;28;28;28;28
gnmt,645b50072dd8922e710ff44470a29fafce780aeb3f4c04ed3ad6a9626a976f03,15,14,96,12;12;12;12;12;12;12;12
lstm,491aa419aacb325dd5223b31a053d4e88016922266270a477b1453bdb497905a,0,1,80,12;12;12;12;8;8;8;8
lstm,491aa419aacb325dd5223b31a053d4e88016922266270a477b1453bdb497905a,0,4,192,20;20;20;20;28;28;28;28
lstm,491aa419aacb325dd5223b31a053d4e88016922266270a477b1453bdb497905a,1,0,96,12;12;12;12;12;12;12;12
lstm,491aa419aacb325dd5223b31a053d4e88016922266270a477b1453bdb497905a,1,2,128,16;16;16;16;16;16;16;16
lstm,491aa419aacb325dd5223b31a053d4e88016922266270a477b1453bdb497905a,1,5,224,28;28;28;28;28;28;28;28
lstm,491aa419aacb325dd5223b31a053d4e88016922266270a477b1453bdb497905a,2,1,128,16;16;16;16;16;16;16;16
lstm,491aa419aacb325dd5223b31a053d4e88016922266270a477b1453bdb497905a,2,3,96,12;12;12;12;12;12;12;12
lstm,491aa419aacb325dd5223b31a053d4e88016922266270a477b1453bdb497905a,2,6,192,20;20;20;20;28;28;28;28
lstm,491aa419aacb325dd5223b31a053d4e88016922266270a477b1453bdb497905a,3,2,96,12;12;12;12;12;12;12;12
lstm,491aa419aacb325dd5223b31a053d4e88016922266270a477b1453bdb497905a,3,7,224,28;28;28;28;28;28;28;28
lstm,491aa419aacb325dd5223b31a053d4e88016922266270a477b1453bdb497905a,4,0,144,16;16;16;16;20;20;20;20
lstm,491aa419aacb325dd5223b31a053d4e88016922266270a477b1453bdb497905a,4,5,96,12;12;12;12;12;12;12;12
lstm,491aa419aacb325dd5223b31a053d4e88016922266270a477b1453bdb497905a,4,8,176,20;20;20;20;24;24;24;24
lstm,491aa419aacb325dd5223b31a053d4e88016922266270a477b1453bdb497905a,5,1,160,20;20;20;20;20;20;20;20
lstm,491aa419aacb325dd5223b31a053d4e88016922266270a477b1453bdb497905a,5,4,96,12;12;12;12;12;12;12;12
lstm,491aa419aacb325dd5223b31a053d4e88016922266270a477b1453bdb497905a,5,6,128,16;16;16;16;16;16;16;16
lstm,491aa419aacb325dd5223b31a053d4e88016922266270a477b1453bdb497905a,5,9,192,24;24;24;24;24;24;24;24
lstm,491aa419aacb325dd5223b31a053d4e88016922266270a477b1453bdb497905a,6,2,144,16;16;16;16;20;20;20;20
lstm,491aa419aacb325dd5223b31a053d4e88016922266270a477b1453bdb497905a,6,5,128,16;16;16;16;16;16;16;16
lstm,491aa419aacb325dd5223b31a053d4e88016922266270a477b1453bdb497905a,6,7,96,12;12;12;12;12;12;12;12
lstm,491aa419aacb325dd5223b31a053d4e88016922266270a477b1453bdb497905a,6,10,176,20;20;20;20;24;24;24;24
lstm,491aa419aacb325dd5223b31a053d4e88016922266270a477b1453bdb497905a,7,3,160,20;20;20;20;20;20;20;20
lstm,491aa419aacb325dd5223b31a053d4e88016922266270a477b1453bdb497905a,7,6,96,12;12;12;12;12;12;12;12
lstm,491aa419aacb325dd5223b31a053d4e88016922266270a477b1453bdb497905a,7,11,192,24;24;24;24;24;24;24;24
lstm,491aa419aacb325dd5223b31a053d4e88016922266270a477b1453bdb497905a,8,4,176,20;20;20;20;24;24;24;24
lstm,491aa419aacb325dd5223b31a053d4e88016922266270a477b1453bdb497905a,8,9,80,12;12;12;12;8;8;8;8
lstm,491aa419aacb325dd5223b31a053d4e88016922266270a477b1453bdb497905a,8,12,160,20;20;20;20;20;20;20;20
lstm,491aa419aacb325dd5223b31a053d4e88016922266270a477b1453bdb497905a,9,5,192,24;24;24;24;24;24;24;24
lstm,491aa419aacb325dd5223b31a053d4e88016922266270a477b1453bdb497905a,9,8,96,12;12;12;12;12;12;12;12
lstm,491aa419aacb325dd5223b31a053d4e88016922266270a477b1453bdb497905a,9,10,128,16;16;16;16;16;16;16;16
lstm,491aa419aacb325dd5223b31a053d4e88016922266270a477b1453bdb497905a,9,13,160,20;20;20;20;20;20;20;20
lstm,491aa419aacb325dd5223b31a053d4e88016922266270a477b1453bdb497905a,10,6,176,20;20;20;20;24;24;24;24
lstm,491aa419aacb325dd5223b31a053d4e88016922266270a477b1453bdb497905a,10,9,128,16;16;16;16;16;16;16;16
lstm,491aa419aacb325dd5223b31a053d4e88016922266270a477b1453bdb497905a,10,11,96,12;12;12;12;12;12;12;12
lstm,491aa419aacb325dd5223b31a053d4e88016922266270a477b1453bdb497905a,10,14,160,20;20;20;20;20;20;20;20
lstm,491aa419aacb325dd5223b31a053d4e88016922266270a477b1453bdb497905a,11,7,192,24;24;24;24;24;24;24;24
lstm,491aa419aacb325dd5223b31a053d4e88016922266270a477b1453bdb497905a,11,10,96,12;12;12;12;12;12;12;12
lstm,491aa419aacb325dd5223b31a053d4e88016922266270a477b1453bdb497905a,11,15,160,20;20;20;20;20;20;20;20
lstm,491aa419aacb325dd5223b31a053d4e88016922266270a477b1453bdb497905a,12,8,192,20;20;20;20;28;28;28;28
lstm,491aa419aacb325dd5223b31a053d4e88016922266270a477b1453bdb497905a,12,13,96,12;12;12;12;12;12;12;12
lstm,491aa419aacb325dd5223b31a053d4e88016922266270a477b1453bdb497905a,13,9,224,28;28;28;28;28;28;28;28
lstm,491aa419aacb325dd5223b31a053d4e88016922266270a477b1453bdb497905a,13,12,112,12;12;12;12;16;16;16;16
lstm,491aa419aacb325dd5223b31a053d4e88016922266270a477b1453bdb497905a,13,14,128,16;16;16;16;16;16;16;16
lstm,491aa419aacb325dd5223b31a053d4e88016922266270a477b1453bdb497905a,14,10,192,20;20;20;20;28;28;28;28
lstm,491aa419aacb325dd5223b31a053d4e88016922266270a477b1453bdb497905a,14,13,128,16;16;16;16;16;16;16;16
lstm,491aa419aacb325dd5223b31a053d4e88016922266270a477b1453bdb497905a,14,15,96,12;12;12;12;12;12;12;12
lstm,491aa419aacb325dd5223b31a053d4e88016922266270a477b1453bdb497905a,15,11,224,28;28;28;28;28;28;28;28
lstm,491aa419aacb325dd5223b31a053d4e88016922266270a477b1453bdb497905a,15,14,96,12;12;12;12;12;12;12;12
transformer,0655c567908e05090fd99b324315ed858fc928a14ad77f2c7835a3649f51d602,0,1,96,12;12;12;12;12;12;12;12
transformer,0655c567908e05090fd99b324315ed858fc928a14ad77f2c7835a3649f51d602,0,4,224,28;28;28;28;28;28;28;28
transformer,0655c567908e05090fd99b324315ed858fc928a14ad77f2c7835a3649f51d602,1,0,96,12;12;12;12;12;12;12;12
transformer,0655c567908e05090fd99b324315ed858fc928a14ad77f2c7835a3649f51d602,1,2,128,16;16;16;16;16;16;16;16
transformer,0655c567908e05090fd99b324315ed858fc928a14ad77f2c7835a3649f51d602,1,5,224,28;28;28;28;28;28;28;28
transformer,0655c567908e05090fd99b324315ed858fc928a14ad77f2c7835a3649f51d602,2,1,128,16;16;16;16;16;16;16;16
transformer,0655c567908e05090fd99b324315ed858fc928a14ad77f2c7835a3649f51d602,2,3,96,12;12;12;12;12;12;12;12
transformer,0655c567908e05090fd99b324315ed858fc928a14ad77f2c7835a3649f51d602,2,6,224,28;28;28;28;28;28;28;28
transformer,0655c567908e05090fd99b324315ed858fc928a14ad77f2c7835a3649f51d602,3,2,96,12;12;12;12;12;12;12;12
transformer,0655c567908e05090fd99b324315ed858fc928a14ad77f2c7835a3649f51d602,3,7,224,28;28;28;28;28;28;28;28
transformer,0655c567908e05090fd99b324315ed858fc928a14ad77f2c7835a3649f51d602,4,0,160,20;20;20;20;20;20;20;20
transformer,0655c567908e05090fd99b324315ed858fc928a14ad77f2c7835a3649f51d602,4,5,96,12;12;12;12;12;12;12;12
transformer,0655c567908e05090fd99b324315ed858fc928a14ad77f2c7835a3649f51d602,4,8,192,24;24;24;24;24;24;24;24
transformer,0655c567908e05090fd99b324315ed858fc928a14ad77f2c7835a3649f51d602,5,1,160,20;20;20;20;20;20;20;20
transformer,0655c567908e05090fd99b324315ed858fc928a14ad77f2c7835a3649f51d602,5,4,96,12;12;12;12;12;12;12;12
transformer,0655c567908e05090fd99b324315ed858fc928a14ad77f2c7835a3649f51d602,5,6,128,16;16;16;16;16;16;16;16
transformer,0655c567908e05090fd99b324315ed858fc928a14ad77f2c7835a3649f51d602,5,9,192,24;24;24;24;24;24;24;24
transformer,0655c567908e05090fd99b324315ed858fc928a14ad77f2c7835a3649f51d602,6,2,160,20;20;20;20;20;20;20;20
transformer,0655c567908e05090fd99b324315ed858fc928a14ad77f2c7835a3649f51d602,6,5,128,16;16;16;16;16;16;16;16
transformer,0655c567908e05090fd99b324315ed858fc928a14ad77f2c7835a3649f51d602,6,7,96,12;12;12;12;12;12;12;12
transformer,0655c567908e05090fd99b324315ed858fc928a14ad77f2c7835a3649f51d602,6,10,192,24;24;24;24;24;24;24;24
transformer,0655c567908e05090fd99b324315ed858fc928a14ad77f2c7835a3649f51d602,7,3,160,20;20;20;20;20;20;20;20
transformer,0655c567908e05090fd99b324315ed858fc928a14ad77f2c7835a3649f51d602,7,6,96,12;12;12;12;12;12;12;12
transformer,0655c567908e05090fd99b324315ed858fc928a14ad77f2c7835a3649f51d602,7,11,192,24;24;24;24;24;24;24;24
transformer,0655c567908e05090fd99b324315ed858fc928a14ad77f2c7835a3649f51d602,8,4,192,24;24;24;24;24;24;24;24
transformer,0655c567908e05090fd99b324315ed858fc928a14ad77f2c7835a3649f51d602,8,9,96,12;12;12;12;12;12;12;12
transformer,0655c567908e05090fd99b324315ed858fc928a14ad77f2c7835a3649f51d602,8,12,160,20;20;20;20;20;20;20;20
transformer,0655c567908e05090fd99b324315ed858fc928a14ad77f2c7835a3649f51d602,9,5,192,24;24;24;24;24;24;24;24
transformer,0655c567908e05090fd99b324315ed858fc928a14ad77f2c7835a3649f51d602,9,8,96,12;12;12;12;12;12;12;12
transformer,0655c567908e05090fd99b324315ed858fc928a14ad77f2c7835a3649f51d602,9,10,128,16;16;16;16;16;16;16;16
transformer,0655c567908e05090fd99b324315ed858fc928a14ad77f2c7835a3649f51d602,9,13,160,20;20;20;20;20;20;20;20
transformer,0655c567908e05090fd99b324315ed858fc928a14ad77f2c7835a3649f51d602,10,6,192,24;24;24;24;24;24;24;24
transformer,0655c567908e05090fd99b324315ed858fc928a14ad77f2c7835a3649f51d602,10,9,128,16;16;16;16;16;16;16;16
transformer,0655c567908e05090fd99b324315ed858fc928a14ad77f2c7835a3649f51d602,10,11,96,12;12;12;12;12;12;12;12
transformer,0655c567908e05090fd99b324315ed858fc928a14ad77f2c7835a3649f51d602,10,14,160,20;20;20;20;20;20;20;20
transformer,0655c567908e05090fd99b324315ed858fc928a14ad77f2c7835a3649f51d602,11,7,192,24;24;24;24;24;24;24;24
transformer,0655c567908e05090fd99b324315ed858fc928a14ad77f2c7835a3649f51d602,11,10,96,12;12;12;12;12;12;12;12
transformer,0655c567908e05090fd99b324315ed858fc928a14ad77f2c7835a3649f51d602,11,15,160,20;20;20;20;20;20;20;20
transformer,0655c567908e05090fd99b324315ed858fc928a14ad77f2c7835a3649f51d602,12,8,224,28;28;28;28;28;28;28;28
transformer,0655c567908e05090fd99b324315ed858fc928a14ad77f2c7835a3649f51d602,12,13,96,12;12;12;12;12;12;12;12
transformer,0655c567908e05090fd99b324315ed858fc928a14ad77f2c7835a3649f51d602,13,9,224,28;28;28;28;28;28;28;28
transformer,0655c567908e05090fd99b324315ed858fc928a14ad77f2c7835a3649f51d602,13,12,96,12;12;12;12;12;12;12;12
transformer,0655c567908e05090fd99b324315ed858fc928a14ad77f2c7835a3649f51d602,13,14,128,16;16;16;16;16;16;16;16
transformer,0655c567908e05090fd99b324315ed858fc928a14ad77f2c7835a3649f51d602,14,10,224,28;28;28;28;28;28;28;28
transformer,0655c567908e05090fd99b324315ed858fc928a14ad77f2c7835a3649f51d602,14,13,128,16;16;16;16;16;16;16;16
transformer,0655c567908e05090fd99b324315ed858fc928a14ad77f2c7835a3649f51d602,14,15,96,12;12;12;12;12;12;12;12
transformer,0655c567908e05090fd99b324315ed858fc928a14ad77f2c7835a3649f51d602,15,11,224,28;28;28;28;28;28;28;28
transformer,0655c567908e05090fd99b324315ed858fc928a14ad77f2c7835a3649f51d602,15,14,96,12;12;12;12;12;12;12;12
transformer_cell,1a6863fc7b2cce4795757f04f789d1d21753c830fa9a5347c3033fad10e81ae5,0,1,96,12;12;12;12;12;12;12;12
transformer_cell,1a6863fc7b2cce4795757f04f789d1d21753c830fa9a5347c3033fad10e81ae5,0,4,224,28;28;28;28;28;28;28;28
transformer_cell,1a6863fc7b2cce4795757f04f789d1d21753c830fa9a5347c3033fad10e81ae5,1,0,96,12;12;12;12;12;12;12;12
transformer_cell,1a6863fc7b2cce4795757f04f789d1d21753c830fa9a5347c3033fad10e81ae5,1,2,128,16;16;16;16;16;16;16;16
transformer_cell,1a6863fc7b2cce4795757f04f789d1d21753c830fa9a5347c3033fad10e81ae5,1,5,224,28;28;28;28;28;28;28;28
transformer_cell,1a6863fc7b2cce4795757f04f789d1d21753c830fa9a5347c3033fad10e81ae5,2,1,128,16;16;16;16;16;16;16;16
transformer_cell,1a6863fc7b2cce4795757f04f789d1d21753c830fa9a5347c3033fad10e81ae5,2,3,96,12;12;12;12;12;12;12;12
transformer_cell,1a6863fc7b2cce4795757f04f789d1d21753c830fa9a5347c3033fad10e81ae5,2,6,224,28;28;28;28;28;28;28;28
transformer_cell,1a6863fc7b2cce4795757f04f789d1d21753c830fa9a5347c3033fad10e81ae5,3,2,96,12;12;12;12;12;12;12;12
transformer_cell,1a6863fc7b2cce4795757f04f789d1d21753c830fa9a5347c3033fad10e81ae5,3,7,224,28;28;28;28;28;28;28;28
transformer_cell,1a6863fc7b2cce4795757f04f789d1d21753c830fa9a5347c3033fad10e81ae5,4,0,160,20;20;20;20;20;20;20;20
transformer_cell,1a6863fc7b2cce4795757f04f789d1d21753c830fa9a5347c3033fad10e81ae5,4,5,96,12;12;12;12;12;12;12;12
transformer_cell,1a6863fc7b2cce4795757f04f789d1d21753c830fa9a5347c3033fad10e81ae5,4,8,192,24;24;24;24;24;24;24;24
transformer_cell,1a6863fc7b2cce4795757f04f789d1d21753c830fa9a5347c3033fad10e81ae5,5,1,160,20;20;20;20;20;20;20;20
transformer_cell,1a6863fc7b2cce4795757f04f789d1d21753c830fa9a5347c3033fad10e81ae5,5,4,96,12;12;12;12;12;12;12;12
transformer_cell,1a6863fc7b2cce4795757f04f789d1d21753c830fa9a5347c3033fad10e81ae5,5,6,128,16;16;16;16;16;16;16;16
transformer_cell,1a6863fc7b2cce4795757f04f789d1d21753c830fa9a5347c3033fad10e81ae5,5,9,192,24;24;24;24;24;24;24;24
transformer_cell,1a6863fc7b2cce4795757f04f789d1d21753c830fa9a5347c3033fad10e81ae5,6,2,160,20;20;20;20;20;20;20;20
transformer_cell,1a6863fc7b2cce4795757f04f789d1d21753c830fa9a5347c3033fad10e81ae5,6,5,128,16;16;16;16;16;16;16;16
transformer_cell,1a6863fc7b2cce4795757f04f789d1d21753c830fa9a5347c3033fad10e81ae5,6,7,96,12;12;12;12;12;12;12;12
transformer_cell,1a6863fc7b2cce4795757f04f789d1d21753c830fa9a5347c3033fad10e81ae5,6,10,192,24;24;24;24;24;24;24;24
transformer_cell,1a6863fc7b2cce4795757f04f789d1d21753c830fa9a5347c3033fad10e81ae5,7,3,160,20;20;20;20;20;20;20;20
transformer_cell,1a6863fc7b2cce4795757f04f789d1d21753c830fa9a5347c3033fad10e81ae5,7,6,96,12;12;12;12;12;12;12;12
transformer_cell,1a6863fc7b2cce4795757f04f789d1d21753c830fa9a5347c3033fad10e81ae5,7,11,192,24;24;24;24;24;24;24;24
transformer_cell,1a6863fc7b2cce4795757f04f789d1d21753c830fa9a5347c3033fad10e81ae5,8,4,192,24;24;24;24;24;24;24;24
transformer_cell,1a6863fc7b2cce4795757f04f789d1d21753c830fa9a5347c3033fad10e81ae5,8,9,96,12;12;12;12;12;12;12;12
transformer_cell,1a6863fc7b2cce4795757f04f789d1d21753c830fa9a5347c3033fad10e81ae5,8,12,160,20;20;20;20;20;20;20;20
transformer_cell,1a6863fc7b2cce4795757f04f789d1d21753c830fa9a5347c3033fad10e81ae5,9,5,192,24;24;24;24;24;24;24;24
transformer_cell,1a6863fc7b2cce4795757f04f789d1d21753c830fa9a5347c3033fad10e81ae5,9,8,96,12;12;12;12;12;12;12;12
transformer_cell,1a6863fc7b2cce4795757f04f789d1d21753c830fa9a5347c3033fad10e81ae5,9,10,128,16;16;16;16;16;16;16;16
transformer_cell,1a6863fc7b2cce4795757f04f789d1d21753c830fa9a5347c3033fad10e81ae5,9,13,160,20;20;20;20;20;20;20;20
transformer_cell,1a6863fc7b2cce4795757f04f789d1d21753c830fa9a5347c3033fad10e81ae5,10,6,192,24;24;24;24;24;24;24;24
transformer_cell,1a6863fc7b2cce4795757f04f789d1d21753c830fa9a5347c3033fad10e81ae5,10,9,128,16;16;16;16;16;16;16;16
transformer_cell,1a6863fc7b2cce4795757f04f789d1d21753c830fa9a5347c3033fad10e81ae5,10,11,96,12;12;12;12;12;12;12;12
transformer_cell,1a6863fc7b2cce4795757f04f789d1d21753c830fa9a5347c3033fad10e81ae5,10,14,160,20;20;20;20;20;20;20;20
transformer_cell,1a6863fc7b2cce4795757f04f789d1d21753c830fa9a5347c3033fad10e81ae5,11,7,192,24;24;24;24;24;24;24;24
transformer_cell,1a6863fc7b2cce4795757f04f789d1d21753c830fa9a5347c3033fad10e81ae5,11,10,96,12;12;12;12;12;12;12;12
transformer_cell,1a6863fc7b2cce4795757f04f789d1d21753c830fa9a5347c3033fad10e81ae5,11,15,160,20;20;20;20;20;20;20;20
transformer_cell,1a6863fc7b2cce4795757f04f789d1d21753c830fa9a5347c3033fad10e81ae5,12,8,224,28;28;28;28;28;28;28;28
transformer_cell,1a6863fc7b2cce4795757f04f789d1d21753c830fa9a5347c3033fad10e81ae5,12,13,96,12;12;12;12;12;12;12;12
transformer_cell,1a6863fc7b2cce4795757f04f789d1d21753c830fa9a5347c3033fad10e81ae5,13,9,224,28;28;28;28;28;28;28;28
transformer_cell,1a6863fc7b2cce4795757f04f789d1d21753c830fa9a5347c3033fad10e81ae5,13,12,96,12;12;12;12;12;12;12;12
transformer_cell,1a6863fc7b2cce4795757f04f789d1d21753c830fa9a5347c3033fad10e81ae5,13,14,128,16;16;16;16;16;16;16;16
transformer_cell,1a6863fc7b2cce4795757f04f789d1d21753c830fa9a5347c3033fad10e81ae5,14,10,224,28;28;28;28;28;28;28;28
transformer_cell,1a6863fc7b2cce4795757f04f789d1d21753c830fa9a5347c3033fad10e81ae5,14,13,128,16;16;16;16;16;16;16;16
transformer_cell,1a6863fc7b2cce4795757f04f789d1d21753c830fa9a5347c3033fad10e81ae5,14,15,96,12;12;12;12;12;12;12;12
transformer_cell,1a6863fc7b2cce4795757f04f789d1d21753c830fa9a5347c3033fad10e81ae5,15,11,224,28;28;28;28;28;28;28;28
transformer_cell,1a6863fc7b2cce4795757f04f789d1d21753c830fa9a5347c3033fad10e81ae5,15,14,96,12;12;12;12;12;12;12;12
bert_block,10b441f0ab73ec281ad0e8a0c10e480b42d22673740e94c79db4184604a6ae48,0,1,96,12;12;12;12;12;12;12;12
bert_block,10b441f0ab73ec281ad0e8a0c10e480b42d22673740e94c79db4184604a6ae48,0,4,224,28;28;28;28;28;28;28;28
bert_block,10b441f0ab73ec281ad0e8a0c10e480b42d22673740e94c79db4184604a6ae48,1,0,96,12;12;12;12;12;12;12;12
bert_block,10b441f0ab73ec281ad0e8a0c10e480b42d22673740e94c79db4184604a6ae48,1,2,128,16;16;16;16;16;16;16;16
bert_block,10b441f0ab73ec281ad0e8a0c10e480b42d22673740e94c79db4184604a6ae48,1,5,224,28;28;28;28;28;28;28;28
bert_block,10b441f0ab73ec281ad0e8a0c10e480b42d22673740e94c79db4184604a6ae48,2,1,128,16;16;16;16;16;16;16;16
bert_block,10b441f0ab73ec281ad0e8a0c10e480b42d22673740e94c79db4184604a6ae48,2,3,96,12;12;12;12;12;12;12;12
bert_block,10b441f0ab73ec281ad0e8a0c10e480b42d22673740e94c79db4184604a6ae48,2,6,224,28;28;28;28;28;28;28;28
bert_block,10b441f0ab73ec281ad0e8a0c10e480b42d22673740e94c79db4184604a6ae48,3,2,96,12;12;12;12;12;12;12;12
bert_block,10b441f0ab73ec281ad0e8a0c10e480b42d22673740e94c79db4184604a6ae48,3,7,224,28;28;28;28;28;28;28;28
bert_block,10b441f0ab73ec281ad0e8a0c10e480b42d22673740e94c79db4184604a6ae48,4,0,160,20;20;20;20;20;20;20;20
bert_block,10b441f0ab73ec281ad0e8a0c10e480b42d22673740e94c79db4184604a6ae48,4,5,96,12;12;12;12;12;12;12;12
bert_block,10b441f0ab73ec281ad0e8a0c10e480b42d22673740e94c79db4184604a6ae48,4,8,192,24;24;24;24;24;24;24;24
bert_block,10b441f0ab73ec281ad0e8a0c10e480b42d22673740e94c79db4184604a6ae48,5,1,160,20;20;20;20;20;20;20;20
bert_block,10b441f0ab73ec281ad0e8a0c10e480b42d22673740e94c79db4184604a6ae48,5,4,96,12;12;12;12;12;12;12;12
bert_block,10b441f0ab73ec281ad0e8a0c10e480b42d22673740e94c79db4184604a6ae48,5,6,128,16;16;16;16;16;16;16;16
bert_block,10b441f0ab73ec281ad0e8a0c10e480b42d22673740e94c79db4184604a6ae48,5,9,192,24;24;24;24;24;24;24;24
bert_block,10b441f0ab73ec281ad0e8a0c10e480b42d22673740e94c79db4184604a6ae48,6,2,160,20;20;20;20;20;20;20;20
bert_block,10b441f0ab73ec281ad0e8a0c10e480b42d22673740e94c79db4184604a6ae48,6,5,128,16;16;16;16;16;16;16;16
bert_block,10b441f0ab73ec281ad0e8a0c10e480b42d22673740e94c79db4184604a6ae48,6,7,96,12;12;12;12;12;12;12;12
bert_block,10b441f0ab73ec281ad0e8a0c10e480b42d22673740e94c79db4184604a6ae48,6,10,192,24;24;24;24;24;24;24;24
bert_block,10b441f0ab73ec281ad0e8a0c10e480b42d22673740e94c79db4184604a6ae48,7,3,160,20;20;20;20;20;20;20;20
bert_block,10b441f0ab73ec281ad0e8a0c10e480b42d22673740e94c79db4184604a6ae48,7,6,96,12;12;12;12;12;12;12;12
bert_block,10b441f0ab73ec281ad0e8a0c10e480b42d22673740e94c79db4184604a6ae48,7,11,192,24;24;24;24;24;24;24;24
bert_block,10b441f0ab73ec281ad0e8a0c10e480b42d22673740e94c79db4184604a6ae48,8,4,192,24;24;24;24;24;24;24;24
bert_block,10b441f0ab73ec281ad0e8a0c10e480b42d22673740e94c79db4184604a6ae48,8,9,96,12;12;12;12;12;12;12;12
bert_block,10b441f0ab73ec281ad0e8a0c10e480b42d22673740e94c79db4184604a6ae48,8,12,160,20;20;20;20;20;20;20;20
bert_block,10b441f0ab73ec281ad0e8a0c10e480b42d22673740e94c79db4184604a6ae48,9,5,192,24;24;24;24;24;24;24;24
bert_block,10b441f0ab73ec281ad0e8a0c10e480b42d22673740e94c79db4184604a6ae48,9,8,96,12;12;12;12;12;12;12;12
bert_block,10b441f0ab73ec281ad0e8a0c10e480b42d22673740e94c79db4184604a6ae48,9,10,128,16;16;16;16;16;16;16;16
bert_block,10b441f0ab73ec281ad0e8a0c10e480b42d22673740e94c79db4184604a6ae48,9,13,160,20;20;20;20;20;20;20;20
bert_block,10b441f0ab73ec281ad0e8a0c10e480b42d22673740e94c79db4184604a6ae48,10,6,192,24;24;24;24;24;24;24;24
bert_block,10b441f0ab73ec281ad0e8a0c10e480b42d22673740e94c79db4184604a6ae48,10,9,128,16;16;16;16;16;16;16;16
bert_block,10b441f0ab73ec281ad0e8a0c10e480b42d22673740e94c79db4184604a6ae48,10,11,96,12;12;12;12;12;12;12;12
bert_block,10b441f0ab73ec281ad0e8a0c10e480b42d22673740e94c79db4184604a6ae48,10,14,160,20;20;20;20;20;20;20;20
bert_block,10b441f0ab73ec281ad0e8a0c10e480b42d22673740e94c79db4184604a6ae48,11,7,192,24;24;24;24;24;24;24;24
bert_block,10b441f0ab73ec281ad0e8a0c10e480b42d22673740e94c79db4184604a6ae48,11,10,96,12;12;12;12;12;12;12;12
bert_block,10b441f0ab73ec281ad0e8a0c10e480b42d22673740e94c79db4184604a6ae48,11,15,160,20;20;20;20;20;20;20;20
bert_block,10b441f0ab73ec281ad0e8a0c10e480b42d22673740e94c79db4184604a6ae48,12,8,224,28;28;28;28;28;28;28;28
bert_block,10b441f0ab73ec281ad0e8a0c10e480b42d22673740e94c79db4184604a6ae48,12,13,96,12;12;12;12;12;12;12;12
bert_block,10b441f0ab73ec281ad0e8a0c10e480b42d22673740e94c79db4184604a6ae48,13,9,224,28;28;28;28;28;28;28;28
bert_block,10b441f0ab73ec281ad0e8a0c10e480b42d22673740e94c79db4184604a6ae48,13,12,96,12;12;12;12;12;12;12;12
bert_block,10b441f0ab73ec281ad0e8a0c10e480b42d22673740e94c79db4184604a6ae48,13,14,128,16;16;16;16;16;16;16;16
bert_block,10b441f0ab73ec281ad0e8a0c10e480b42d22673740e94c79db4184604a6ae48,14,10,224,28;28;28;28;28;28;28;28
bert_block,10b441f0ab73ec281ad0e8a0c10e480b42d22673740e94c79db4184604a6ae48,14,13,128,16;16;16;16;16;16;16;16
bert_block,10b441f0ab73ec281ad0e8a0c10e480b42d22673740e94c79db4184604a6ae48,14,15,96,12;12;12;12;12;12;12;12
bert_block,10b441f0ab73ec281ad0e8a0c10e480b42d22673740e94c79db4184604a6ae48,15,11,224,28;28;28;28;28;28;28;28
bert_block,10b441f0ab73ec281ad0e8a0c10e480b42d22673740e94c79db4184604a6ae48,15,14,96,12;12;12;12;12;12;12;12
gpt_prefill_block,0103bd27441a836f769fb374bcdab4a48612858bbd17e84c2158a68d9be636fa,0,1,96,12;12;12;12;12;12;12;12
gpt_prefill_block,0103bd27441a836f769fb374bcdab4a48612858bbd17e84c2158a68d9be636fa,0,4,224,28;28;28;28;28;28;28;28
gpt_prefill_block,0103bd27441a836f769fb374bcdab4a48612858bbd17e84c2158a68d9be636fa,1,0,128,16;16;16;16;16;16;16;16
gpt_prefill_block,0103bd27441a836f769fb374bcdab4a48612858bbd17e84c2158a68d9be636fa,1,2,128,16;16;16;16;16;16;16;16
gpt_prefill_block,0103bd27441a836f769fb374bcdab4a48612858bbd17e84c2158a68d9be636fa,1,5,224,28;28;28;28;28;28;28;28
gpt_prefill_block,0103bd27441a836f769fb374bcdab4a48612858bbd17e84c2158a68d9be636fa,2,1,128,16;16;16;16;16;16;16;16
gpt_prefill_block,0103bd27441a836f769fb374bcdab4a48612858bbd17e84c2158a68d9be636fa,2,3,128,16;16;16;16;16;16;16;16
gpt_prefill_block,0103bd27441a836f769fb374bcdab4a48612858bbd17e84c2158a68d9be636fa,2,6,224,28;28;28;28;28;28;28;28
gpt_prefill_block,0103bd27441a836f769fb374bcdab4a48612858bbd17e84c2158a68d9be636fa,3,2,96,12;12;12;12;12;12;12;12
gpt_prefill_block,0103bd27441a836f769fb374bcdab4a48612858bbd17e84c2158a68d9be636fa,3,7,224,28;28;28;28;28;28;28;28
gpt_prefill_block,0103bd27441a836f769fb374bcdab4a48612858bbd17e84c2158a68d9be636fa,4,0,160,20;20;20;20;20;20;20;20
gpt_prefill_block,0103bd27441a836f769fb374bcdab4a48612858bbd17e84c2158a68d9be636fa,4,5,96,12;12;12;12;12;12;12;12
gpt_prefill_block,0103bd27441a836f769fb374bcdab4a48612858bbd17e84c2158a68d9be636fa,4,8,192,24;24;24;24;24;24;24;24
gpt_prefill_block,0103bd27441a836f769fb374bcdab4a48612858bbd17e84c2158a68d9be636fa,5,1,160,20;20;20;20;20;20;20;20
gpt_prefill_block,0103bd27441a836f769fb374bcdab4a48612858bbd17e84c2158a68d9be636fa,5,4,128,16;16;16;16;16;16;16;16
gpt_prefill_block,0103bd27441a836f769fb374bcdab4a48612858bbd17e84c2158a68d9be636fa,5,6,128,16;16;16;16;16;16;16;16
gpt_prefill_block,0103bd27441a836f769fb374bcdab4a48612858bbd17e84c2158a68d9be636fa,5,9,192,24;24;24;24;24;24;24;24
gpt_prefill_block,0103bd27441a836f769fb374bcdab4a48612858bbd17e84c2158a68d9be636fa,6,2,160,20;20;20;20;20;20;20;20
gpt_prefill_block,0103bd27441a836f769fb374bcdab4a48612858bbd17e84c2158a68d9be636fa,6,5,128,16;16;16;16;16;16;16;16
gpt_prefill_block,0103bd27441a836f769fb374bcdab4a48612858bbd17e84c2158a68d9be636fa,6,7,128,16;16;16;16;16;16;16;16
gpt_prefill_block,0103bd27441a836f769fb374bcdab4a48612858bbd17e84c2158a68d9be636fa,6,10,192,24;24;24;24;24;24;24;24
gpt_prefill_block,0103bd27441a836f769fb374bcdab4a48612858bbd17e84c2158a68d9be636fa,7,3,160,20;20;20;20;20;20;20;20
gpt_prefill_block,0103bd27441a836f769fb374bcdab4a48612858bbd17e84c2158a68d9be636fa,7,6,96,12;12;12;12;12;12;12;12
gpt_prefill_block,0103bd27441a836f769fb374bcdab4a48612858bbd17e84c2158a68d9be636fa,7,11,192,24;24;24;24;24;24;24;24
gpt_prefill_block,0103bd27441a836f769fb374bcdab4a48612858bbd17e84c2158a68d9be636fa,8,4,192,24;24;24;24;24;24;24;24
gpt_prefill_block,0103bd27441a836f769fb374bcdab4a48612858bbd17e84c2158a68d9be636fa,8,9,96,12;12;12;12;12;12;12;12
gpt_prefill_block,0103bd27441a836f769fb374bcdab4a48612858bbd17e84c2158a68d9be636fa,8,12,160,20;20;20;20;20;20;20;20
gpt_prefill_block,0103bd27441a836f769fb374bcdab4a48612858bbd17e84c2158a68d9be636fa,9,5,192,24;24;24;24;24;24;24;24
gpt_prefill_block,0103bd27441a836f769fb374bcdab4a48612858bbd17e84c2158a68d9be636fa,9,8,128,16;16;16;16;16;16;16;16
gpt_prefill_block,0103bd27441a836f769fb374bcdab4a48612858bbd17e84c2158a68d9be636fa,9,10,128,16;16;16;16;16;16;16;16
gpt_prefill_block,0103bd27441a836f769fb374bcdab4a48612858bbd17e84c2158a68d9be636fa,9,13,160,20;20;20;20;20;20;20;20
gpt_prefill_block,0103bd27441a836f769fb374bcdab4a48612858bbd17e84c2158a68d9be636fa,10,6,192,24;24;24;24;24;24;24;24
gpt_prefill_block,0103bd27441a836f769fb374bcdab4a48612858bbd17e84c2158a68d9be636fa,10,9,128,16;16;16;16;16;16;16;16
gpt_prefill_block,0103bd27441a836f769fb374bcdab4a48612858bbd17e84c2158a68d9be636fa,10,11,128,16;16;16;16;16;16;16;16
gpt_prefill_block,0103bd27441a836f769fb374bcdab4a48612858bbd17e84c2158a68d9be636fa,10,14,160,20;20;20;20;20;20;20;20
gpt_prefill_block,0103bd27441a836f769fb374bcdab4a48612858bbd17e84c2158a68d9be636fa,11,7,192,24;24;24;24;24;24;24;24
gpt_prefill_block,0103bd27441a836f769fb374bcdab4a48612858bbd17e84c2158a68d9be636fa,11,10,96,12;12;12;12;12;12;12;12
gpt_prefill_block,0103bd27441a836f769fb374bcdab4a48612858bbd17e84c2158a68d9be636fa,11,15,160,20;20;20;20;20;20;20;20
gpt_prefill_block,0103bd27441a836f769fb374bcdab4a48612858bbd17e84c2158a68d9be636fa,12,8,224,28;28;28;28;28;28;28;28
gpt_prefill_block,0103bd27441a836f769fb374bcdab4a48612858bbd17e84c2158a68d9be636fa,12,13,96,12;12;12;12;12;12;12;12
gpt_prefill_block,0103bd27441a836f769fb374bcdab4a48612858bbd17e84c2158a68d9be636fa,13,9,224,28;28;28;28;28;28;28;28
gpt_prefill_block,0103bd27441a836f769fb374bcdab4a48612858bbd17e84c2158a68d9be636fa,13,12,128,16;16;16;16;16;16;16;16
gpt_prefill_block,0103bd27441a836f769fb374bcdab4a48612858bbd17e84c2158a68d9be636fa,13,14,128,16;16;16;16;16;16;16;16
gpt_prefill_block,0103bd27441a836f769fb374bcdab4a48612858bbd17e84c2158a68d9be636fa,14,10,224,28;28;28;28;28;28;28;28
gpt_prefill_block,0103bd27441a836f769fb374bcdab4a48612858bbd17e84c2158a68d9be636fa,14,13,128,16;16;16;16;16;16;16;16
gpt_prefill_block,0103bd27441a836f769fb374bcdab4a48612858bbd17e84c2158a68d9be636fa,14,15,128,16;16;16;16;16;16;16;16
gpt_prefill_block,0103bd27441a836f769fb374bcdab4a48612858bbd17e84c2158a68d9be636fa,15,11,224,28;28;28;28;28;28;28;28
gpt_prefill_block,0103bd27441a836f769fb374bcdab4a48612858bbd17e84c2158a68d9be636fa,15,14,96,12;12;12;12;12;12;12;12
gpt_decode_block,22860d0d2ab2d316e17199841c76d4d10587ada1a6e162ca71d87fe8941fce77,0,1,160,16;16;16;16;24;24;24;24
gpt_decode_block,22860d0d2ab2d316e17199841c76d4d10587ada1a6e162ca71d87fe8941fce77,0,4,208,28;28;28;28;24;24;24;24
gpt_decode_block,22860d0d2ab2d316e17199841c76d4d10587ada1a6e162ca71d87fe8941fce77,1,0,192,24;24;24;24;24;24;24;24
gpt_decode_block,22860d0d2ab2d316e17199841c76d4d10587ada1a6e162ca71d87fe8941fce77,1,2,224,28;28;28;28;28;28;28;28
gpt_decode_block,22860d0d2ab2d316e17199841c76d4d10587ada1a6e162ca71d87fe8941fce77,1,5,224,28;28;28;28;28;28;28;28
gpt_decode_block,22860d0d2ab2d316e17199841c76d4d10587ada1a6e162ca71d87fe8941fce77,2,1,240,32;32;32;32;28;28;28;28
gpt_decode_block,22860d0d2ab2d316e17199841c76d4d10587ada1a6e162ca71d87fe8941fce77,2,3,192,24;24;24;24;24;24;24;24
gpt_decode_block,22860d0d2ab2d316e17199841c76d4d10587ada1a6e162ca71d87fe8941fce77,2,6,208,24;24;24;24;28;28;28;28
gpt_decode_block,22860d0d2ab2d316e17199841c76d4d10587ada1a6e162ca71d87fe8941fce77,3,2,176,24;24;24;24;20;20;20;20
gpt_decode_block,22860d0d2ab2d316e17199841c76d4d10587ada1a6e162ca71d87fe8941fce77,3,7,224,28;28;28;28;28;28;28;28
gpt_decode_block,22860d0d2ab2d316e17199841c76d4d10587ada1a6e162ca71d87fe8941fce77,4,0,144,20;20;20;20;16;16;16;16
gpt_decode_block,22860d0d2ab2d316e17199841c76d4d10587ada1a6e162ca71d87fe8941fce77,4,5,144,20;20;20;20;16;16;16;16
gpt_decode_block,22860d0d2ab2d316e17199841c76d4d10587ada1a6e162ca71d87fe8941fce77,4,8,224,28;28;28;28;28;28;28;28
gpt_decode_block,22860d0d2ab2d316e17199841c76d4d10587ada1a6e162ca71d87fe8941fce77,5,1,144,20;20;20;20;16;16;16;16
gpt_decode_block,22860d0d2ab2d316e17199841c76d4d10587ada1a6e162ca71d87fe8941fce77,5,4,192,24;24;24;24;24;24;24;24
gpt_decode_block,22860d0d2ab2d316e17199841c76d4d10587ada1a6e162ca71d87fe8941fce77,5,6,224,28;28;28;28;28;28;28;28
gpt_decode_block,22860d0d2ab2d316e17199841c76d4d10587ada1a6e162ca71d87fe8941fce77,5,9,192,24;24;24;24;24;24;24;24
gpt_decode_block,22860d0d2ab2d316e17199841c76d4d10587ada1a6e162ca71d87fe8941fce77,6,2,144,20;20;20;20;16;16;16;16
gpt_decode_block,22860d0d2ab2d316e17199841c76d4d10587ada1a6e162ca71d87fe8941fce77,6,5,224,28;28;28;28;28;28;28;28
gpt_decode_block,22860d0d2ab2d316e17199841c76d4d10587ada1a6e162ca71d87fe8941fce77,6,7,192,24;24;24;24;24;24;24;24
gpt_decode_block,22860d0d2ab2d316e17199841c76d4d10587ada1a6e162ca71d87fe8941fce77,6,10,224,28;28;28;28;28;28;28;28
gpt_decode_block,22860d0d2ab2d316e17199841c76d4d10587ada1a6e162ca71d87fe8941fce77,7,3,144,20;20;20;20;16;16;16;16
gpt_decode_block,22860d0d2ab2d316e17199841c76d4d10587ada1a6e162ca71d87fe8941fce77,7,6,128,16;16;16;16;16;16;16;16
gpt_decode_block,22860d0d2ab2d316e17199841c76d4d10587ada1a6e162ca71d87fe8941fce77,7,11,208,28;28;28;28;24;24;24;24
gpt_decode_block,22860d0d2ab2d316e17199841c76d4d10587ada1a6e162ca71d87fe8941fce77,8,4,176,24;24;24;24;20;20;20;20
gpt_decode_block,22860d0d2ab2d316e17199841c76d4d10587ada1a6e162ca71d87fe8941fce77,8,9,160,20;20;20;20;20;20;20;20
gpt_decode_block,22860d0d2ab2d316e17199841c76d4d10587ada1a6e162ca71d87fe8941fce77,8,12,160,20;20;20;20;20;20;20;20
gpt_decode_block,22860d0d2ab2d316e17199841c76d4d10587ada1a6e162ca71d87fe8941fce77,9,5,176,20;20;20;20;24;24;24;24
gpt_decode_block,22860d0d2ab2d316e17199841c76d4d10587ada1a6e162ca71d87fe8941fce77,9,8,192,24;24;24;24;24;24;24;24
gpt_decode_block,22860d0d2ab2d316e17199841c76d4d10587ada1a6e162ca71d87fe8941fce77,9,10,224,28;28;28;28;28;28;28;28
gpt_decode_block,22860d0d2ab2d316e17199841c76d4d10587ada1a6e162ca71d87fe8941fce77,9,13,144,16;16;16;16;20;20;20;20
gpt_decode_block,22860d0d2ab2d316e17199841c76d4d10587ada1a6e162ca71d87fe8941fce77,10,6,176,24;24;24;24;20;20;20;20
gpt_decode_block,22860d0d2ab2d316e17199841c76d4d10587ada1a6e162ca71d87fe8941fce77,10,9,224,28;28;28;28;28;28;28;28
gpt_decode_block,22860d0d2ab2d316e17199841c76d4d10587ada1a6e162ca71d87fe8941fce77,10,11,192,24;24;24;24;24;24;24;24
gpt_decode_block,22860d0d2ab2d316e17199841c76d4d10587ada1a6e162ca71d87fe8941fce77,10,14,160,20;20;20;20;20;20;20;20
gpt_decode_block,22860d0d2ab2d316e17199841c76d4d10587ada1a6e162ca71d87fe8941fce77,11,7,176,24;24;24;24;20;20;20;20
gpt_decode_block,22860d0d2ab2d316e17199841c76d4d10587ada1a6e162ca71d87fe8941fce77,11,10,176,20;20;20;20;24;24;24;24
gpt_decode_block,22860d0d2ab2d316e17199841c76d4d10587ada1a6e162ca71d87fe8941fce77,11,15,144,20;20;20;20;16;16;16;16
gpt_decode_block,22860d0d2ab2d316e17199841c76d4d10587ada1a6e162ca71d87fe8941fce77,12,8,240,32;32;32;32;28;28;28;28
gpt_decode_block,22860d0d2ab2d316e17199841c76d4d10587ada1a6e162ca71d87fe8941fce77,12,13,192,20;20;20;20;28;28;28;28
gpt_decode_block,22860d0d2ab2d316e17199841c76d4d10587ada1a6e162ca71d87fe8941fce77,13,9,224,28;28;28;28;28;28;28;28
gpt_decode_block,22860d0d2ab2d316e17199841c76d4d10587ada1a6e162ca71d87fe8941fce77,13,12,192,24;24;24;24;24;24;24;24
gpt_decode_block,22860d0d2ab2d316e17199841c76d4d10587ada1a6e162ca71d87fe8941fce77,13,14,224,28;28;28;28;28;28;28;28
gpt_decode_block,22860d0d2ab2d316e17199841c76d4d10587ada1a6e162ca71d87fe8941fce77,14,10,224,28;28;28;28;28;28;28;28
gpt_decode_block,22860d0d2ab2d316e17199841c76d4d10587ada1a6e162ca71d87fe8941fce77,14,13,224,28;28;28;28;28;28;28;28
gpt_decode_block,22860d0d2ab2d316e17199841c76d4d10587ada1a6e162ca71d87fe8941fce77,14,15,192,24;24;24;24;24;24;24;24
gpt_decode_block,22860d0d2ab2d316e17199841c76d4d10587ada1a6e162ca71d87fe8941fce77,15,11,224,28;28;28;28;28;28;28;28
gpt_decode_block,22860d0d2ab2d316e17199841c76d4d10587ada1a6e162ca71d87fe8941fce77,15,14,160,20;20;20;20;20;20;20;20
