chiplets,cores_per_chiplet,total_cores,scope,name,mapping_count,availability,missing_workloads,reason,baseline1_Bpc,baseline2_Bpc,rotation_only_Bpc,rotation_reflection_Bpc,B1_normalized_B1,B1_normalized_B2,B1_normalized_rotation,B1_normalized_reflection,B2_normalized_B1,B2_normalized_B2,B2_normalized_rotation,B2_normalized_reflection,rotation_reduction_vs_B1_pct,reflection_reduction_vs_B1_pct,rotation_reduction_vs_B2_pct,reflection_reduction_vs_B2_pct,reflection_extra_reduction_vs_rotation_pct,reflection_gain_vs_B2_percentage_points,rotation_source,reflection_source
4,1,4,group,CNN,10,complete,,,4096.0,2048.0,2048,2048,1.0,0.5,0.5,0.5,2.0,1.0,1.0,1.0,50.0,50.0,0.0,0.0,0.0,0.0,/home/yj3616/workspace/phd-research/research-notes/reflection-full-mapping-sweep-20261005/cases/c4-core1/CNN/rotation/design.json,/home/yj3616/workspace/phd-research/research-notes/reflection-full-mapping-sweep-20261005/cases/c4-core1/CNN/reflection/design.json
4,1,4,group,RNN,2,complete,,,4096.0,2048.0,2048,2048,1.0,0.5,0.5,0.5,2.0,1.0,1.0,1.0,50.0,50.0,0.0,0.0,0.0,0.0,/home/yj3616/workspace/phd-research/research-notes/reflection-full-mapping-sweep-20261005/cases/c4-core1/RNN/rotation/design.json,/home/yj3616/workspace/phd-research/research-notes/reflection-full-mapping-sweep-20261005/cases/c4-core1/RNN/reflection/design.json
4,1,4,group,Transformer,8,complete,,,6144.0,3072.0,3072,2560,1.0,0.5,0.5,0.4166666666666667,2.0,1.0,1.0,0.8333333333333334,50.0,58.33333333333333,0.0,16.666666666666664,16.666666666666664,16.666666666666668,/home/yj3616/workspace/phd-research/research-notes/reflection-full-mapping-sweep-20261005/cases/c4-core1/Transformer/rotation/design.json,/home/yj3616/workspace/phd-research/research-notes/reflection-full-mapping-sweep-20261005/cases/c4-core1/Transformer/reflection/design.json
4,1,4,all,ALL17,20,complete,,,6144.0,3072.0,3072,2560,1.0,0.5,0.5,0.4166666666666667,2.0,1.0,1.0,0.8333333333333334,50.0,58.33333333333333,0.0,16.666666666666664,16.666666666666664,16.666666666666668,/home/yj3616/workspace/phd-research/research-notes/reflection-full-mapping-sweep-20261005/cases/c4-core1/ALL17/rotation/design.json,/home/yj3616/workspace/phd-research/research-notes/reflection-full-mapping-sweep-20261005/cases/c4-core1/ALL17/reflection/design.json
4,4,16,group,CNN,17,complete,,,8192.0,4096.0,4096,4096,1.0,0.5,0.5,0.5,2.0,1.0,1.0,1.0,50.0,50.0,0.0,0.0,0.0,0.0,/home/yj3616/workspace/phd-research/research-notes/reflection-full-mapping-sweep-20261005/cases/c4-core4/CNN/rotation/design.json,/home/yj3616/workspace/phd-research/research-notes/reflection-full-mapping-sweep-20261005/cases/c4-core4/CNN/reflection/design.json
4,4,16,group,RNN,10,complete,,,12288.0,6144.0,5888,5120,1.0,0.5,0.4791666666666667,0.4166666666666667,2.0,1.0,0.9583333333333334,0.8333333333333334,52.08333333333333,58.33333333333333,4.1666666666666625,16.666666666666664,13.043478260869568,12.5,/home/yj3616/workspace/phd-research/research-notes/reflection-full-mapping-sweep-20261005/cases/c4-core4/RNN/rotation/design.json,/home/yj3616/workspace/phd-research/research-notes/reflection-full-mapping-sweep-20261005/cases/c4-core4/RNN/reflection/design.json
4,4,16,group,Transformer,12,complete,,,16384.0,8192.0,6912,5632,1.0,0.5,0.421875,0.34375,2.0,1.0,0.84375,0.6875,57.8125,65.625,15.625,31.25,18.518518518518523,15.625,/home/yj3616/workspace/phd-research/research-notes/reflection-full-mapping-sweep-20261005/cases/c4-core4/Transformer/rotation/design.json,/home/yj3616/workspace/phd-research/research-notes/reflection-full-mapping-sweep-20261005/cases/c4-core4/Transformer/reflection/design.json
4,4,16,all,ALL17,39,complete,,,16384.0,8192.0,7168,5632,1.0,0.5,0.4375,0.34375,2.0,1.0,0.875,0.6875,56.25,65.625,12.5,31.25,21.42857142857143,18.75,/home/yj3616/workspace/phd-research/research-notes/reflection-full-mapping-sweep-20261005/cases/c4-core4/ALL17/rotation/design.json,/home/yj3616/workspace/phd-research/research-notes/reflection-full-mapping-sweep-20261005/cases/c4-core4/ALL17/reflection/design.json
4,16,64,group,CNN,26,complete,,,18432.0,9216.0,9216,9216,1.0,0.5,0.5,0.5,2.0,1.0,1.0,1.0,50.0,50.0,0.0,0.0,0.0,0.0,/home/yj3616/workspace/phd-research/research-notes/reflection-full-mapping-sweep-20261005/cases/c4-core16/CNN/rotation/design.json,/home/yj3616/workspace/phd-research/research-notes/reflection-full-mapping-sweep-20261005/cases/c4-core16/CNN/reflection/design.json
4,16,64,group,RNN,10,complete,,,22528.0,11264.0,10752,8576,1.0,0.5,0.4772727272727273,0.3806818181818182,2.0,1.0,0.9545454545454546,0.7613636363636364,52.27272727272727,61.93181818181819,4.545454545454541,23.863636363636363,20.238095238095234,19.318181818181817,/home/yj3616/workspace/phd-research/research-notes/reflection-full-mapping-sweep-20261005/cases/c4-core16/RNN/rotation/design.json,/home/yj3616/workspace/phd-research/research-notes/reflection-full-mapping-sweep-20261005/cases/c4-core16/RNN/reflection/design.json
4,16,64,group,Transformer,16,complete,,,16384.0,8192.0,7680,7680,1.0,0.5,0.46875,0.46875,2.0,1.0,0.9375,0.9375,53.125,53.125,6.25,6.25,0.0,0.0,/home/yj3616/workspace/phd-research/research-notes/reflection-full-mapping-sweep-20261005/cases/c4-core16/Transformer/rotation/design.json,/home/yj3616/workspace/phd-research/research-notes/reflection-full-mapping-sweep-20261005/cases/c4-core16/Transformer/reflection/design.json
4,16,64,all,ALL17,52,complete,,,22528.0,11264.0,10752,8704,1.0,0.5,0.4772727272727273,0.38636363636363635,2.0,1.0,0.9545454545454546,0.7727272727272727,52.27272727272727,61.36363636363637,4.545454545454541,22.72727272727273,19.047619047619047,18.181818181818183,/home/yj3616/workspace/phd-research/research-notes/reflection-full-mapping-sweep-20261005/cases/c4-core16/ALL17/rotation/design.json,/home/yj3616/workspace/phd-research/research-notes/reflection-full-mapping-sweep-20261005/cases/c4-core16/ALL17/reflection/design.json
8,1,8,group,CNN,22,complete,,,16384.0,10240.0,8192,7168,1.0,0.625,0.5,0.4375,1.6,1.0,0.8,0.7,50.0,56.25,19.999999999999996,30.000000000000004,12.5,10.0,/home/yj3616/workspace/phd-research/research-notes/reflection-full-mapping-sweep-20261005/cases/c8-core1/CNN/rotation/design.json,/home/yj3616/workspace/phd-research/research-notes/reflection-full-mapping-sweep-20261005/cases/c8-core1/CNN/reflection/design.json
8,1,8,group,RNN,5,complete,,,16384.0,10240.0,8192,7168,1.0,0.625,0.5,0.4375,1.6,1.0,0.8,0.7,50.0,56.25,19.999999999999996,30.000000000000004,12.5,10.0,/home/yj3616/workspace/phd-research/research-notes/reflection-full-mapping-sweep-20261005/cases/c8-core1/RNN/rotation/design.json,/home/yj3616/workspace/phd-research/research-notes/reflection-full-mapping-sweep-20261005/cases/c8-core1/RNN/reflection/design.json
8,1,8,group,Transformer,6,complete,,,16384.0,10240.0,8192,7168,1.0,0.625,0.5,0.4375,1.6,1.0,0.8,0.7,50.0,56.25,19.999999999999996,30.000000000000004,12.5,10.0,/home/yj3616/workspace/phd-research/research-notes/reflection-full-mapping-sweep-20261005/cases/c8-core1/Transformer/rotation/design.json,/home/yj3616/workspace/phd-research/research-notes/reflection-full-mapping-sweep-20261005/cases/c8-core1/Transformer/reflection/design.json
8,1,8,all,ALL17,33,complete,,,16384.0,10240.0,8192,7168,1.0,0.625,0.5,0.4375,1.6,1.0,0.8,0.7,50.0,56.25,19.999999999999996,30.000000000000004,12.5,10.0,/home/yj3616/workspace/phd-research/research-notes/reflection-full-mapping-sweep-20261005/cases/c8-core1/ALL17/rotation/design.json,/home/yj3616/workspace/phd-research/research-notes/reflection-full-mapping-sweep-20261005/cases/c8-core1/ALL17/reflection/design.json
8,4,32,group,CNN,31,complete,,,20480.0,12800.0,10752,9728,1.0,0.625,0.525,0.475,1.6,1.0,0.84,0.76,47.5,52.5,16.000000000000004,24.0,9.523809523809524,8.0,/home/yj3616/workspace/phd-research/research-notes/reflection-full-mapping-sweep-20261005/cases/c8-core4/CNN/rotation/design.json,/home/yj3616/workspace/phd-research/research-notes/reflection-full-mapping-sweep-20261005/cases/c8-core4/CNN/reflection/design.json
8,4,32,group,RNN,4,complete,,,20480.0,12800.0,10752,9728,1.0,0.625,0.525,0.475,1.6,1.0,0.84,0.76,47.5,52.5,16.000000000000004,24.0,9.523809523809524,8.0,/home/yj3616/workspace/phd-research/research-notes/reflection-full-mapping-sweep-20261005/cases/c8-core4/RNN/rotation/design.json,/home/yj3616/workspace/phd-research/research-notes/reflection-full-mapping-sweep-20261005/cases/c8-core4/RNN/reflection/design.json
8,4,32,group,Transformer,12,complete,,,20480.0,12800.0,10752,9728,1.0,0.625,0.525,0.475,1.6,1.0,0.84,0.76,47.5,52.5,16.000000000000004,24.0,9.523809523809524,8.0,/home/yj3616/workspace/phd-research/research-notes/reflection-full-mapping-sweep-20261005/cases/c8-core4/Transformer/rotation/design.json,/home/yj3616/workspace/phd-research/research-notes/reflection-full-mapping-sweep-20261005/cases/c8-core4/Transformer/reflection/design.json
8,4,32,all,ALL17,47,complete,,,20480.0,12800.0,10752,9728,1.0,0.625,0.525,0.475,1.6,1.0,0.84,0.76,47.5,52.5,16.000000000000004,24.0,9.523809523809524,8.0,/home/yj3616/workspace/phd-research/research-notes/reflection-full-mapping-sweep-20261005/cases/c8-core4/ALL17/rotation/design.json,/home/yj3616/workspace/phd-research/research-notes/reflection-full-mapping-sweep-20261005/cases/c8-core4/ALL17/reflection/design.json
8,16,128,group,CNN,27,complete,,,36864.0,23040.0,19968,19200,1.0,0.625,0.5416666666666666,0.5208333333333334,1.6,1.0,0.8666666666666667,0.8333333333333334,45.833333333333336,47.916666666666664,13.33333333333333,16.666666666666664,3.8461538461538436,3.3333333333333335,/home/yj3616/workspace/phd-research/research-notes/reflection-full-mapping-sweep-20261005/cases/c8-core16/CNN/rotation/design.json,/home/yj3616/workspace/phd-research/research-notes/reflection-full-mapping-sweep-20261005/cases/c8-core16/CNN/reflection/design.json
8,16,128,group,RNN,10,complete,,,40960.0,25600.0,18944,16512,1.0,0.625,0.4625,0.403125,1.6,1.0,0.74,0.645,53.75,59.68750000000001,26.0,35.5,12.83783783783784,9.5,/home/yj3616/workspace/phd-research/research-notes/reflection-full-mapping-sweep-20261005/cases/c8-core16/RNN/rotation/design.json,/home/yj3616/workspace/phd-research/research-notes/reflection-full-mapping-sweep-20261005/cases/c8-core16/RNN/reflection/design.json
8,16,128,group,Transformer,24,complete,,,36864.0,23040.0,19584,17664,1.0,0.625,0.53125,0.4791666666666667,1.6,1.0,0.85,0.7666666666666667,46.875,52.08333333333333,15.000000000000002,23.33333333333333,9.80392156862745,8.333333333333334,/home/yj3616/workspace/phd-research/research-notes/reflection-full-mapping-sweep-20261005/cases/c8-core16/Transformer/rotation/design.json,/home/yj3616/workspace/phd-research/research-notes/reflection-full-mapping-sweep-20261005/cases/c8-core16/Transformer/reflection/design.json
8,16,128,all,ALL17,61,complete,,,40960.0,25600.0,20480,18944,1.0,0.625,0.5,0.4625,1.6,1.0,0.8,0.74,50.0,53.75,19.999999999999996,26.0,7.499999999999996,6.0,/home/yj3616/workspace/phd-research/research-notes/reflection-full-mapping-sweep-20261005/cases/c8-core16/ALL17/rotation/design.json,/home/yj3616/workspace/phd-research/research-notes/reflection-full-mapping-sweep-20261005/cases/c8-core16/ALL17/reflection/design.json
16,1,16,group,CNN,50,complete,,,32768.0,24576.0,20736,19456,1.0,0.75,0.6328125,0.59375,1.3333333333333333,1.0,0.84375,0.7916666666666666,36.71875,40.625,15.625,20.833333333333336,6.172839506172845,5.208333333333333,/home/yj3616/workspace/phd-research/research-notes/reflection-full-mapping-sweep-20261005/cases/c16-core1/CNN/rotation/design.json,/home/yj3616/workspace/phd-research/research-notes/reflection-full-mapping-sweep-20261005/cases/c16-core1/CNN/reflection/design.json
16,1,16,group,RNN,10,complete,,,32768.0,24576.0,21504,20736,1.0,0.75,0.65625,0.6328125,1.3333333333333333,1.0,0.875,0.84375,34.375,36.71875,12.5,15.625,3.57142857142857,3.125,/home/yj3616/workspace/phd-research/research-notes/reflection-full-mapping-sweep-20261005/cases/c16-core1/RNN/rotation/design.json,/home/yj3616/workspace/phd-research/research-notes/reflection-full-mapping-sweep-20261005/cases/c16-core1/RNN/reflection/design.json
16,1,16,group,Transformer,25,complete,,,49152.0,36864.0,28416,26112,1.0,0.75,0.578125,0.53125,1.3333333333333333,1.0,0.7708333333333334,0.7083333333333334,42.1875,46.875,22.916666666666664,29.166666666666664,8.108108108108103,6.25,/home/yj3616/workspace/phd-research/research-notes/reflection-full-mapping-sweep-20261005/cases/c16-core1/Transformer/rotation/design.json,/home/yj3616/workspace/phd-research/research-notes/reflection-full-mapping-sweep-20261005/cases/c16-core1/Transformer/reflection/design.json
16,1,16,all,ALL17,85,complete,,,49152.0,36864.0,28416,26112,1.0,0.75,0.578125,0.53125,1.3333333333333333,1.0,0.7708333333333334,0.7083333333333334,42.1875,46.875,22.916666666666664,29.166666666666664,8.108108108108103,6.25,/home/yj3616/workspace/phd-research/research-notes/reflection-full-mapping-sweep-20261005/cases/c16-core1/ALL17/rotation/design.json,/home/yj3616/workspace/phd-research/research-notes/reflection-full-mapping-sweep-20261005/cases/c16-core1/ALL17/reflection/design.json
16,4,64,group,CNN,32,complete,,,40960.0,30720.0,28288,28288,1.0,0.75,0.690625,0.690625,1.3333333333333333,1.0,0.9208333333333333,0.9208333333333333,30.937499999999996,30.937499999999996,7.916666666666671,7.916666666666671,0.0,0.0,/home/yj3616/workspace/phd-research/research-notes/reflection-full-mapping-sweep-20261005/cases/c16-core4/CNN/rotation/design.json,/home/yj3616/workspace/phd-research/research-notes/reflection-full-mapping-sweep-20261005/cases/c16-core4/CNN/reflection/design.json
16,4,64,group,RNN,10,complete,,,49152.0,36864.0,29824,29824,1.0,0.75,0.6067708333333334,0.6067708333333334,1.3333333333333333,1.0,0.8090277777777778,0.8090277777777778,39.322916666666664,39.322916666666664,19.09722222222222,19.09722222222222,0.0,0.0,/home/yj3616/workspace/phd-research/research-notes/reflection-full-mapping-sweep-20261005/cases/c16-core4/RNN/rotation/design.json,/home/yj3616/workspace/phd-research/research-notes/reflection-full-mapping-sweep-20261005/cases/c16-core4/RNN/reflection/design.json
16,4,64,group,Transformer,17,complete,,,32768.0,24576.0,20992,20224,1.0,0.75,0.640625,0.6171875,1.3333333333333333,1.0,0.8541666666666666,0.8229166666666666,35.9375,38.28125,14.583333333333337,17.708333333333336,3.658536585365857,3.125,/home/yj3616/workspace/phd-research/research-notes/reflection-full-mapping-sweep-20261005/cases/c16-core4/Transformer/rotation/design.json,/home/yj3616/workspace/phd-research/research-notes/reflection-full-mapping-sweep-20261005/cases/c16-core4/Transformer/reflection/design.json
16,4,64,all,ALL17,59,complete,,,49152.0,36864.0,30208,29952,1.0,0.75,0.6145833333333334,0.609375,1.3333333333333333,1.0,0.8194444444444444,0.8125,38.541666666666664,39.0625,18.055555555555557,18.75,0.8474576271186418,0.6944444444444444,/home/yj3616/workspace/phd-research/research-notes/reflection-full-mapping-sweep-20261005/cases/c16-core4/ALL17/rotation/design.json,/home/yj3616/workspace/phd-research/research-notes/reflection-full-mapping-sweep-20261005/cases/c16-core4/ALL17/reflection/design.json
16,16,256,group,CNN,44,complete,,,73728.0,55296.0,52224,51200,1.0,0.75,0.7083333333333334,0.6944444444444444,1.3333333333333333,1.0,0.9444444444444444,0.9259259259259259,29.166666666666664,30.555555555555557,5.555555555555558,7.4074074074074066,1.9607843137254943,1.8518518518518519,/home/yj3616/workspace/phd-research/research-notes/reflection-full-mapping-sweep-20261005/cases/c16-core16/CNN/rotation/design.json,/home/yj3616/workspace/phd-research/research-notes/reflection-full-mapping-sweep-20261005/cases/c16-core16/CNN/reflection/design.json
16,16,256,group,RNN,10,complete,,,73728.0,55296.0,49600,47040,1.0,0.75,0.6727430555555556,0.6380208333333334,1.3333333333333333,1.0,0.8969907407407407,0.8506944444444444,32.72569444444444,36.197916666666664,10.300925925925931,14.930555555555557,5.161290322580648,4.62962962962963,/home/yj3616/workspace/phd-research/research-notes/reflection-full-mapping-sweep-20261005/cases/c16-core16/RNN/rotation/design.json,/home/yj3616/workspace/phd-research/research-notes/reflection-full-mapping-sweep-20261005/cases/c16-core16/RNN/reflection/design.json
16,16,256,group,Transformer,20,complete,,,73728.0,55296.0,49088,47872,1.0,0.75,0.6657986111111112,0.6493055555555556,1.3333333333333333,1.0,0.8877314814814815,0.8657407407407407,33.420138888888886,35.06944444444444,11.22685185185185,13.425925925925931,2.4771838331160367,2.199074074074074,/home/yj3616/workspace/phd-research/research-notes/reflection-full-mapping-sweep-20261005/cases/c16-core16/Transformer/rotation/design.json,/home/yj3616/workspace/phd-research/research-notes/reflection-full-mapping-sweep-20261005/cases/c16-core16/Transformer/reflection/design.json
16,16,256,all,ALL17,74,complete,,,73728.0,55296.0,52480,51264,1.0,0.75,0.7118055555555556,0.6953125,1.3333333333333333,1.0,0.9490740740740741,0.9270833333333334,28.819444444444443,30.46875,5.0925925925925934,7.2916666666666625,2.3170731707317094,2.199074074074074,/home/yj3616/workspace/phd-research/research-notes/reflection-full-mapping-sweep-20261005/cases/c16-core16/ALL17/rotation/design.json,/home/yj3616/workspace/phd-research/research-notes/reflection-full-mapping-sweep-20261005/cases/c16-core16/ALL17/reflection/design.json
32,1,32,group,CNN,41,complete,,,114688.0,93184.0,73216,69376,1.0,0.8125,0.6383928571428571,0.6049107142857143,1.2307692307692308,1.0,0.7857142857142857,0.7445054945054945,36.16071428571429,39.50892857142857,21.42857142857143,25.549450549450547,5.24475524475524,4.1208791208791204,/home/yj3616/workspace/phd-research/research-notes/reflection-full-mapping-sweep-20261005/cases/c32-core1/CNN/rotation/design.json,/home/yj3616/workspace/phd-research/research-notes/reflection-full-mapping-sweep-20261005/cases/c32-core1/CNN/reflection/design.json
32,1,32,group,RNN,10,complete,,,114688.0,93184.0,68096,65280,1.0,0.8125,0.59375,0.5691964285714286,1.2307692307692308,1.0,0.7307692307692307,0.7005494505494505,40.625,43.08035714285714,26.923076923076927,29.94505494505495,4.135338345864659,3.021978021978022,/home/yj3616/workspace/phd-research/research-notes/reflection-full-mapping-sweep-20261005/cases/c32-core1/RNN/rotation/design.json,/home/yj3616/workspace/phd-research/research-notes/reflection-full-mapping-sweep-20261005/cases/c32-core1/RNN/reflection/design.json
32,1,32,group,Transformer,25,complete,,,98304.0,79872.0,67840,67072,1.0,0.8125,0.6901041666666666,0.6822916666666666,1.2307692307692308,1.0,0.8493589743589743,0.8397435897435898,30.989583333333336,31.770833333333336,15.064102564102566,16.025641025641026,1.132075471698113,0.9615384615384616,/home/yj3616/workspace/phd-research/research-notes/reflection-full-mapping-sweep-20261005/cases/c32-core1/Transformer/rotation/design.json,/home/yj3616/workspace/phd-research/research-notes/reflection-full-mapping-sweep-20261005/cases/c32-core1/Transformer/reflection/design.json
32,1,32,all,ALL17,76,complete,,,114688.0,93184.0,76544,74496,1.0,0.8125,0.6674107142857143,0.6495535714285714,1.2307692307692308,1.0,0.8214285714285714,0.7994505494505495,33.25892857142857,35.04464285714286,17.85714285714286,20.05494505494505,2.6755852842809347,2.197802197802198,/home/yj3616/workspace/phd-research/research-notes/reflection-full-mapping-sweep-20261005/cases/c32-core1/ALL17/rotation/design.json,/home/yj3616/workspace/phd-research/research-notes/reflection-full-mapping-sweep-20261005/cases/c32-core1/ALL17/reflection/design.json
32,4,128,group,CNN,37,complete,,,81920.0,66560.0,55808,55424,1.0,0.8125,0.68125,0.6765625,1.2307692307692308,1.0,0.8384615384615385,0.8326923076923077,31.874999999999996,32.34375000000001,16.153846153846153,16.730769230769226,0.6880733944954143,0.5769230769230769,/home/yj3616/workspace/phd-research/research-notes/reflection-full-mapping-sweep-20261005/cases/c32-core4/CNN/rotation/design.json,/home/yj3616/workspace/phd-research/research-notes/reflection-full-mapping-sweep-20261005/cases/c32-core4/CNN/reflection/design.json
32,4,128,group,RNN,10,complete,,,81920.0,66560.0,54784,53248,1.0,0.8125,0.66875,0.65,1.2307692307692308,1.0,0.823076923076923,0.8,33.12500000000001,35.0,17.692307692307697,19.999999999999996,2.8037383177570097,2.3076923076923075,/home/yj3616/workspace/phd-research/research-notes/reflection-full-mapping-sweep-20261005/cases/c32-core4/RNN/rotation/design.json,/home/yj3616/workspace/phd-research/research-notes/reflection-full-mapping-sweep-20261005/cases/c32-core4/RNN/reflection/design.json
32,4,128,group,Transformer,25,complete,,,81920.0,66560.0,58624,58496,1.0,0.8125,0.715625,0.7140625,1.2307692307692308,1.0,0.8807692307692307,0.8788461538461538,28.437500000000004,28.593749999999996,11.923076923076925,12.115384615384617,0.21834061135370675,0.19230769230769232,/home/yj3616/workspace/phd-research/research-notes/reflection-full-mapping-sweep-20261005/cases/c32-core4/Transformer/rotation/design.json,/home/yj3616/workspace/phd-research/research-notes/reflection-full-mapping-sweep-20261005/cases/c32-core4/Transformer/reflection/design.json
32,4,128,all,ALL17,72,complete,,,81920.0,66560.0,58880,58240,1.0,0.8125,0.71875,0.7109375,1.2307692307692308,1.0,0.8846153846153846,0.875,28.125,28.90625,11.538461538461542,12.5,1.0869565217391353,0.9615384615384616,/home/yj3616/workspace/phd-research/research-notes/reflection-full-mapping-sweep-20261005/cases/c32-core4/ALL17/rotation/design.json,/home/yj3616/workspace/phd-research/research-notes/reflection-full-mapping-sweep-20261005/cases/c32-core4/ALL17/reflection/design.json
32,16,512,group,CNN,32,complete,,,147456.0,119808.0,100224,100224,1.0,0.8125,0.6796875,0.6796875,1.2307692307692308,1.0,0.8365384615384616,0.8365384615384616,32.03125,32.03125,16.346153846153843,16.346153846153843,0.0,0.0,/home/yj3616/workspace/phd-research/research-notes/reflection-full-mapping-sweep-20261005/cases/c32-core16/CNN/rotation/design.json,/home/yj3616/workspace/phd-research/research-notes/reflection-full-mapping-sweep-20261005/cases/c32-core16/CNN/reflection/design.json
32,16,512,group,RNN,10,complete,,,147456.0,119808.0,88320,86720,1.0,0.8125,0.5989583333333334,0.5881076388888888,1.2307692307692308,1.0,0.7371794871794872,0.7238247863247863,40.104166666666664,41.189236111111114,26.282051282051277,27.61752136752137,1.8115942028985477,1.3354700854700854,/home/yj3616/workspace/phd-research/research-notes/reflection-full-mapping-sweep-20261005/cases/c32-core16/RNN/rotation/design.json,/home/yj3616/workspace/phd-research/research-notes/reflection-full-mapping-sweep-20261005/cases/c32-core16/RNN/reflection/design.json
32,16,512,group,Transformer,20,complete,,,147456.0,119808.0,98368,96000,1.0,0.8125,0.6671006944444444,0.6510416666666666,1.2307692307692308,1.0,0.8210470085470085,0.8012820512820513,33.28993055555556,34.895833333333336,17.89529914529915,19.87179487179487,2.407286922576446,1.9764957264957266,/home/yj3616/workspace/phd-research/research-notes/reflection-full-mapping-sweep-20261005/cases/c32-core16/Transformer/rotation/design.json,/home/yj3616/workspace/phd-research/research-notes/reflection-full-mapping-sweep-20261005/cases/c32-core16/Transformer/reflection/design.json
32,16,512,all,ALL17,62,complete,,,147456.0,119808.0,102272,101120,1.0,0.8125,0.6935763888888888,0.6857638888888888,1.2307692307692308,1.0,0.8536324786324786,0.844017094017094,30.642361111111114,31.423611111111114,14.63675213675214,15.598290598290598,1.126408010012514,0.9615384615384616,/home/yj3616/workspace/phd-research/research-notes/reflection-full-mapping-sweep-20261005/cases/c32-core16/ALL17/rotation/design.json,/home/yj3616/workspace/phd-research/research-notes/reflection-full-mapping-sweep-20261005/cases/c32-core16/ALL17/reflection/design.json
64,1,64,group,CNN,46,complete,,,196608.0,172032.0,132352,132352,1.0,0.875,0.6731770833333334,0.6731770833333334,1.1428571428571428,1.0,0.7693452380952381,0.7693452380952381,32.682291666666664,32.682291666666664,23.065476190476186,23.065476190476186,0.0,0.0,/home/yj3616/workspace/phd-research/research-notes/reflection-full-mapping-sweep-20261005/cases/c64-core1/CNN/rotation/design.json,/home/yj3616/workspace/phd-research/research-notes/reflection-full-mapping-sweep-20261005/cases/c64-core1/CNN/reflection/design.json
64,1,64,group,RNN,10,complete,,,262144.0,229376.0,165376,165376,1.0,0.875,0.630859375,0.630859375,1.1428571428571428,1.0,0.7209821428571429,0.7209821428571429,36.9140625,36.9140625,27.901785714285708,27.901785714285708,0.0,0.0,/home/yj3616/workspace/phd-research/research-notes/reflection-full-mapping-sweep-20261005/cases/c64-core1/RNN/rotation/design.json,/home/yj3616/workspace/phd-research/research-notes/reflection-full-mapping-sweep-20261005/cases/c64-core1/RNN/reflection/design.json
64,1,64,group,Transformer,25,complete,,,131072.0,114688.0,108544,108544,1.0,0.875,0.828125,0.828125,1.1428571428571428,1.0,0.9464285714285714,0.9464285714285714,17.1875,17.1875,5.35714285714286,5.35714285714286,0.0,0.0,/home/yj3616/workspace/phd-research/research-notes/reflection-full-mapping-sweep-20261005/cases/c64-core1/Transformer/rotation/design.json,/home/yj3616/workspace/phd-research/research-notes/reflection-full-mapping-sweep-20261005/cases/c64-core1/Transformer/reflection/design.json
64,1,64,all,ALL17,81,complete,,,262144.0,229376.0,165376,165376,1.0,0.875,0.630859375,0.630859375,1.1428571428571428,1.0,0.7209821428571429,0.7209821428571429,36.9140625,36.9140625,27.901785714285708,27.901785714285708,0.0,0.0,/home/yj3616/workspace/phd-research/research-notes/reflection-full-mapping-sweep-20261005/cases/c64-core1/ALL17/rotation/design.json,/home/yj3616/workspace/phd-research/research-notes/reflection-full-mapping-sweep-20261005/cases/c64-core1/ALL17/reflection/design.json
64,4,256,group,CNN,43,complete,,,163840.0,143360.0,131840,131840,1.0,0.875,0.8046875,0.8046875,1.1428571428571428,1.0,0.9196428571428571,0.9196428571428571,19.53125,19.53125,8.03571428571429,8.03571428571429,0.0,0.0,/home/yj3616/workspace/phd-research/research-notes/reflection-full-mapping-sweep-20261005/cases/c64-core4/CNN/rotation/design.json,/home/yj3616/workspace/phd-research/research-notes/reflection-full-mapping-sweep-20261005/cases/c64-core4/CNN/reflection/design.json
64,4,256,group,RNN,10,complete,,,163840.0,143360.0,130944,128640,1.0,0.875,0.79921875,0.78515625,1.1428571428571428,1.0,0.9133928571428571,0.8973214285714286,20.078125000000004,21.484375,8.660714285714288,10.267857142857139,1.7595307917888547,1.6071428571428572,/home/yj3616/workspace/phd-research/research-notes/reflection-full-mapping-sweep-20261005/cases/c64-core4/RNN/rotation/design.json,/home/yj3616/workspace/phd-research/research-notes/reflection-full-mapping-sweep-20261005/cases/c64-core4/RNN/reflection/design.json
64,4,256,group,Transformer,17,complete,,,163840.0,143360.0,128000,127872,1.0,0.875,0.78125,0.78046875,1.1428571428571428,1.0,0.8928571428571429,0.8919642857142858,21.875,21.953124999999996,10.71428571428571,10.803571428571423,0.10000000000000009,0.08928571428571429,/home/yj3616/workspace/phd-research/research-notes/reflection-full-mapping-sweep-20261005/cases/c64-core4/Transformer/rotation/design.json,/home/yj3616/workspace/phd-research/research-notes/reflection-full-mapping-sweep-20261005/cases/c64-core4/Transformer/reflection/design.json
64,4,256,all,ALL17,70,complete,,,163840.0,143360.0,131968,131840,1.0,0.875,0.80546875,0.8046875,1.1428571428571428,1.0,0.9205357142857142,0.9196428571428571,19.453125000000004,19.53125,7.9464285714285765,8.03571428571429,0.09699321047527132,0.08928571428571429,/home/yj3616/workspace/phd-research/research-notes/reflection-full-mapping-sweep-20261005/cases/c64-core4/ALL17/rotation/design.json,/home/yj3616/workspace/phd-research/research-notes/reflection-full-mapping-sweep-20261005/cases/c64-core4/ALL17/reflection/design.json
64,16,1024,group,CNN,27,complete,,,294912.0,258048.0,227968,225920,1.0,0.875,0.7730034722222222,0.7660590277777778,1.1428571428571428,1.0,0.8834325396825397,0.8754960317460317,22.69965277777778,23.39409722222222,11.656746031746035,12.450396825396826,0.8983717012914116,0.7936507936507936,/home/yj3616/workspace/phd-research/research-notes/reflection-full-mapping-sweep-20261005/cases/c64-core16/CNN/rotation/design.json,/home/yj3616/workspace/phd-research/research-notes/reflection-full-mapping-sweep-20261005/cases/c64-core16/CNN/reflection/design.json
64,16,1024,group,RNN,10,complete,,,294912.0,258048.0,190016,187712,1.0,0.875,0.6443142361111112,0.6365017361111112,1.1428571428571428,1.0,0.736359126984127,0.7274305555555556,35.568576388888886,36.349826388888886,26.364087301587304,27.256944444444443,1.2125294712024282,0.8928571428571429,/home/yj3616/workspace/phd-research/research-notes/reflection-full-mapping-sweep-20261005/cases/c64-core16/RNN/rotation/design.json,/home/yj3616/workspace/phd-research/research-notes/reflection-full-mapping-sweep-20261005/cases/c64-core16/RNN/reflection/design.json
64,16,1024,group,Transformer,18,complete,,,294912.0,258048.0,217792,215488,1.0,0.875,0.7384982638888888,0.7306857638888888,1.1428571428571428,1.0,0.8439980158730159,0.8350694444444444,26.150173611111114,26.931423611111114,15.600198412698408,16.493055555555557,1.0578900969732574,0.8928571428571429,/home/yj3616/workspace/phd-research/research-notes/reflection-full-mapping-sweep-20261005/cases/c64-core16/Transformer/rotation/design.json,/home/yj3616/workspace/phd-research/research-notes/reflection-full-mapping-sweep-20261005/cases/c64-core16/Transformer/reflection/design.json
64,16,1024,all,ALL17,55,complete,,,294912.0,258048.0,227456,226752,1.0,0.875,0.7712673611111112,0.7688802083333334,1.1428571428571428,1.0,0.8814484126984127,0.8787202380952381,22.873263888888886,23.111979166666664,11.855158730158733,12.127976190476186,0.3095104108047253,0.2728174603174603,/home/yj3616/workspace/phd-research/research-notes/reflection-full-mapping-sweep-20261005/cases/c64-core16/ALL17/rotation/design.json,/home/yj3616/workspace/phd-research/research-notes/reflection-full-mapping-sweep-20261005/cases/c64-core16/ALL17/reflection/design.json
