chiplets,cores_per_chiplet,total_cores,workloads,mappings,minimum_mappings,workloads_with_at_least_three,workloads_with_one,workloads_with_two,design_pairs_complete,design_pairs_expected
4,1,4,17,20,1,1,15,1,21,21
4,4,16,17,39,1,6,7,4,21,21
4,16,64,17,52,1,9,1,7,21,21
8,1,8,17,33,1,4,6,7,21,21
8,4,32,17,47,1,8,3,6,21,21
8,16,128,17,61,2,13,0,4,21,21
16,1,16,17,85,5,17,0,0,21,21
16,4,64,17,59,1,12,1,4,21,21
16,16,256,17,74,2,15,0,2,21,21
32,1,32,17,76,1,16,1,0,21,21
32,4,128,17,72,3,17,0,0,21,21
32,16,512,17,62,1,13,1,3,21,21
64,1,64,17,81,3,17,0,0,21,21
64,4,256,17,70,2,15,0,2,21,21
64,16,1024,17,55,1,10,4,3,21,21
