chiplets,cores_per_chiplet,workload,mapping_count,meets_three,availability,mapping_ids
4,1,darknet19,1,False,available,ae0b4439abdb33bb99b33dec2e89ed6025c07bee5c998ba2c388895978bd29bd
4,1,vgg19,1,False,available,e1c2176018ca68cc1d4d5534be1d1e5fc1f2849a54555aa909c0c045b625145d
4,1,resnet50,1,False,available,da6130a6a243757aa1c7ed1a24147d4e5833139c8f48d3ddb4dd9b2e44709119
4,1,googlenet,1,False,available,dd3c56244f48aff3980a8608ec1c73df5a14bc6cd4911a92d2dad06fee23f67f
4,1,resnet101,1,False,available,c72ca7bd2782dec18a1b695e8afdbe5b1d5508e3043ad9ae460ee40d16e8c193
4,1,densenet,1,False,available,51c40f2ff7f2b2012a51056ba515252931631b04abd3d53874f22e14803fed82
4,1,inception_resnet_v1,1,False,available,d8b2fd1b52d93c6e03bcd98a266a3511ddd0c79b9a6b206543e255fdd37e18cd
4,1,gnmt,1,False,available,7d4e66773a7ba137e97be0a143b6d13410c9d9fe37c17080d1c08726faaa7dd7
4,1,lstm,1,False,available,7faa4c65d9f0c1af6f789a61e6e24987174a09dbb8222ac9686f66e858894246
4,1,transformer,3,True,available,798464ff6590d70f35b820c12aa461e06c7352f0ed45d2b708a55583eba18ee3;8668474d902a6ea0906c3e7c6e29fe00a97f57c424c4691fb619a4de83f3b377;117d9c848affde32a4b38f6fd61262c75b415d8376a914416cb7ac688d444e27
4,1,transformer_cell,1,False,available,8f4c9af434c2f18d47175618f42aae1069e16b11a4ba265db6a66d54f79e576e
4,1,pnasnet,1,False,available,0bcea382b6b35d3c2fb385b5202a6a5d3769f92191b9231334df412712cc41a3
4,1,resnext50,1,False,available,19f0c9fb8c8da62fa440b383fcf4ebd5e990bb09641392e2aef681213d5cb5f9
4,1,resnet152,1,False,available,67716687a08e12e62827129f821aca7373dd36a1a0568ee63f049640f1efd66b
4,1,bert_block,1,False,available,6fa5043fc8438663a549e045b1650fd4efb6aed15910914685ad4e5258db42f9
4,1,gpt_prefill_block,1,False,available,c1a8b87e643a1b0e3168870bab468fa15af7c964dd1ec15cc1f8fb5055b2e8b4
4,1,gpt_decode_block,2,False,available,1d923f3eac513a9a0e39baa578d8dce069195b4bc6c6a74d17e42b83823f7330;830f568665cd141d4e61f8e060f64968a417e5de3d3bd067ba49f564707dee1d
8,1,darknet19,1,False,available,bca08b9bc6f921b8ea9c4b2794a5845ee2baee0b2f9f66143493c99799a1ef0c
8,1,vgg19,1,False,available,dde3d2607189a21e65d9574f8a5b6f47bce0c61a556658dc857c7a6931e6ebbe
8,1,resnet50,3,True,available,732aa97d2fae79f0e604252942af6d2fe95affe3ca7af8ee0d9ff836aab48718;efa6bedfa100547b3ebc8d2bc5104349251208f8f4de150cdaa36664480d5235;1ad766083a52037263f80dcf7cfcf6918db2e901d3dc710a3a2a8c30d79cbb45
8,1,googlenet,2,False,available,26b262e3c0f21665674a59b8be64da275a9bd7fa3e87b2a55c636921ae06d39c;ffe369130bb648c4c119c71e6afae9eeba8128cac72105e1df1fb969952b0475
8,1,resnet101,2,False,available,ee7e5e09d2ce3f42cf21abc4e472e33e940adeaffda4a016e2d5f132ce5aad6d;be33df7189b8b0c17156fed3fcbca25f0c24c39d71ccd74581204bb2ba01cbfc
8,1,densenet,3,True,available,e599689258c785a1c3aaf70a05f8ff033f925cb1d050a7843ee0603697763efd;a1652de2ecfb454092af324ddddeaff99fa6adc9ad27f001541f24b5fee3ca23;134eb13102816e2dd37d43da75fbd0fe437b21166b7020d3cad02eba917157b8
8,1,inception_resnet_v1,2,False,available,14d56f9085e51a59736b39640a2041c72435dbf875c162b01a22a005413c90a2;c255969fa11979b957867bcf394a37cc020a9a07e1fc5438dca40ba95ff859a7
8,1,gnmt,2,False,available,62407045e5392f9ab30ec72c32de3c9494f1695ea04bc778cdb4e44fd07aaf60;837d8f5eed17bcf0d60c292a8de4916043d001e4ceb5f2d74c58995c6b87c4d8
8,1,lstm,3,True,available,b0b6e67e2a0c81c893267ed271d852054bd211d8108d3abab66624280b6bb046;10f36675240e23524449fe9c440dbc3cfa07d58e11709d20720b5fbf67278e44;ec87c20b8c11b2d7f33f0116346d1616e35395d58ee541267590b58623414eed
8,1,transformer,1,False,available,e47fefa6347d1775f336e61687cb4a307dd8b26f0f56821621dc4ee1c657a06f
8,1,transformer_cell,2,False,available,3f7626e916bda519ee2db32318459639e1e9a99d2b6729c83435eb759346b9d9;8b1d2a53376ecee6833a91dfe947fbfc7fe5ccf6f9f91f96c03212639e257e90
8,1,pnasnet,4,True,available,26287c6b162c21ded72eee03f5c89be0850cfc60c49a24f1c2a426f0b27b1950;9735c5c0a437b487a6e8368621e54bc7af8ab4315c98de9442be6066c479f1cf;ea71fb8a063603d31bc8fa8c5e2c83493e4886fc7567bdef650be7ac6c7521ae;141ce6f8c60e32d1793a117a27415bc28bc7aa14a58127a98b02d6784fe0661e
8,1,resnext50,2,False,available,c9de949d8ed80e03d19caf61c7eccdcfd43067b63bdc545d394cce51f7c9dae3;39492d338f7d4369abc9f3423fa25fe53fa3dd215cb7ff8144c8f7b3371017eb
8,1,resnet152,2,False,available,c51f774b2295057c8b9f8adee3d42219c65ba624cf0a45e0b440a1740d76e13d;42e554d97fad17f986745343e9f459cea7f13303d251ffe2fcb8b8fc2407f050
8,1,bert_block,1,False,available,77befa0c23b038ec8ff01595c6d250210e22294a6fc61b2b6d93ba9a6e0869ae
8,1,gpt_prefill_block,1,False,available,313ac5eb72be8dc00804987889956207e4d3fbb3f17ad4b66a47c04e38657a1d
8,1,gpt_decode_block,1,False,available,f59b0284ac6c634ba5a37875b880fbc80928b173f1decec27ced97ef700ff3b7
4,4,darknet19,3,True,available,aa11aaf099f2dbbb536e71a9ab16e005ff5e3b218a53f8ad93ca0735588529f8;db5387ccd43f690907e9f107625236f2978ff8f3f1812a5a144905a0159ae8fe;ee18857c565d45f95ae1b834f87a01f73b41cade3e997617e7ef13c811367827
16,1,darknet19,5,True,available,e34517f3801a33b40a3a4003fa37a8b88d178e27ed6a2c55a0a7400f8e9a804a;5f97c80c46675a9ee7c46febf8ac0cd78280fc216b0e748e47bbd0fb85acd020;ee17bf238496b3fa77c9d51be118613984d84626f834cd8ca5a4fc940fc32cad;337ee8b036ced1322d292265b5def51af0f0cb4e122304febf051151857de884;ed782e86a8083199e4b31045f60978798e74b162ae00382e50dca0be7a316f6a
4,4,vgg19,1,False,available,2dcf47e6028e2d82b7af344446e0c1f5c3cd21090ddb38559a7ac78dd0cb4c00
16,1,vgg19,5,True,available,02556a3a4a776ea0f8d1d1ceb85eba00f3c8d83b68cc150930356d3dd281b122;c71d96627f501506a875f3c6abed01de8eac4df148b711bcff1b808a9acb09c7;989fa4fe8aaf928e2d76d64a2125e00209e7649e6d75df95cc56dc954a8c1ffc;f04a8ce75cac78171858198d89f543fd2fdc6466d4c227cbc514f872f75287ba;15df9157e228c6950655fb8b1ff034f2a2126b6d3723b655643e17bb2bf92a42
4,4,resnet50,1,False,available,3a9e1553b364dc9be75a7ab6b1da16af1d4e2ebc038b7d15bacf6f4ac980a564
16,1,resnet50,5,True,available,d9586dee7c13ebb103155b0a6a8bb2b0bc2dfa8af83f10332f62cbf0c1f89df7;d25e25d9a5857cc2debc27b34c16ce6ee5d8ea9fb471f930c41d13bcf45ae530;ce628f523213f283c296cf3aaa00ec30d9ea44101304257c5d0b65f4dba98f68;5915c3ec7d38fa55d3b03deb06f93606a4a3136e97aa5e4f9bf97a6eaf869860;df8df26b9a2ba11b4c90dbfe931d57c29dde90f21a1b59927f01ca34f5b33379
4,4,googlenet,2,False,available,7dfd87e097d81f952bcba0ba535d6074928277023daa3701ed50bdd7de22d086;771d563bf72cb46188aced5c367b92bd54a6fb00de6f87ed915d2c286e39fe6f
16,1,googlenet,5,True,available,10b75e60e197ba806d4d928f2ae033765f2c8cec2ab3a31a43e6e674ffc770cf;9ebeefbbdcaaee29db41356f356e8ae9a3d4fee20057b19cbb3164f8445ce640;46b1e185ccad7e7a5277b1042687745628514664a0afb77035a039c30c09abe6;70cd03ce96cd5bcfc348ccfc2daebd1fd8e60ce5785fecef757b51e7bd9583fd;27fa36eaa98fce4d560eb4e9ef9b3280ccac536be7de23ae1a615b043c696706
4,4,resnet101,1,False,available,2bd24c04a5d81a23ec717734b373599a1e433fc533946e17d5bd98d1abeea961
16,1,resnet101,5,True,available,2f37063ce9d4b9fb9e1f12f4f343007763ef408d7f27e997d30ca0f1f77212ea;51ca1d6a8d29dd4acb624353b6435032feeff86ec8c7c43f3366298fd16e3fa5;93e28f5dfe2718b01eb3786b858a8a7ef9dd7fe93f301e08fc9894ac7f0e8780;887fa614097573ec969f08fe390bf921e16f7100a9f2820962246e74819dc2af;d37b36c41988b660080e811c76afd429ac8fe362bb45849eceb31f2073e89ff9
4,4,densenet,2,False,available,9d13afb632dece51d0d9aeaa8dae6991dfdf5dab42f773823ea51247cc5fa531;192555f293155d28876c0b373637049087c19fb37482a08c460ecf9f7c9b780a
16,1,densenet,5,True,available,6a86c47d89f91371c961c772163ab8c8c194c88133c0316ebf1c24e1350b8ab5;51ec0d766876a68b7244964601322dff91054061a0621d3a3b373fccb6ac64eb;1b414742cf9c1ee630ded902cd06a40eea8af99ee4850101c0e33e72b23267bf;288713f02b5e941cbf8a55f95f79e63a82008ae4a332efe90cd2df07791640bf;e59ed8e6d2b722bf631ffe53fad9aa07019ce4baf4f1fd839d68fe38f7086ea6
4,4,inception_resnet_v1,2,False,available,394f098dbeb6ad6848e375cc4559f6e68f8a63a7d5539d0a97d3815d41b7f45d;ef363d4e7a2315adf1d08827de1d5ce863a48e02e35605cc2e004bc89d62a7a4
16,1,inception_resnet_v1,5,True,available,f4eb5fbb27af945ea08567c4f2026d04443fe72fd94add86568f148f11547607;efc3fab37268caa53e250a107798e5469b0af31c19d0b6c049c9c2b65afd7aac;1a208d71fdea97ba06b8b039c2edf313e68ef86046a80f0082f01562974a5d9e;60ab32633fe1437bd874939e510f2aff2437ed27602f55677669487f2acd07f6;f941a00dde4ee3ed0f9f7e368508ad5004cea3f025c38bf7a4ac289986196944
4,4,gnmt,5,True,available,d21a098f356e4703f792651fa60aa181b17fa680bafa02e320903c96722d4979;0bb7811d0f970ba6b659c83d9f9da82a1f2e0e851c37a0bdefc2be4327a8806b;38bbf675b0137b6d2aab9baab155e463e593e95158c65e1d0894d3dc8c676c2a;7dade45b5f3c3c4978e7fec19307bc06a0d334b9dba2d28d228ed1f293058d7d;41f9d2df44ef02126eda4cf1e152f58d0e73aa4fb026f768c91c298ed20cd720
16,1,gnmt,5,True,available,f9aa80f2ac8b004f70585cc266b13c836435173c0fa9c76ad2f02d1f1c20c956;3d1378663f3aab440ed720a2dd855c1eea32c4b66152485e91297b409971bcc5;c7db807919211ae54aa07f8c60fc84020121c5a3a6a2436df77d2ab618f83fe3;2641224488e8a3f3d1967021a3a66583c14680e35ebfe35ccf683803e2829d79;26591d59f7643884ad2f2353fa8d6d851605e90f0565636442b9091c9f7a4111
4,4,lstm,5,True,available,beb20a728609a133a34f5253fb5e79491c3eca85eacc9e8073ccf060bba197bb;77fb4b8e78fb2fba89a3157460e60297e73314e4667a0649a0a50fa3265bf548;17dff18244e7e7d673dfb5a5b2942c911310425efa48ae1f75085fac5ca663ff;6c4c7dbd160f3fd0c3d1ccdb3bcbbfa31ab825f31edd22d67a477670d55bdf23;25b11533a5ddd12cb42c89d66c3439f9f868904048667d6fdce9ae9b212d9e8a
16,1,lstm,5,True,available,12b879770ca261450d18737d272468e02438c9a0b8ec779a5f79819b76c28519;f6d394fa66c53de6941c8696b1533369fc640f8d584664dad04791b908b45131;bb404bbc773e4d1197b309e47d24ebd7d45bac1c3055711ca3be903689edbcfb;4bbbdcd196b4185c31edf82b980b569f3c9057270d383aefde21d671c1f6b49a;0093e30a1e3c128b520fd6beaae8d26238518b9d1bfb0bba3bbb7c4c452ee140
4,4,transformer,1,False,available,1936a2edce2ad47f29fa44c0daa4c0ce8a457f314792b2b9fe48f7c342ad1443
16,1,transformer,5,True,available,817db136f3e012c4c0348cb6acc9bc52bc59f25d5e9a91a6094235d21d00e31d;e2752878df9b1ba22227876a51d2509f5b7c7ab93cd9778bdd2e13b7d5246cc4;78a2b94e0179a7c4d069877176ab53111c8704e497a62fa9818c8c2d9fe836f8;d1a1ef612210456c4b78b8caca155e812d240191e35db548531794edc94f71ed;1dbd47aeda7c44b3406565a9e904368fe055e573fa2444b5aa4a0ec0ef8e3585
4,4,transformer_cell,3,True,available,82f16fc51ccc3fbe0386da2cc6ae8c39c28fcf32bac271c398b384835fe1e458;bb2827b86d547886e42d82dfdd91e18ac35bb8863827eeaaf5067d3bf4202b5c;c92f3a94bd20f153340f6f1453e6f93cb912561dfa4bace86ed4f208fb1c9b95
16,1,transformer_cell,5,True,available,a0163ce5001601c5e5ce7f1c3f89633d56c3408b25a42439c058bdff6478d17e;efbecd35d6ef1a5cf82b9f42006316a9f58b4c9fc3118d9a190962843e728874;fbee63bf5f527c988fc86eedf8f4fe15bd785ffa11ba2c089dafd57f876590d0;c91b337ba4780f3b520792e2c61b12c5287c3e70e5d8e55b6d228d12598f452c;93a7437d12214b604ca09634b1c89ea8107f7ed903c661d2fd9fbca487a495c8
4,4,pnasnet,3,True,available,7d1157398683c5f577f45bdef15453d48f515b02e46a148b778371ed48935de0;3f0f010b5418b3361d11f334c4242f0f07a89731df8d4ac0f465c732ccfec63c;a66acb6d72584c4b7acee09a0f8699008f259afdd72ee1bb1a863760a2f1adb1
16,1,pnasnet,5,True,available,1ae0b5a32c200a35a23ecf3a6874f90e7ae76dce1439693e263b644fd9e083e1;68bb41cdeab603523494ffac4569d5054cdc418e443bb2294b45ef35e1a2593d;5f4f2b222569454c6ace327749b383806023b5617397c4aa847cdd5cd9945611;cf52d822869e25feea7bc388865cceab90ece2ecf323684b201e695697f37384;aac3ec4185b774ca5544ae4581395c61c4753474ef7d677727257cc955883470
4,4,resnext50,1,False,available,fea052ee3f64ccdf7218cc560493ce08c7472a9bc111cde9dbd7f2926bfbd5dc
16,1,resnext50,5,True,available,3a2aa7e03bddce7c3de201004e30d4c1acdff8f6fd1daa0e1a90027816f5690e;f94cd68345081771da6a908fda525fd604c6f8f4056ed8b485a16dec52f3a9ea;c0bc6de4f278b248ddc907ff9721f5073bde5b00434080b8e5578baed54b1cc5;cddb63093e1ca922eca21423bad75251b9126418ed135a7cfb493a636e2d4719;501590a3024ea91a98347016dc7b744b98efd7aa50f20602c37f3c00b8bd63a7
4,4,resnet152,1,False,available,ae4b656ea1a6835f5f8402e2c908a4ac116286d69b41b67e8213d8fe2eaae1a2
16,1,resnet152,5,True,available,d34b763f04de61f55ce483eaea3c71f33d9bc57038d74a59cccc6049265ae425;156615ce75e348b6f885db4d2bf389a9f7ee648ff9288a09a4c8db583fc0bbf1;ef16a0151c8c44486b7cfc8fb01a9c5de0c40a7ccf5536dbee1f40c6384de35b;c5dc5bf46cc738904fe4048815b89f6d6f37e525550d60a7323bf0090716a3af;e54f1658e217f14e87fd6adbd4ffb517af3e410bf2fc91b5bfd2a4d36eebcd9e
4,4,bert_block,2,False,available,f2b20996059d0430b8adf75d49e3cc33b63f6ec4c6dae01daceb69688649a313;cfd066750dc3a978fdf52051741d1bd6a4cb04959b19497f6e46a16a29e0cc02
16,1,bert_block,5,True,available,0e25d76e84fc9dacbc1bcb604827c8cd5976f1b533d7815ad8e88989676ee4cf;bda79f29e458af4ed80d3d02db353695059768dbd271eb358feb6e219be2dd17;96b6ba429d63dadf5452e0c88e0aed6f7fcdbf94f67561676be0f43d4feea513;cbc27c92a326c6cd2cdb8d989f57639f39385e3ef5295644a520708f438a3991;a1d2f534b2d8fe69f1007c1d8a4e9c886649881c32545e416415010238ed5389
4,4,gpt_prefill_block,1,False,available,fa235ca196985e1ebb6d93a37890a90bce437504281c1202a1bf14b48d8f4202
16,1,gpt_prefill_block,5,True,available,8a153872e3fbacef8fffea73af765d53cee231025f026d3f2ed25a78db7fc886;7b233227d54bb21089f78ead04520bcb86dacb6b9e989787abce33a3aaea00bb;89ae9ca27fc3eb976fc2e9125678a0bba6819dca82593b40bd2c48718f71eeed;07299e1fcaf04ce0bb527e79f6a8ee3bdfc17dddb168dd7d4c8cb77d220520da;c9ec0aed119d7397a3d0827d952b49ab56de2ce7ed34da4fd98284ca0f0f98e9
4,4,gpt_decode_block,5,True,available,6ede5bcde06cc4a779fd901277e694d8843a814bf2fefeb97b8bc57dd64e53ab;80075da652e73228dce64bb7f88713ce51749e5051f5209ba49251fa93b9ef4f;933e7b88f88f7a5f9cfcfb16512c478578e3dc3b9b51e2cbb06c199b2dc04958;7a1cb9a3eceaabd33e77033938b354ccd4f25dc44248f3e63c735268497a9923;3e4086a570a0defbcd88e2855d8f90f11067c0acc4de5e586e76cf400eff6503
16,1,gpt_decode_block,5,True,available,a2fc5b9684596afb701ba56022511f6e9a075f490a9030b3c4cc555b885654e8;d6c8dd85f6e0f73182cd48cb8edaac02f10ccf8aafde79489ba840e508678e56;087419b796ba428086b3d45b5784d1f34bbc0499358aa368dd12412fb7cd9559;cf229f5ce0c9fa33ae7053d9cb89f9f68c40e4d20b3b85f37537f72e6ad0a165;bf864eec9eda8ad85cdfb5e36d20199e7e95f81c7ac43a003b75729dd7e123bb
8,4,darknet19,4,True,available,77de3a88bda4a271c19a2103125c834ad84becbc61ef62a38ff98af0d6b5995d;a65f123b629563f266419ecdca6b9a5b22788081f37c295f8c9d530e2a095174;d5b9fa575a1dc24ce907c206cea33aef1c7cf0468d2625ce224c32d9ca0ca4cc;74082b913102e098ad963f7abd154479014a80bec618652d4bbf802717125b8e
32,1,darknet19,5,True,available,b36066763db9e0b8f9ca4bcd3ff72b7c59853ce788459bee73b8e0acb58420f5;287434c489f258c119aac03a1bb81fbe0571b0a7b91b8b1cf651e8b07c6a3336;fd42a78be11ebd7c9dbc78d82ef02c9dcc242569d037ba8982363834180bb9a0;1316315c273bd32ad48c642b1ab2397f82c532901e9ea23b03b5de7651ae1a06;992f3675a84e92556ce5f4089d1d11c089c1e04f127dba0026364c4fd27f216c
8,4,vgg19,1,False,available,5caea1c7a8afe28b1e08db2cebdd9fb730af04ac0dc46a966730781dfdf4550b
32,1,vgg19,5,True,available,faeacdc744b2d16b4412b85a5cc334baa351140de70947c1f8be3694e5c82c32;5fdb8711506d5983a4aeb99e95cfc98c0a534c1625e8b7ee01d00157e29d3249;9403569b046f98388a6f6a756d9d141a25ff664227e85d426ecfa4625aca0a75;72d04acf2ca42406da00c6cb7dc0afed66e1d4cd96a5fb69fd8e8e6a1a2ffec1;a6d47f04032447e234596ff84b5a8d9f2eb4d2b51671f4a88f2aac7566f19243
8,4,resnet50,4,True,available,3213e499fed8b4d93f1ff7678079fda3f9a1c6d27b8cbf6073b25cf1b33b8c4d;7e0c39a4ffb97186dc501ac77209f68969b19be32be191ad7560fa0513c68297;f36bf4d7aa3a265e901f097c37f41afb98e129c5d4e5a867eaceacd3533fd72f;4c84d25abe438eeef67878520e3112e41fe9b24b1b49bae227a23497f0be6c94
32,1,resnet50,3,True,available,d96e3260ff51011ee1995d4e02543c8dd51a5fbe6b1af968e3918b52e8022928;eb734d5fa3f9e367c6158cf886a4547f8e2876d7f68bef01d7829d1168a80870;ed67e1831b6515010fba8bb1d9acb31f2d1a78148c43f0dd3e06dd0d6b02ac21
8,4,googlenet,2,False,available,c8d68d8d1e9f0533a77821bba2a4f93d8cf7b84c83b547d0f137e2f64913562c;d319e2c5367f793acaaaec6c728d65faa63187ae169e706d9ac84980d60a92f0
32,1,googlenet,5,True,available,d252fa0a884c7cae000966890b22c1109d39275e5dae6fddfe3409023aee4ce1;84888e7c3d687f919018a6734e16df19cf6d1f3590179401892b01956661505a;55efc58d800037f60a5165fbf89a1dc8beba3ee1c610f8acf0673adeb92b2ab9;152ed2d94efedf7fc1b7429141feeb184199c94feef53d8db0bfaac4f317adf1;8e70abefea794043de47b17f970a2ea0d8ef410f4f15c3aed5a823d2bab65cc4
8,4,resnet101,4,True,available,5c12e46e039d43300b8910082523ac8512b8c6e3cd0103eb522b01e7c86b109e;6718fd2496dd2199b519fe45c7a0241baa67d80bb1faf1a79f2a07fb7ae33b27;78823e186f55e3915bfc571227b82c41c14e6573562c67cf43db0c48dbb185a3;0f0375a7be4d39578b9405e71afb920b547725f0630c921530adfa635d9c77e2
32,1,resnet101,3,True,available,484c35927bde7ad16b7ecf3e03f92a6f92a2db7f56681b8e41264363e27d0216;ea12afc1a38173045881d63e6d2d8efa7040cddc643d07fb3d1a18434c0b0144;abd0f5dd9e3ebe727ef78ffcb2fab64332ae4e725b9dd984be1fbc2113f2527c
8,4,densenet,3,True,available,514dae0bb4f91a29149c4426592e7e9b3bd7627be2470417fd4064727e80297e;33e630fbe5fa82fabc74d1e0de9efe43093a5daf2e57427156fed9e4a0ac3382;0a2b806fbbee37b50ecda1faa4ab60982ecafb9168d8ea5dc8b7ec751d3fe0e3
32,1,densenet,5,True,available,333b72e0012aa388dcdae618d08f405a00630bab698d59b2fe0785c455a0bf91;f0e66a07e1d64ef23ebc54fc2898bba1f6af17a6961d4be5d8d584900723efd9;364f1ca4e265557c99a8934fbfa48b84e098ea43ec27f56e060abdb81e67aad0;19482c01db52f2235549efdeaed4940c20fdf8a89590b91c2d340a1936b0e5ac;4b8def8336f053dc8be7116fc153445b99966c45ba213935d88f3a54428e6604
8,4,inception_resnet_v1,2,False,available,ccf1c128154862723d04d1fdad3abe9f57c35a138742c47a1b8b0f83b3244aa9;6e41ef78f39e1c53cb8c8a4719b181e6b85bb33c77b34be6512573e16b41c57e
32,1,inception_resnet_v1,5,True,available,de0734c9cdaaec62d9fa0271d3035460f060275d3a11bc0ea5c6cbf77a26e265;0a71c1fc43a1956998f62c2902b7b051c0228659943cc950e93beb3f19a9db68;580661fa27aeb527d87e61e476b26c8c6d580cce0afb0aa9bf405286bc916ef5;aacdaba3d4c03efc8db2d55d54333c3b50a547db00fd01c5bb600baf477a4ed1;58fe5e80308bc3931aeb578500c9940d9923f00242f6a00d19d04b1ba7ba1bc2
8,4,gnmt,2,False,available,54cb68e961d45ad2bef18546a017d399b603c9c1066db35d115a1cfe2c800bff;c0aaac79ac07a30901d11f99ef76c37bbf5909bc1f0cd9840faa656405ea0c38
32,1,gnmt,5,True,available,2d48458bffb1ccb03f97849d25c2d7ecde91a59c981992efd56fca6f57d0a414;0ae6cf9e9d1abcead739380034582ae3ef00e59cafcb336887c73ddcbed50ab1;9e08f9afc61502c69e35c89ef94908ea8360cd4dbc2dc69f5f397e9f9dc2b0b4;887e6852c176ec486358be4d0febf877048ccf8970de2bfd7833b88d822ae642;56809cc653f505e2c66c9024ab92302f41a638309c4244d5903f72e473864527
8,4,lstm,2,False,available,d5b5d9fb2f55cc66be14b977712ab6d52ba514ae56d13850de7aa5f9cb05fb53;1dfd3fb23122a1631d11d1d7d86f8c81d3d11e3be6a0f9f58261011dc37af412
32,1,lstm,5,True,available,b922596fbe13fe439689d9dc76ebf29e15f398c3c00789a5b8ea56dec12b2715;9e8fda598ae1ff535ca81d3a872d4b0ccaa6da4a102a64ca20ff0dd01f4d39f8;4ca20c0e8cda27d9d4ac81dc43e10d1c23621336bee84d42ee98003c62991dbe;b7f9b7f31f069cb748b2718f91617f5a8d1e7ee7394e8096524749ea29130250;80d0fbb13a2c8bd7c20a5910ffd85821b1f7007a8435cb91ca7c77acfdb0b5f4
8,4,transformer,1,False,available,5780b708167d1bf1abacc627276b6c9fed2446e6c598360185006d7cbc9794bf
32,1,transformer,5,True,available,fbc7c109f7ccff07f4ed978ddfca0fbfbe4263713642f587aa31da0ec0e344d8;c1a798a73ad6d9617f54543bd7775775dd84736e11316a39b4350e75903250e6;3438340e3c6d71cccfc7f414735697c1611018e642706b4f11baa27b30ee56eb;669a766d2ded8f853bbdfe258c5397c41850ed744a5c53529ea0a52a454207ea;282f08c1310b750bd811cb778b971bdfc09b6537b956f6f6d4ed829c81221b2e
8,4,transformer_cell,3,True,available,6eaab023f27d76aea9401425190e7ba69754a762c0ebf66c05e3a0a4cca933da;402d12ae868a598fda42df7349d264879d57b224e11cb6acdace61a8c921fae0;e05e92db7bcd1d10391f2c010a7d5c3e806bc04ff8f899a1123edbba73a25ded
32,1,transformer_cell,5,True,available,1389c48d0bf13fb810a27a3b6a5be0f329b169d2c8f350a4651d1b0da070754b;1daa1d99f1eafb74198dc6c2bb1049d5efa017e6900b92b3589127741081d460;6e9b6b2e4da9197e17b2b59a7c2d55cbbc66fde04de19331a3006019db5f7d0c;032e027c014ed90d4988a09c69566a13b83468537eec775f1812bbf71a4e3da9;19d60560b27d9607ae2227583e5868351cf858d0183e9d73414b52532677f328
8,4,pnasnet,5,True,available,1eceaf8d1886b3f77c154f50819198e51103ec72abcc0ef8c233f78ccfa1c953;f780998d2fb86da50129a080f8e45f79cf6238b84cbb01a53b3b9cfc8a80a473;5abf71db3b3012bbf5af2fbf7493f441925d0bb0b8a55c0aaed2f95c00e70afb;7d6f059b291fad4a94a68fd7df5f883148d1dfe0391ccfeae636b344e11a4dac;b556ac53d079b8a51ef520ac24d4fee826759588409c91aa10c59efed72fa4f7
32,1,pnasnet,5,True,available,33461db4219d9a125d97e9d3fbee769eefccff58026f32491d6b610973bdf6d3;6216c2508eda50bb07d5b59c9001e277ccfb0dd7ff908585ca30f94d7cb724bc;40579f7df14f32a63baea3c2a539f5d8404c6a2b3edfe363cdb5e7b47e54ad02;fbb1eb1232eeab5d7a846d8b1cdb39c698c4e085fd403a48abb1b0d00ff631f3;b5f5c7d59675d1b72bd991c57012098ea882228b86d50d855f5c75c85ee2f4fc
8,4,resnext50,4,True,available,9008a5466aaa97dad40fa029ba98fd9c0f0c9a2d8dad6cd5d9ee4f138831f384;d68c6995712a1cd4f3bf474e838e0af4feae31df44370f0b5af37333d1e5b058;65517a26b73dbc9c2f656d5750b6343e60e0b57f6937a736d139975ef0d730f1;610b0c9c67d6cbfd9c6985859217c1ca8fb850c5455bac012484d90f87fa937d
32,1,resnext50,1,False,available,b0c5d6b16fdd501a6a6915f0c860383549f3b5202bb2675760b1814bc42a8ae5
8,4,resnet152,2,False,available,d11bb32df93464fd6106c7e499ee98bf11b38084b54e98ba0dcadc53a159318a;603760bc0298f4fc07036955ac87f764348d62b73d39006c4db6acedc0507640
32,1,resnet152,4,True,available,55876885fae274c5b4e0d4a06a2c23ec34da7b0d90519f08c8faccd857767c83;dd8be1999129f89df61910b95db5d77e6c146a842ebb411e6507c667d6f86d5c;867c310a6864453df915826eb73614ea505e17b90209453e97ba84ff21484736;f80ac283a13b8cca288acea83f92d5b99a83a5cabc50253aa87da77f8483b649
8,4,bert_block,1,False,available,0439dc90413fbf62331662f0d238b3b9f3dc492fb107cab825b1b27029fad690
32,1,bert_block,5,True,available,151f284cda79f191b443927a88daec03b8a7228cb8a1c1c6670f2ed8a063b195;663b7cc007b4eac34f7b668eb3bb32b0f4c77fad044dbcbebb399e673150091e;f9303914fc3eda4ee9190947e49ddf5c9dc78224df76cea07e6b1f78a8cf610f;9759b00fa266f20ec03a8760a026a6ab4204db693caae7593d97a5c7894fb5f1;57af1e281634ba2613182f1ab5c9640debe3bec97db2c8ac428450f6a43eed25
8,4,gpt_prefill_block,2,False,available,e942000fb27b005221270ea39be000c3bbdbc4e4fb519f1a578e94b2ece4238e;e316ea248e1930af9621e330d4f41dea31febff80895515dea1173f6e39386b8
32,1,gpt_prefill_block,5,True,available,fc1ff0dbd9d639580dae2e0797a8e66faaa14c98ee6ca4e4276f32cc79946461;ed25e65973ceb042f8644bb1961c2df63e11e0f30b0b0cfcc42f6f0445eb60ed;1c7d65e54b31379124cde495f9d0e8a45684f236669fe005f6c66561eca892d1;d11237a2fbd49241cc8632c89f07436740f2a65e808fa0dc6ceae0e960f1b2e6;c6df65fbe437180a265d2024c48c43fdac9883eb63ced09b962551f997ad96e2
8,4,gpt_decode_block,5,True,available,2c7b84261a445ae79882ccbd29d8fdefabce068160676aceb33e126061a23a1a;a5eaeb6fd5e786c5bb9c9a8001b39b7262a55e6dd332b70eabdc8159936306a4;b71b5e57c85cada30785d40b8941ef80131d1ed25c190470e9b487af7fd66fff;231bb19845645d451ae696f1b5ca3f596ff190086fb4a82b8db1409bfc118b4e;6d7b1dc9e3ddb68fb70d18557a28eb6095f973b7a56781b7df5dc3ac55b5208f
32,1,gpt_decode_block,5,True,available,4b274ed7b0b12e6b07c0af48777fd1efc53d4c9418e9b9879410142712bda49e;31d2959a40468205c0033afa86cd3c34c45a7c498948f00e050dcdec2ba427ab;28ec1d47d076f4950a995ec49ab294357d0c16fb1f07222aee5dd7a5735d93b0;84f91f4f3b24590ec7ba7955258fce6907df4e51a52addbb35f5d96b8745d3d1;f2c8cd1a738617af513dc7fb1811b7307ba6ae699fcc3abb57ad14fba75761b3
4,16,darknet19,4,True,available,21e34405f1327da6ca3241a2a8f4849df21b61a891f069bc0db1ac09106ae625;f4deb65b11da9e73355ac97d3bbb9ee9d1a756638f4c3ecefdbd541424891c94;ef4b0c4e83ef3c1178da6ecfd4135a7cc558b22226dfea2c40470ac648f8177f;70af9b17570d1054ed78cfae4db332c869a3c30e1b3baba2dddd0a00000a1d48
16,4,darknet19,5,True,available,e51a719a0a8081a475dc2fd20ed8389c67bc9edd423e5379a8ba0f4a26bc364d;8e96648f02e0255f53532b3a5069f4d1a438dc5f03f56a299d130a756b8d38b4;63614c84ad7aa487b857e6764a7b9163bc83f28450f52d3da895b05af8a1a0c0;61b914099c59b2877d5d4d66131e4a59ec5cd97e4ae959989ff40731ec3a9bb0;6cd4239c95192ae44a7a1eca69ff55bed618059eacc8e3faf7beeed9ac8be4ac
64,1,darknet19,5,True,available,2b8b6d9eab570ba9db2b096fcb2676f324213912b6cc912fd4614c044605c8c2;628d3777cb92ab6e67b2e9f9bb9f1a5094d4087a8b4ee61f21da96b690730722;f7d288b1a214701fecfb899a0fe678fc927f3b58e4c2e676fb9fdeef6383a7c2;da41c9512b750608bc166b6b2d1cffa0138de162aabc6a0e41b23b4701b2aae4;cd0870ed9bc777bcf346c05cd0c9a7eb7b810c8dccacb18e607c79107318e93d
4,16,vgg19,1,False,available,85a8ed9ffeb3acf58dccdd33608104b85e849c5f421588a50a83076f94fac171
16,4,vgg19,2,False,available,4ab4a9470720e877c514f35aff61a31fa8599a40e1964ce68311578230a44e9e;96a6b536df436e0937bebd0edfe67fafcdf229eaf5eccf916732e5dbfe3a0489
64,1,vgg19,3,True,available,5d573aef717a615a225b9ddbeae461fab4bc4c14f832cde65c3bc32da3c0fb1e;f42d8ad93917fb7b10526b57678e4c08c5277da40946f969cccf54a38b468643;c707397de242c3aea682cf532da413b7a1c21aa20a4d15c3895d7d19620e5632
4,16,resnet50,2,False,available,80a5fc87f502ff7eac8dc5bf4d6336e5e7197dcd75b85fc8a3429f1a7beee88a;b5ee67cf0382ea403429a1eea102a77b0e421c6b81f4342eb50537bbe5a02fd9
16,4,resnet50,3,True,available,ffd2a81e0e74ff3a6c5fda9325b5d46fa13798ac5ddb7968be3322a26cfc13d8;e24bd62042952b553edec9a6e3f8385b197352cb3a24811b3d5c0f236cb22b05;9ab8e10ab747b8c4a07736aabc4a2e1b3492acf39bfca5bd80eb5959f358df6d
64,1,resnet50,5,True,available,04495a3bbab1e543e7b6d34f544c6ab8c4fdb30069ebe323a936e2180fb7409a;d305dae9e85474998d76cf2b2e9c3f9f65ced4959bf4d26dc0fd6ece16b6750f;41e8640c46f9b696acbe6d37ee4e0f68be6fd69bd284a0f0d1159241ec7f4480;3ee752bb23660382d6a3a423e21d579f8a1c4ae8a57f14c6771603d80583d6aa;a25f95bcb52cb43a08826c6e43642ce32b59c3d89ddd0835ea2b98a347fdaddb
4,16,googlenet,5,True,available,6296884e0c05b7b0066135b3c834d7eda7c4d4778f5d939a47f803ab8922b9ff;c34f3b52caa2f79284b951c6ef08eb55eb52f9bbb382cda3c80408a47d0f60b9;e62e5fcd11abc04eb7462b95f1962a18f08e7cbf9cf832c34da93311c5ab66d7;ebc1fa08bca5c803f8e77cd4b9843479f56096a7cd22a001f93b81ab6ce6fc59;86a90d07f1fbaf3aee2de48c40380d6d1f2df4577c8793db944f2c8784df0600
16,4,googlenet,5,True,available,c3f9c9e23cdcf37b7cf5ee94d885c593ae540fd710fe6cebe045e9e16c816f9d;d2d8767efdc208beafc95c7b809004f3a5be2920f44b83ca5d929c28258bc602;e72aa29c899aef73ac08446619fb93cc4dba0c176bce7fb8fc394891d3a3deb0;4e0927c11f22176174649d5294739fd1aece4aa71b45506fcf47ff3caad96dbc;e95332f88ec8c4e462b1b096540a2f7c434ffa454fa9978d25362010c647680e
64,1,googlenet,5,True,available,dd54cf83ed4de3e39b89c601cb6db3239395f6dc86e5caa3109effebc57f06e6;f9e25d4babea01415738279c4f68f391453751d46c15979565d942cda12500ad;edea4c95bf9fcd83c79a3da83017997ac80adf7af08f012eaf848ea0d4e3473b;7174ddc4bc3e96657200aad152da1e6261ce2732e7e379329646d9cd8b89d1bb;73bb79917b833bff7769f6757e218a19fdd74711cf085d0fcddc0bb4f5aec314
4,16,resnet101,2,False,available,8287c53e81ddeee4add4290bdfa9983e7df644d6781de199cc0a9f91e49357e8;9d53497accb3bae0d7264d23593f13ff2936fd114b05326681ca7c7bce982df6
16,4,resnet101,2,False,available,f527a913986c6babcf360d576479af6664152693331da80049b56976e4f90e2f;d788ddeaa84f817add3ecc7b8a15340890d49eec98241f884a2eb83bb5976183
64,1,resnet101,5,True,available,0307b73b3f7f4ac304166dc4bddfddda93a0ac99926355a42c4dc829adc8f279;afc6f2c889c0ae3d5e6ca5b94113ee753e83f982421e7235b9d74f06545f3769;76a6332c6ac71fdef8f5b1f79e522691233adc747f452f8d39a55de10791ce73;5e3460193c5797cfac83bc6cd2e995a3fb120c2aed2dd7739c4be049b064ceea;9cd7e43edf93ac39b60b85cb4c39624ff3d0ab65c189e11981f730d0d98e54f4
4,16,densenet,3,True,available,18033229fb0f8313085ad833ac5e29804953f799d0aa7cb0aaaa7e860ef313d5;33ce132a75e11916306a02d56270ab36ee6435d3e95de821b73e63dfbe5d8c6a;080afd17d2160bd4d3d357a8cac9f8a1e80193a047e78b7a7465a40f015c6025
16,4,densenet,3,True,available,a8eb6442a987026511ff1093b771336676ce45309539dc7626ebfcda4243ccf9;b3fb45011dc0a3e5310e2fc4bb91317be89762e16bbf70b1acfd8c36403cc3f8;75b5b7d622db7558c09c397bead88b55b42c8efd94b8777f7da9c64d7924bd62
64,1,densenet,4,True,available,a05439dbf4cf5853dcbc022735efa087ff5bfb1d29a1b3f8508eef76caee85bc;1fd0c24940751e6ab5655b9d2bff22b91bb0f40f611bc0d526b3db55fbde7cb8;41ffc1cbebbdde5225aaf1f94c01d197b5b524a0816e80f0d933fd24c437b96c;de0ec3c491c8daba8c645e1ae2c353ebe640682f138170dc01be8b0c693d1ea2
4,16,inception_resnet_v1,2,False,available,eaca0e2bde933808a0b7a96ed3fdd2307e5610431311fd3b5ef885f95b95e149;3499394c0aa6a2a8fad3f0ee0533fef5033660cb16ace435a646d2991fad0020
16,4,inception_resnet_v1,3,True,available,70430177ad5f3e277f0d6235b9fa8a05549767add45f129878163b5b53f6f5ae;444f0c31702bd1544337c23ab665da240cb20d3bf038f63fe068e3c023b211f7;18ec4fe52aff9e7719f1ed9676e54164229ba5b9c7433f5ce8c90ec9eda7e558
64,1,inception_resnet_v1,5,True,available,997ca7cd4d8f08a68370dbb929626ef4a2e303e2d073174d050152348a8288a2;9c375f6352d025c19a1a77f0a5b9118a35d55e47b6632c94de2b509a1fac4d7d;a52ddebfa5115ce9b9f6c36ac60009a16f3ea8778619dd8a306944e0689cb1f2;8e1b6d31ac308624982234408d9e72ed639323fcae12c67618884d12a77fbaaa;095b869066b033b9db9f99399b8b2629f4ded92e7c297d2be87f302ecbcc3f96
4,16,gnmt,5,True,available,240ccdee87857d838edc4e8946d6250f234bdf65ded7a1552312909ede0c3757;870b4a1e1e9f4590198b6420041115c8f6ba07cc38a53b4df1b66c9b22827e55;9bb3868f759bbe5a808ca0c16551dc6bcc5c10ed090846130f5af07347c08523;cf19f7bb79f922f4b1a719d121fab8a30eb755c235f3b333f030984491c7be37;ef737ecd75a30930b17896d6066f37da2f281b5dd7a635a0005489f2dc27a9e5
16,4,gnmt,5,True,available,f362af8317812f2584b9c326fc064ad608fdf913c50206b76901d61dc8068666;5332df17ede1df99b2c7644d48be59923b8e5a000b4ebd7261cddddf228a0036;98635ce430146742d0fff8efb4d3362018158ddaf8e7acd4de3a3ed82882a8bc;8a81fe427c07960bc4acd9c08213faab3f36bdfbebd9d88c6e75aeeef492e31a;a25b72a8ad5a1ecd5c075c022a86ffa3298ece48ed2cfe1947e2066ca5e69a5f
64,1,gnmt,5,True,available,dbd1251682161f0fed2112ba54937eefc54a3a39ceebad05bd275dca5b66a582;ef23e05f3aab24c1917df92b474083f7f37e6eac1f848ca3b7feec3090231dd4;5ff06e830ce3d8afb1519b460ebc59a7a7f962f8eb8226dd163fd1189cfac39e;f36450c27cc4f39308dcc0c9a6e3034f09bdf7a23b6e7ad9dd582d11be59a111;087f9ca22c0d79b073397327060e35a9e826f215d18a0eeea8764ef989d4e2a6
4,16,lstm,5,True,available,ba777a444b91329ee18b92bebeaec3f358777e552c519c698f40fa2a760ff2f0;4b5fe2c9b4260d8cb4fe89e8002c8bb133c6abee196831c7fd36f87600b64014;b38293c03b19f97b6606b29b094f6639817c60a6a86ce10ee3da7e26a584a306;66d8231d55849ac3f1f3b646b0a7727960af78d14ab9da594db4fb7b217863f2;678dd5469fcf3f21258f2d8468b0434e81da0f9a5e830aa06b95def85819edfb
16,4,lstm,5,True,available,eca71f260d09ccf7e170a1a0f0be7da5529706c510c0830741b1882afb4c3d77;804e4c99c3e3af1b553d9b90f059db9ad49d6de03025c6855f9f7380210ac4b8;b0c7ab51ad96c12319b9d65cd92b1787c7bcd23b4d5a9af10020f4f230b42656;bde1932d91604f32049f81c34d23b71c2fe6818560b511183ff417628088e770;2dd3add88d022a88514bc49a113718bdaf906dfcfb939238dbbf920c4cb8a016
64,1,lstm,5,True,available,3044d9c277a7f3497d8f479579de020a7fedcf2f5bef347f611a8522b0311caa;33931c455e8dce15bf98a64351627be0e687562d4bd8c301936a87429360632a;7b487bdeaabb7a903547425588a62c8532d4871db173a2275df8ef7fa227b7c4;3755a1b39ad5ce0583958b3e9ed2e0883da3cdead57b1279ecd7744014df45c3;914eca20063424db30ab4f9891896f6ff1c70edb9a04549db0a7c7cdcfb1b04b
4,16,transformer,3,True,available,8202683b9075f0e86312fd1266f510ece0c6d759764d94ad28f1e4988e6e2862;c241d00d8fd3ae7f8a0ca8bd5c591634fb002d93c1e8937471ae8c1b9528b6c8;1447347ee0bf9056e453e59167fd1dac5510936e4c4c892a740bda411bc65634
16,4,transformer,4,True,available,b0d24c97dbed74bbbd495c6dcf1999452a919fb590a0929b8fc09640a649bc7e;827ce2f22ed339b76dbf7858df636869a2fea59bf739cd20173d9e5449e21a41;c8e545e56dcc3c86446c0482b1eef224a30a1f0d706167afdee69ae2a9dc6b26;fb7859f4d5fb31d27c1fdb9d997e62731619bb9cea1e48edfb5bb4d7e6b22ac0
64,1,transformer,5,True,available,175f752b8933c206899e602088e4947d370a95ec84a9bc02930e4cd9b5acd94f;05953be7c58809375c012a1fe5b3f7df486a1db25e7d119304c3cf35159474da;895c29d124f9a62fc1c4f7ae67c66977da845031f71e041f9271566d595e8774;905d9dd360ca3e1251d3b4b6dab74f09227927a317b5a1ca72e1630c24448187;92bd450c92d2c7b9040ad4dceab577a554e3ec691d338ff623531757005d879d
4,16,transformer_cell,2,False,available,c7f9638f1387eb5f887737db794a58a8a7c60d7d5561e50fb46c0610ebc5431a;a142cd8f7d90ebdf4c6e325e191c194762d22d1250c22d5911dbabc822720308
16,4,transformer_cell,2,False,available,bc13290724dff92acc57e61c7a56c3254a66ab0ce9bffbe47f9eaeb1d267113d;52587e24635b06c6f9ac7e6b7dd544541390b8fcd79959adde6b7ae7136289c0
64,1,transformer_cell,5,True,available,ace6a2df2a7d74ed72c55e5c200a25b52c1f3b2572e23b57bd8dfcc30cfbf2f2;0e228de48ca88f67295e8cbd606998c88d4089d14b05d7b08f7473244c7f338f;b410eecd9e89f0dee6bdb68383ed3e1d836a370631770c7c4d5f5d35d4ed0485;8808f22f18736311d8722cbac454ff062e8ff15f3e6f73920ebae0cbe9d64604;9ec59f853b55b841963e0a0c13af7d7f05cea1f8bf4e1cbeff6927fc215326ac
4,16,pnasnet,3,True,available,a8ff260f8c5ee76541d8a416f95c96ea9723d1c3e557ad1a148e0951f64358ab;7b67dd96c7c562d8168c2cedeca7eff85605ddc9b192ca8cbbd488d33e29c4a2;5d1a11eee03c4d7ca84c46026644c8aa5b6ab224a878ca9507bb92f12a8d1ab3
16,4,pnasnet,5,True,available,71ab0ec1e444a403a5d80b5087181f8aeebd9928f499cae3235c183f7160cd79;f2d71829e7377e227100c47b3fc61069658253b98d630dbfc5bbec08db787b7a;6b00202c68a46d99fcb5f487f9ac795cf1a65617472ce292272311688e5a7c23;4f52e61cc2ad7050a28dd3738112425092234801b795054149a67ce1cf0ccae8;518fc9891330cec8640ea5fe8b646df45308688ba06865b607d2c3e4309b38f8
64,1,pnasnet,5,True,available,58f837a56b9bdc074c0b852bc9162718f6cc9bed3284c22df110e31451ec6987;50bd213446d5fdcfec523e5d7f9795958bd6e4e2ac18575e8f0e247da505ca2e;2ad24c87b13468a95dfd51d1d1eb5a0719703bca0810085b2f826a3aa0cb7cfa;a52371c5424519994077a1faa002ff091d46afc6a223875d88ef0162fd1bfd98;da7eb0e188fa9d79f2fdd4656b6464f54acf9826c687f3e047079a772b22ecc2
4,16,resnext50,2,False,available,bb04939f71bc129c33fee456f89be97bdedb1a8c8f83dae38d729d9179a2c242;db096f639f15dfdc03fb3a0a6d99f1e3aad6e179fe0ae500015fe8d5d101c504
16,4,resnext50,3,True,available,4467f984a072d65b2b3770a2f227fc1cb3e4a2017990b92277a55fa7aa4820b3;4bf6d755b14df20dfea26e6d44db7dbb8283bd308421c838edb1f055557f60fc;f09f55532127f2d4f198040b27a999284782a6950c7e09dda6da86876a05c2e2
64,1,resnext50,5,True,available,de17c87cab01c7ad1fa1ebfbf20f27933a6cdba21978ee2f4abbae5d234d72a4;819a56a8465e2b4f256bfdd414a3160bc1b2cf5068a306874fed49d30fb87cd1;61a3eaaba89840417a6ba391707886235ce1246a9946f16a6fceeba91110a0b1;0b5aa3b4970c1e684afea802d473c3d53bf239979ae2ddadc3f36021a5b4320f;d6c74a123b5061659b20b52605463828db1f6462b416ff5544189cdd44711f7a
4,16,resnet152,2,False,available,7d9b2593a321bf5410ae09091406dfbb7d34e9fe1d93846a730956533b370903;4f10ebc0484721b1474d88ef9dcad16cb7d9254067c21c4ad6063b7bba6fbb7f
16,4,resnet152,1,False,available,9a4a106c0f5e0219d828019bc96de66a4711b689e9819e854c1dfe48270a40e8
64,1,resnet152,4,True,available,a66e4c0a27fb4fe6ef5e3528c5902be0c33a631ffe39744905e846435e39c9e8;b2e7a35120aee5b0101f040ad36d24241e8f04eb40495c606568ee84740958be;21481a47f9c35fec614a7b8b789aafb958dcd113a2f59994bbc948610b74e959;5c318927e43051261ba33842016f02e21539577c4854455a830df1cb878f9608
4,16,bert_block,2,False,available,068ad9fcccb8a0d78b4dc670065ffea7b06ae6b93ae09b87697655845ca4a17d;e1c8f51351e802f55dbe57d937bf17a13f1bf6b576410b7ac3e2a60eadad5703
16,4,bert_block,2,False,available,130b9f54aef199dedd1969d61e62407fdb1e3754ab9a13566144454a3d54e5a2;6c04323ddc42f4c3295d24b7d525e6d071bd33a263b742856a3eb7a14cc331af
64,1,bert_block,5,True,available,ea0f96c48789dc958e427e7e294b21fe866bc57a140e61a8fb04a5ac5ede2ad1;828e66433ca748f80e066f8e3d550354f224780e5c6f56b7dd503ff8a20612b2;7fe641a73597a415c55335cc80e6e4fa2459fe7d12a1c35c94f72f735b2790ea;d715829b938821db28db2f07efa646056fdd02c62023fa80ceb1659f7210fcc9;8550a63a4db9b6ab0b8f8a9d1364fbd8acfa816b3f5306e134b80b9c52f65136
4,16,gpt_prefill_block,4,True,available,fdf59d1760eec3e158d583b38e800fc76be11b2330c8e850891063b351398134;f55fee1d568f9afc2e135409cf6c7a952718daf2ec3321fb94caa4fe3369e69c;a359bb21e3213314400bea1be6fef08602eb59313dfdae37b4e05a4b42abbc80;bbce0aec73799b9ed3230b9b910c12f14c95becf2786e0d227ad1f3e1a4a1400
16,4,gpt_prefill_block,4,True,available,bc5c639bd9604879570194a5f3697215cf16028e8b277ad8d1e2f16a28b24cae;80c9412879c47c07dbae8595662a7983b0b9ca8742f929296b6b3d97f17350e4;c31e3f01ac0100c63534aa65aaddc6fa90ffafdc7790e6f157ea0e9aa5051597;ecc7d8baf61e63bc09137abac68e0a116472d22418b5517ddb76d98cf0043d7d
64,1,gpt_prefill_block,5,True,available,9fb020f0555bf792bdf64d2231511a0465bc1999254daeeec29c0e960521ab81;e24e9402404c93aeda4c5389c15f7d3bf995cd97fb3effbfbc2d68550271e716;d727140d83ba95df787395368c902d93501bddd5d436441436828213a7ef0d0b;7dca62731ccc25301ea1aada823b816284ec214655f8400e3a84382d115ef8c7;b2fc9507b4241750635f6fcaadbb4f7ba9c58c0cd6d812006e326d8293907e5b
4,16,gpt_decode_block,5,True,available,8ee12bfbee37f7f8d1a12defd7159a8a50a8ede2c4193c7b248f98bd6b2cb975;953d3737a572e8a8ca9b17b1f0b3151aed493a058920a58b603b016a036c0e9a;2d66556c57fd2822a45cb18eb6349e65f562c2d010b268e1418ec2bb9defc28b;68e72f0246b403f2e49a17f732e765a1b669d2b21821acb1fe933f4a01097b91;f1ad4990835946b1ebd795e460f87b70f2df54073dbb80ba8e2c86dc17cf9441
16,4,gpt_decode_block,5,True,available,220e5a89e939e774b3b0229c5ab1bbf0316abcf6b5be95176e8546271f901600;984f90cebdeacb19a0697793c22222dc8899a6ee770bf5749ebe866a304e4ec4;d90f456ef67888b05a919f927ec1e84741008281045f5e681a543d4dc0c9dd9f;ec54a5b6b5651cd8d6635a57b18c8d1e6020fede6c2df9cb7a296222dabedd45;963ffee65ceb3ff81611b366aecb4c7cb0f7d50bfd935c7acb908aa87161ea46
64,1,gpt_decode_block,5,True,available,6018d088036d583c3e48ade001d52b19037b4adf905e2452a8211aaba4d90af6;118b529722b06e8cb007d5d623fc65bb4eb8caf543750fc264a102ef9533925f;0863b7e76bf7648076a1952aa7d197eaea6fee877ffe6c45c3f99d2219f40122;d70c451fb82885663928cabb7562278b006533c1fcf892ed3c5f4e021bb4a6db;2822edc6216a176d7fcc702528837574fc36595f63d2086c1dea29ad263788ef
8,16,darknet19,4,True,available,db0a582f3d0775cb7865ab0b8f331c5a524c3824ab7b2e1408dcb27c3e9248e2;dd631aaf0d69bfd7882d4e5d0300f11060d1c788065c50801e1d7df3c23b98b8;f65eb1c571512017986d6c56ad874db22064532d8e487d94b0584d3ad57a4689;75a9ba5c90f5a97df10b266cd3961e58a215cceffd44e1a0c182a1b5240e5f01
32,4,darknet19,3,True,available,7ead3b3f1806efd663ec0bd96f03a4c2c912e0dd893c967584d8142fc347640d;f57ff8cfe79313bc617deb47cf2f6a27917ad51f3a43f08599f1af33be5d1f90;ae07c60bf0f4e5ebd64fcfabd792e56285dc6da48fb5d841b7e741204bfa3f90
8,16,vgg19,2,False,available,506495881d83cdcd252f816570f599bb7abaf5dfab29727da1e821963e98c853;0fe11998fb7253d7bdd9140c77796f5f997395375065207a1584f8ed318efe85
32,4,vgg19,3,True,available,4316b330c646bf10ca87a12d27b2991355775417cff49cfb104f72e096b8c239;cc8d0c0da2de5466a56a01f77c80f09c8856f9339e487e117fbff9472f462632;2a3d053379593cb6ab6e58ae0c3a0b277951b94bdcb4d23117b15ccee7c3e0a2
8,16,resnet50,2,False,available,fe6fe9ecb2f7e80f91ddd6b5a4789db615c4edf4887a354a7dac7efef4dbb1ca;0d148a62c550f4cdcd56efb1392f7fe15639b27ef5927b11844fdeeaadbddd43
32,4,resnet50,3,True,available,e32217050f5dfa58964a30cf9ff467f667d63e7a0b79747b3a70d40d3097860e;a7b1dfc690c59bce76e65cbc78f6371d79881e8c079c02d761e390b172380452;b5e4e2914c2da2509fc2598135f4cc17d817a76602ae6301150dcb8bcc8bb49d
8,16,googlenet,2,False,available,dfe8f171623a2d7efa2e8e32a47d9fa1d5c398792348b309156ec3e7f6c352d6;04dfbd04945fc5746034e0af22e6a4475607e02d835de7d58ec8e4a41d613860
32,4,googlenet,5,True,available,964b96ff0e34062fd23d89ee331ffef151a4165b22ecc621cf00ae0050268472;b3916aef8dddab3156ad462c783a2507a7bc85155bd33b36ed71748f84281bb3;66c7b7c2f833d3a2e599bbe852010189887cb4393b5bf65b46667cb18b85186d;3815573a3b69de948d1259e4ccc2e0dc189300c168bb812e64f9c721f677567e;6c710bd72e9c231e34a356968f2fe841eb7ab407674305222dc7f355b0a1fc59
8,16,resnet101,3,True,available,975035ad96de960072d552bcd53172541e239c477f964a625b3d336ed4f11abf;906194d7e81d1dc00bbd9d1c9949b4bc6aafa36171ed93d6883ad894bb141e99;cdd1df9f354c519717e790dd2fc07cf817797e721d1726e5505d03b63db0d7ca
32,4,resnet101,3,True,available,0588fbdbcf5bc31ba4d970f7891e40c72e71272a70afe01e18e4b33bf101c7ac;abde5350933c01b27a85486db5bd2e8c49140e62119aab5b31432c1aa561b189;2cb37978a2b9b2fd56a4d5a43294b7b306982c260f8b4caabcf23cc27fe7c71a
8,16,densenet,3,True,available,cf4c20389bc328439cbbf007e88a2b1fc81547ee61918ef7e32e0eb6d96f45f5;074d075be3f1665e605020b3429e76ced5364045a606543df19c6b17f27a7a5a;792147412a242a95c5603d5a00da877b0ee3bb9e77d160b4a8b3c5ade60e582a
32,4,densenet,4,True,available,728b35af2fafcb7fbf3726e5345a6014565b4d3f3d9cfbf51cafbbdde97c4cc5;dba2ab7839bc26341a0ea4d1c7c63c0cb8d77bc98894f50810c1d57eafe9ce8c;37d94ef92554b7c3ceb81e96a461414fcc47b33e292c4184acced650974c0fc6;fc086a9df04b3faa5084eb969ed1fd7c3ffc1c88f2de57ad76fd03a7743ba16e
8,16,inception_resnet_v1,3,True,available,5669b5af2e7d292b39f8f373f894f48f1115b219d7cbce331ae3b9b958a34f51;442744e01696656c3b6a651ef63dd7f74f0be38700ef7da688cbca26a230d06b;4f242dc6a3ea8f20adee9d4f7ea16c01bdef005efafab5f4f2f38e993fe65f33
32,4,inception_resnet_v1,5,True,available,ebce2a481bd365121eada5c7da3b8f7a3e501a8763d50d1a62fe54a2b35ad61e;67e2aca58fc1b2b5e5b9d3dbb5e4804c98772a07b8e9495e486940db8aff9a76;0184f4ff26c850badca5611ea2ad61aa3a2274cf42c8f433a510f6f920c2079a;bc73d4620c88144e76c009fd9320e788488251a9b41b1bdc48c67f27984c5c08;3d631a94166e70aba204e33a8dcbb15c88a6eea95a4a2daebba4f6f1a615005c
8,16,gnmt,5,True,available,139b29016bac5200febc9811c3eb46f4dd87cd0c473787167b4972a5cbc8555e;b0ec72cee84a0f56856ff6ab22134a5241f7395391073054f1c4622106ec7d0a;b8c6bf331e72b74c7b68a8f0da70fb50a57e05559bbb8c6af301ee87b49f4790;c4605a1450f1dc102b4d8db229895c877d9e7b2ddf6fe5961d7217b74b21636c;8a2cbbb53183428fc63b2960482a86593040d52490d666abd7e22fa33c8fbd3c
32,4,gnmt,5,True,available,69a179931f600fbd27af3e0dd6af0029e2e8ab369e6caa4c2d81ce8332139e1f;559d94d57e9c0623c44fcac60705210490f088e373f154a01880d97af920b630;ea8219e95600062ab8601a21667e32d6e0460b81c7dbafe5b9d410541c381721;c42045a8cab844430d837b7da5090451296384dcf96af3816a50c13a9e379b93;8e9c377595136a2ddd939a6c7326d853ddce4ff04143364e98dec80c738f2d40
8,16,lstm,5,True,available,90a15164708523df2fa10d2ee031bb0e8d17b715cb49572400572e8c132f867d;b25bb2b4a699ba0621edce8e66d2b8765236783cfe5c6f293069ca64586c96a0;d5a5e4ed7567d7f60758007762878a72f4c7dada0c1d5fd5cd87318da86377bb;1b39da5065f65d1ecce00c4e13d63dd1bc64ea716a3255571bcfd5995c8e9efc;263b18ccaa4bf347e6587a69eac5159c0490f5a3eb7301ba32a947a2ce056569
32,4,lstm,5,True,available,5b16b46ca71bf9627413ff952a82216661fc2544af53c69893d015871a070ea0;d6b2d0eb106f7ae0c9ec6a2f67d46660ff85e82dd6d06bd890d92262d97b9368;c9928b8524c7a84770fd93aedd9839bdc303b74321ef7319d0a8df5f7c6e0d4d;91209116860fa285f48435807b2a9ad2aeb1e91f117b3d9138099a1c029c2757;a5afe80d0939f3bff5128134376cb93e549b34e7bfc72214fac8c24138bd7396
8,16,transformer,5,True,available,ec59af075c74e2fe2f5682f55e8447e125eb303d1c3111f05d5fdc788b5b98da;190dc7a3758d2c88c3375c9280421985021a1d476bb31c3426debd5eaca49bf1;f3f935e1010bc7e2fb45dd464c005e55663434c9f739897e9c56066ffe3ed897;ed073b73fbb7dc6cde3de2eb95c0301a8c06661e540d451add2d7aa5f3ba73c7;a001f0e1e492f4d8875ad13a9ca7aafcf7ed8adf33e63d19721414b20b8a3ac6
32,4,transformer,5,True,available,1b5c77659cdf881bca9c760d3d889c66e899c54389a42f7819d6fe282db1b1af;9c684bef319142645f512c8952a1c7cb2dd8003a45ee468bf79e918c4098af68;14d08af9c3273573468c65b788ef6197d20f539096cb3f5abb27603813c57d70;bb8dcbf669704c0e0479f390a76b1f50f548aaef2fa1a7db3edf7ac933282eb1;6d2db64245e27c5eb9aba6910ab4d04cf30a82a27e880ae5cbed98f8c68b943a
8,16,transformer_cell,5,True,available,ddbe0b294e32bb4e5774c5a9ffe295d569b2285a96415ab5db7226e7d704047f;e94dd8a8d22a46ec9323c58b37050becaa57ba6147d4a622b112592383f2cb5b;661e94ae42a834d58ea04fed5d43a4e8f153e82f002c12d66130884e78b3c51f;4e29f6bef127ae0ba2b514334fc47262e4953fff31471bd93b2992a7548378e9;935e44d06b8ae96b870b1ff278cf631d97aee6a6f3221f05a34be32a3cae4572
32,4,transformer_cell,5,True,available,310b100ac659aba814629ed767bf06b7a58b00733e02af884bc599c5ef238ced;27eb8db3015f68936f16af149ab3b45d1331a34313873ac343c380c1e67e50c0;5cff99bc8a36241eafdc3d7ea01352a7a5e3089c287316b11bf08efe41744085;84dfe29145eef4d7727f1b04eb09b20e3bb2eea6895ee51624f8ebd1896f15f3;c5b269f393a3a7e5162daa513ba7b872221f5808fcafd12ac832a9f566ab2db3
8,16,pnasnet,3,True,available,44e3cd417bf8ceab6a5e0f2da959dda7c694245879ba09767783a9a1c05b2a3f;c8d06e90af31ba45589765556046701cf14827b0a32706945883e2818a9eaee6;544ae8948520b629bf3a8f9a31078f1c147f196da7fb617522a777bb63710b15
32,4,pnasnet,5,True,available,9f19ac16911b46448a9d5ba2ff2e1c2e5ebf0a036c488f70662fd7181caae247;d3d1ee1ead24cc1fceed5282f0a9b2ed07b65bea65ef810fdaaec13ee8c0098b;49f11fd7f214caf3d7f703f795c51dcabc97c5b0e7b262ef294d56d550f136f4;e84562cc66bfd2724ee39bdb854213fb88f967f4e91ca2785527559f37f7aab7;9bdcc4b06285d7ec288e07ecddfec4456f25f0f27533e94bb4166a6bcaa6e606
8,16,resnext50,3,True,available,df97ed584ab7a290862794cf93b46bdcbcd3b09ed2c353b2e261ef5e073f9759;5404c7141aa97f3df9a815b60e7f75f6470b13feeb87f7ce4a51ece5434bad11;a3f80269c5aa55e2d12631842eaf0dbb6ac626c29a92a8203d43aa124dc45843
32,4,resnext50,3,True,available,07ac3a4446ac64d34bcf91f5d240cdf701d94ab4c0629046593e3bee677d0682;d45e94287cca6d85fdaf6478ed235fcdf189fe550b843528a417b203d6389fbf;9323fac83959da35375ed717df7d856731b8a79aee4aeb0160106bac53ed3d8b
8,16,resnet152,2,False,available,92a7d3d2324c0d2e93d47546842d21aefd17cff681d1bb1f73d1da9e9961ab85;f65c93d7f43a5166aa420316ffe48bcbf47474de59f36d6fdf3520ec8eec81d8
32,4,resnet152,3,True,available,1ea7b89f266db4fc972866ee73b747e571816357c50564c275a8f333cf248518;25598dddfcc94fd502cba0f85cc37dd6ab4474f26ad634fb249a7d44142d004d;ed2d9d8e5175e519658bde8b87a54e33ececf288803b6c3cf3a3328b45d8c0a4
8,16,bert_block,5,True,available,a112bbdc09347af1215d14ffd3e6f690754673018032d9a42351d3c876485fc0;2bb8004ac25e3b651c4d8fdb07a6620813fcc9bd6ef7a298c98e61015af02a1b;f8a8fa1b24a914d2ff787429131b216e574eaef1fa14718e86b363551be19732;0d308b7aa8d0035fb333b19bac84fb941b3c44eea2de4367616f3865600b43b7;8de13e88ad6e4bf93e22ac2c3d76011a2edea0a9abc54cc7c4475117bac62f26
32,4,bert_block,5,True,available,aba25bf1d697b667b7a8265de5edb50ae3d8f44efe72729dd4ee36bc04691702;87035c437bbc92ebe0a8773d06f95f942aacfa8fc014c472b274b10204a16797;4e2c8ab312f0aabbff08d4589cd03d3b8b42be1477071ccbb232eae438cf7348;213ed8f8f22478474184e6dddadfe3a4d7b41a54c554165f62b591a65ca2b699;f5330432e54883fb9ccf93ef120eeef0ec941baf06affca4afe701fcd8a0b844
8,16,gpt_prefill_block,4,True,available,e44dcfd20afba94472f76f68794c0d8a7cbc934bbf6ca2845ed670cf9f0c68ec;81a6c1e51696a80e48085153474bdd6730f74334675a0b85e4e0382a151fd10b;96da1c10349fb1d861b95572f7f2b97d1fdf5c1a6eeaf2ae685ae5f5131f492d;eb7cfc9de78db5c555aebb3c1787c3d8fa9e799ffeee8359b239bb11e760243f
32,4,gpt_prefill_block,5,True,available,6acebe5cd8ecb3a4e0c2657cdc6fc6700058b795dd60d8ca79c3618a2351e365;18f46ea719468267741ebac3a802ee30ebce07c7270edc652e17113f72cfee31;d210a1ce6bff4f9ba5dbe6b0fceb416dad3ae1d88bc4327c708ae91fc070ad30;f242a45529f71aafdd25d26e644444059894cb2de0181f6c7c7b873d88141c63;d82fa6b5d23cd89d0a5b21c30ec68dae5ccf5ddf3d8540f945a619e48a8116e2
8,16,gpt_decode_block,5,True,available,de472853076dbd5977476aa71affa0e0143a4d369d2a81be7fa4e259991e4a77;7cebc2ac419f6d64a0870514fab0f78da3e6764303b3c7c9bbc41dcd100f0f67;a8839ca674f6e7cfd25b4feb7c9229824598782e60a3ca634ae43cd5b31482db;19e2f3ff37381ae2fe7ec4571d95ac1bb88d410e686a071429ac62580914418e;878f5e0d528cca268229e3a4a4516995ff6ec1caa9f49bdaec77fe9d28b2c170
32,4,gpt_decode_block,5,True,available,cb55a574942ae84f14dbeb703a546dda6bad87a67f3a23e51265e49564439337;059a917b9805414f301669951d2f42d868f9c985f9bfb83d4220ec906541b925;eb8a8ea37fef27a7b4362a57a1f895b9d7d9d952602692da68d5e87ed1e05d31;d456be3150fa3ffd1201e2145a733d62f9c59b024097682efc53192ad431ca0f;71ffec55b9b17fadac9c4154f08a8d48d87a898c5eb29c935b106910236bb688
16,16,darknet19,5,True,available,16c07e40e74fc58e9908b6b778a584cc5839170b80cf9e5ba0561ed0fceee0df;c7c6f80abdd834efccacbe40fdc1faf504c8c41d41410ef4336387e4108c525d;52a1749fe3b0e6126afaa8051dc08ac46024dba3c1edcdf228c65b92ff1f12f5;509afa567b3876989d1237f5bc43764a041c9d44cbc1648951a4e4547c7f404b;b7c8f586339a9c1c4e47d76fee10b7c41aaffc53a171faf0f0e4bee7abbb716c
64,4,darknet19,3,True,available,213f87df4d5f8bcbbb2fab5db0bf80823858e6f1033e6aeff9ef64fe4b3a2c34;c6b920484193eca3f86fbb4c5988dc613368296e228f694e83adb9b961453b7a;2c6be093605df74136d9782bcd235d41a38c0afb7b51dbfaf60f787a4a549b0e
16,16,vgg19,2,False,available,04e2b8dcf7e09c8e1bc73878486f3df681a6bb4340ce0cc45f9eed64b3572fdf;bc6c699b4e6f1e1c947de971f41885ce2652fc2afcd06db51d2864ed3039e02f
64,4,vgg19,3,True,available,8c6335b828f9e6a6eaa1548ba31e1392fad57de56bdcb3f94cce7c88075b7458;1c1d61ef8aa8c57c394a68ac06c009116578b21cf132e9e15929dc6273b5b6fc;4564a015ecfdbbe95b6f433a3c8a91cb411e7527e74cef0f2afb4d99685ece80
16,16,resnet50,5,True,available,2ee7c37da3e728afbe323da349305ce2ce54840de119c8051810b53698ce747c;db46eb8438bbe8cc42633137db6dc4803aea88f1804c7102acf9bc880936d2e0;60c93b33f0abf1e3f3258368cf4d90053f9bb50d062b51045bd1708c2df18060;a23bf832de00990fdfaf2db17f5985fcf8d99125732e43afa73ba5666a127078;750cbd5f0fa4b240dc103cc053ddb852ef32edb6c3ebda36f1e7c381ae90cebd
64,4,resnet50,5,True,available,3b15cc8508fa654d4115ce518563e49fd7e5325b070079bd0276660a03c0b0c3;b37041a7020d37d6e68d26dc51748b17d5a46b418bfcfafb367a36660e66badd;dfadd82b139974290e44f510d8b59b53781ff5d9464e1216151830eeed672d83;f7bf4a9ce4d6dfb6bf5e325528e1950b7f702f631cc14e0e70c32efc9eb10623;f800820115e399138b265edab36c8601ae71f95592865dbc40a7662f59373576
16,16,googlenet,5,True,available,18183a900ea2f4ed31abe6c1fa1a426ca50cdf8e57e00257750b1df52df39eaf;f7d57dcad3cdd8bc3d39355751139d5eecbf789d2b50cdd9982a8f547984dd79;b85cd61b7e5f6b14c6f43a2a430dc797b539a807570bee3cc150fc51a7aa9f7f;80f3695bf6f586eb64d2e5dc17ab9fdc8f9b22519de7a23f145ae7c004e308d4;db14802cc4ccce870e8ac4850ce53373dea5d68d7f8077fda6a875dec3f83749
64,4,googlenet,5,True,available,b925508ebe520497f05768fe6f1e252f4d4110c51d0b93b44bbcef405829a233;c9b4d51802a93ad05dff23e78155e4503f88e1467058ce31f9a9f285d30df818;094577c3a74cdfc62df5ec969d997874fc696c6de46547cdbaae014036435c31;0eddbdf26850fc00860a8cd25a350a211f119602113f0bde8d7f3eb50ca68277;92cd79cbdadc171582bcfa7ac8c31a7856e3bdae9558392826bbde4f96420239
16,16,resnet101,5,True,available,6b363728928f7f35647d028e21067798da046450ac59c73a8a2e65a042e6230e;b2e3161edba27c5a7a344f17af9a23fefa1b6e7748674cbf903d51c6b63cd11a;64da2256696c5b7f7885e6794730021d55e5eb1a47ad1de081a318c625c93691;35a7ff3cbbdb7d5cc8cf611e09d80120850944a0ad0a328f4d26dc30699762be;61c8198ca4a61b9ce04d3eb71a3739963d5848aac34c4d8ae7b37714113c34f2
64,4,resnet101,5,True,available,730090cce9df966b9f85db2175efaa70d3e9ef1a440cd399b292af3e8e42eaea;f1407dfccc21ff55017689bdda59759a1e7be53789363955f0975a00c14bd500;d3328e139721534cca692b80bfbe61436ef69295fa3be782b35ecf481d4b46f4;f72206b4eb9b8879a082479bbeb6215e0043bf581e9b2cc6b643a82125da9ba9;7a7b554c5bde867c397f7c20a4a48b08ce309378d9d9678ab61495190fb51b91
16,16,densenet,4,True,available,cb170db5f46465d8da0d5cc37c53205664adccd8394cfa8b54d7a1a6c6492325;7b092f89723eb93b8385143e3cd835cea246b1eb9d71db980c7d7dd63de5013d;2391c00e53b42d48bbfd3d13bbd207b8dbac5e9195fe4e8691113c3df25479d3;9ad1ed0d24abf41ec39f421020e6663a692f883cf695fcc983b2b7bfc7c2e4c1
64,4,densenet,3,True,available,5e3ef10fc1996e0eb46409a5674962b4f33953eff6165066f45849a8337f0f19;2fbdf77949121cde348e3ebb1d2fc5cf540ea23c2bdd9d7d5c2200e3bbac3899;d5892a8407e976f7b9ded4880e16b06e7483991dd72ccf4eadd7a99217bdc092
16,16,inception_resnet_v1,5,True,available,8971305db33408bde11bb2d8415930b4e1cefebd260e5c9629b7fa3206e408fd;c1518cc3ce1b2ee84d2d7e995e4c41679b9357de05a84ac0f8a3eb493851293d;4f121ba911408b5cad8336affd77c0038930159e3a10e05de1837f51dd935fff;4ee5eb2ada69c022a66d993bd40678a21200d403a659f560ae88af42ebb56abe;5a92480c25bd4afb36cdda16ce0788b29f244b27ea0360814a4378ad9064baf4
64,4,inception_resnet_v1,5,True,available,0685c3df721a1e63a64fdd320cf218621f811c4a1a23f416423930a9eb621f31;e84940efd3a901a46df99ec7997384e1f19cb2a2d109bbf87ee6fb54ddba422b;88f9e4658227a3afa2a04ba6e9e9973bbc6cf6678618431ed71ddbd5b519215f;acb5cb39d9b5b26e90eb06d8184b388d6174c74693a6fcc92dd97f766e075419;190270de61de84485d573756b3c6284f2c883177ff3c7a75e9c1920246e1823f
16,16,gnmt,5,True,available,180d7be47fd1332712292a36b6b7d74cf7174688ba63628bbd299bc2e1aead55;e46f84c214cd134d84bc45cd2533ab24d31a80a2d1432507ab6a7a62ce73fd57;a44d2667cc7f0a692696fa8f57e25c6374f0411f80e6bffcb627cac6b1207458;ecd8142fa83a5ec96a4220a4b891c0c2f240034fafef4da67bacd2439be1a6ff;ec4977e572120e9bab7eddd7bee44882c255dc177c4165a01d6a537d39258e5f
64,4,gnmt,5,True,available,55b4f9306d035c65246947a0adcc89a07f557009cb1e588f9403c1c34dd113d5;e53439b2bbcedc061adec8be85006411c2eaa5efff20387852de7111c6782dd3;15e6335b7a7db7ad85f40cec7575e4f7c1691da17a4a4ac4d00cfcfe0e5f6ed6;4f66dcd97a65660d39041282ea20a310baedc04203653be39d857cf464693470;4696ca61c1a85ef92e3d306cb4d079ca5f42dc4a25d5d3556f243ec7a527331c
16,16,lstm,5,True,available,c36f9b1c02d432b042d70eed83bf4f0450909c467d68ea3b510eea055ad310ac;a54eebdede23e55937b940ab3ac1ade5dd5c9e14704a1b7e7f77248df6911f73;aa2c2a25eaeb7da9cfc9bdd30b4f4ff18984b13e1d1fda2078ed8d312e3154bf;0a8ff8c6cc0c1aa016d9a8e2fd1774df5380ff383aba7e1e7aee073dc6bddcd3;1f1fe714541087aaa316a95c70e3d700c170cd1203a406588917310458463b97
64,4,lstm,5,True,available,3bd6bc763c65106ad9351ad8c86afdce6e9b4e70c147cff1e0286c0b245c8e72;fbc83ddf92919353ef71bc4748530cf9e30a5e5abf6ea7b382215e92b6a7c5fe;7e80f5277527f72910800b7cad00a0f4dfdf157b15fb4a9c05dd1c16ac8152a1;2ba85a9c266ab83bafd1a17c540bd4307134ac86e37ad4dfa4236abbf1d55890;d2de8dfc681a16c0c8af2955a8817421aa1fd8dda68ed9d15a4d95912ab2c4d5
16,16,transformer,2,False,available,9dc3cfa9067f8f321a1c4acd3fb7ec7047c914c9dc5dad018f75aff6c6b582ca;a0bdd94b9b4462d9217d1aec6d6de69d1f92b3475f9d985170766246e011c2d8
64,4,transformer,2,False,available,ea6f4be61ed9f0fc1ac01131f007b5ec6ec00c373e5c014727a796dc2d37e3c2;36eef299b02f301868c0c975039f9521148376b12d73d6878357778a11dfa1e7
16,16,transformer_cell,5,True,available,23dc196ac62b49b4aa8702b6c7830984d4b3b213a3a3e1be574e9c28ea00ef3d;7a8616af77c9e617858da4d5d7e5a35138607b575e7fd3122751665da2e3dd76;685742a85f39e89980091c8f522caddf5fcbc7cf93af2f41c4cd7d1c51a95c82;d49e41c7d6344de8e932f303ac0a5c92bd5ea04f43d1de3175608fb0845dc720;fb0beb862d0d36e49966df43e529668558a4fee01c59ee8617717cdd7b4c629c
64,4,transformer_cell,3,True,available,c5b6d97dc1a29529bdd110a308f3e2d737d19cc54aa8138b76e84f4676cba527;ac3336d81ba40100dcd47a8b9db97c635479152bfc8b48ec8b31ada722c93640;ecd07557a317d1d003405a0b58d558315bb046d410608632e1e700f4c6951703
16,16,pnasnet,3,True,available,161ae541817fea502aae605110452a21de0451eb25dab2f446f9745839da084f;cb86548788980058d50affd13d6d6cd9353019efd228be95a6ce4c868e4a6f15;8fd012c7c9a168d76f269580cf6d3028e6ff818e792295a3d6571065034d82c8
64,4,pnasnet,4,True,available,25101f65f236c0c01a6cf272c43c4a22f96422f16fef2678e6d7e84d2d69d1aa;f9b59a1e24651c48797171c5d514437d4c576378b55d7a5a5096a92cf7ec5c73;7c56232ce3da3cb5d10f7c15fd19852d32332128da33aa13b94867a882616cea;f0b1b1cc8180d0f5fddbda5c6a4deb57ee8c2a9348f9432939b5c464ea5d4854
16,16,resnext50,5,True,available,8efb7a4e03bc25bea908293dcacc34034aabd7a6ce3c6f583da3dac288833870;e9a4cf2e5ab77a6ae2d8c160251c41fac18a4c58f35766a6bc651f5472058871;b18d9c2a42829b598443da9e3243d3792b04568f782a4edd599b98a7aa945cc1;979ef0a1924326640e31b619604670319d081ccd56f7e3b7d3314ccc50646c19;e12f8a3dbca25fc4f19778fb2c7215a6a2d06b59fa59f0737cd4085ecc649a9d
64,4,resnext50,5,True,available,cfe9df9a7c305f9473084003604b39c14a95fa0ae73bb0e3484b58b3d5bfb0a7;d464500d9ff22311f5b407dff6be852fb95119563cf52e163e3f1a8479a39be6;ac5d59f80530915d6082030ec543e7aa9f07f4eea4aa2da2a5b382ca887e7418;62e9eeff2793db62699a5cf32572798534248edaf41144ab5467452e9520052e;60bbe43c2c52369acda4b122b95cabcaa74cf1845d76caf94cfb3895c2b00233
16,16,resnet152,5,True,available,39c585c395f87574adf95a76b355c1bff52ea4b7fe18a5f98f2197d380195075;5057705d9c413255ebce2ba8f58fcf8a864de880cfedb2cc90be47e730871b37;ade9a335f7e8181ccdfe3d8d72c44af25f6f09ec0eaff022ce28e973e87f968e;10cf3e5d578ed6bebf75964097b9e66525a357f43b8f744e803615b5d84d7945;c0daf9bb966b1ab0b81281f5544191f041ac0831247deabb40682b37893f9b73
64,4,resnet152,5,True,available,81f4b891dff0bf8983edbf122ef22b7222212687e4f253f625033316a648fa99;5158fb1cbf5ffa019b5db1fad98427a86a18d634462763f571f66fdcaf65cb09;5da7fb24f70fa407be0caff3e39629fa6b4d6f56c1d1847cb61fce9be9edfe03;37a60dc126f5f770d4527cbc396b81d4cb43b335261d560b7d62597698a05e5e;954fae52c66e38a4000ab36cb7b097638a42aff6e103fbf31f03acd09bc27008
16,16,bert_block,5,True,available,96366a72df312e88affddc1a3b02eb1bd0192c12caafee885c3024d7157d8d27;1a999df91aa8a1a18d9ee31104d68fde720000e820e0e95c51296e9c6d570537;ab38fc605ad18d89c68b58f09fc60aeea13dbc7383e816a938b5f7782393e7e4;e2ec857aa3913de7733c7e4fc9348c40417a59ee57685332affe0596697d9f38;652d585776902757715bcfc81f3f548eb81036131d7b18860dd0ac34bd8fc2a7
64,4,bert_block,5,True,available,cf9f5488ca712b08ad37bcb06fa9e5bba372c9f0e8d313c730db265d0d5b4cc7;d041d34a71b849da25fff9bb208ccbe6e701fe069491684e2433886200672ee7;de09c31648df01cc409c08c1ed99ab85debf5332b75199b2693ac76095d086ba;000eb832d4955fbee8249befa861249842a24fe32264eb74a3d33db4a3e2f9bf;578f6350d46309bc4499ae4abdf1af29d025695e2729298941a37bc61666023c
16,16,gpt_prefill_block,3,True,available,4cdbd5f8bbcd8489acdc52bf84eedc239f7c18823d49556f6d2ac959a4a06c89;27690ccbc9bd9864427c5af0e71e88a86c9c00c3a47b1ea0ea65c6484a2e6e89;bd721bd65de22365759fd4fd96d2cb5f05f1a22856c29e2cb3f179ea41d62e41
64,4,gpt_prefill_block,2,False,available,34af7c01a30d6e31af753ac5da6b25d430c2730ca2ee9a1a80b8b9377d5aa725;4ff273c3a71edef0021d1552fbf41a804bc262dee4268562560f222b7b4137a5
16,16,gpt_decode_block,5,True,available,e7fb794e7cf4492e5a41ebbc83b6b6b1f3d3dbb1b7e630ded429f839bdf8b113;f174eb7b3c9a40c0f12143e74c869081e8092fbb4e6b777862e376c2ba456291;f987e9bdaa07fe2f5ec90721e6d49f9dd48830a49f86645a7404e0c190740635;b59231c42161a15d49c3d328743c10ee1534ebecc03a26df79706346ecfbe19e;3ce8ad563905177611e234da1aaf97ba0d4c7e8d61c6098871d330e2d683d4c0
64,4,gpt_decode_block,5,True,available,64073f9a0044dc8ce3f341e40e5ebab30a391de0e77f4b76783c6ceee1bbbbe5;9cb4e599510cb01c377ea60006956ad73fcfd13b537b258f3c4d5eb502cde618;406165aef76d1201c8cd2854ff972b70124c4f88e333eb15db2fcc529b62d815;94f57ed144d0aee29a5d7bddc91ce346cce7bec8116c4941fdc0dc1fe7b596cc;3d9c11014f73c384520dcaada3c6a13b0872222b7ee9928c4e898545e769fdc6
32,16,darknet19,5,True,available,16a3fd7c47426e870db12d3001fd17d2d2372d1bb10917248c5086e12a9afc9d;65f6f791aec5af60e2bfcb04bdc6e8de1d4395e79b6af4f4b8d56be2006e8681;bd89646be4f15ddcd8b4e74506c014196211c1b178366ea54db0ded22d4d9884;c2fe7a32fb38e7217500be844c2cdc6d0c09c3fb71080ed55b85474ef82cd4f4;28a745c9e7e3f76c96b7c37a50da104d64cd0636b84425c3fa0809e4860c96e8
32,16,vgg19,4,True,available,5df2066d08f87c29b6b7d6024a17c7098cc2bce8f4a33b9376b7860ea8de7661;6e08566abdc7a22a1f7ccd7e6f35dd0e304a5c0cad28afd70f5370518c9837b3;a70f30726b9dddbe4dc841ce6ebd843b1b6e396fb202e7352d34d82a655d3672;19610fe21c3b2a1dda368ad0dcc70853e786c917ee391f98d1dddd7c3edeba6a
32,16,resnet50,4,True,available,0cde75a5e47a9fd901c556d3cb3f04a9e2fb6665ccc57a210c8016f65ffc367b;6d0bc2d6fec22f23f0af3aaaef7515b9c34f54735347b241d6b72aeafc5ca465;5b1b5622bc7fa87af2250e1e9184c746cfcd0406029439812a5f52aa06ac1003;a631e1cb85ea4ca0be9ac1575a1e85595f2f376bec36e3a89df9b4da020ae515
32,16,googlenet,4,True,available,bf8bb5ed0a92c69159d1ed5c1a335c3602efa03820fb195ef440c6b5a473cd17;b235d41a08d43e3bcf96eb053032bb49db6825861f4e4bd3811d40946eb7daa5;7be7e2e93ab1397ad4aacae937d3da3df08d4b9c42b8eea00efaeb177ceaafc4;e4ace1ba79c9eabebb550a6be8408f3cf53e14e4b70577fb7029f38066b2f2e7
32,16,resnet101,2,False,available,3a5a7ca994f5583f7b64f578e28d0d50f880b981c0c73745d5003513c8451b9f;70760f729a43604fb2b763468862bcb9764d472f6cc6ba32c4ea73b9a39c6c94
32,16,densenet,1,False,available,77132c8c69a2fc015475465f618917215f6a26c6125f4bc27e76ce37e7219cd9
32,16,inception_resnet_v1,3,True,available,46cc222cda445b35129fe2d74df067074a096e1b93961afcaf902a908afe9368;5b95010296133c32e380accbdd1dda85af17ef822eed277a3c6b6751932c7adf;9c0510257cc0b2424a4bf55e7019fd78ca0c6d48226afebd1d6baf4a930b71f4
32,16,gnmt,5,True,available,c3337c219077a5652ca96688811e1b9dafcc3e63fad4b05e08de38cd9f38ff6b;cfec8dc81065558a59dab2231e1eeba7c128cc06a6fd840be7782e5d5d01e5d9;d60e9a9c1970d2c12b522288174a001d094a72c2df0a8dc9b0699128685838d1;196c3be805489ee49aad04d7c38d03686006dbb8b68ff75f4a549c66c99ad5bc;ee5aed8980bf24d17fae240fb18e83d6e5d0aea49dfcfaa530c602c1378bbce8
32,16,lstm,5,True,available,75ebb40b1e896fbe2e58d932ef1ac03ede26c4849c949c9cb98ed84ab0fd3183;3e53420a63d8e0340cf53b165197f8eb423d67ef0195e6ab1e42c834990e8218;18ddbd5f046339555c1dd8fec45be1ec7ab2a434497cb527f33c0d03d4acab8f;662f62c28cf31e4491268536231fa8ba77ed384af5b274bfb70603dd59b253f0;0bdb0aa0012e66fedf9b60dba5e877c6d10055e284337ddf41a09c071d13a57e
32,16,transformer,5,True,available,a722a03d3758b0cde3f29162d5b9c89d01bd8f9dd614a6434c3efdc84b2907ac;3628c984729acddcf22abc4dc9a8b2d063fab8eb39272d237eaca566693dcf3f;54c47622bd4890a227c93947b5f7085e02f70a421731a8ee75eb50c51fe3f431;c1f94f1e2616b5f8ad9120f41d30fed3b6130cbc7d413dd091239de2f6736b7a;2502889d8c792daac9877997c9a8e93c4b6e41dba9222524b47705017906a716
32,16,transformer_cell,5,True,available,41e5351b72f91179f6058bfa40a0b8321eefd1c0eed6bd73b0a951b2988b935a;20c708c8657cc5eee2c76c9ae3135d69c49b42d108713cf2d95a85c812e9abf9;b0693426d735afa2186f925440e55236e70f041e8cb09238e20ccba1c2519fac;7721173153e70b3a77415ec4cb44dacbe2698e4034bfb0cac32e0b0532b99f33;ce228ca009586d91e3ba58df6be09623ffb786ffc0c2b93262625b16b8b143e4
32,16,pnasnet,4,True,available,202aab22158afa164b44f20ea2fb4a9eccb0424762f66a0e366003e0ad77625e;7c27486adef996df51f48c3475b4d368a23f21371e87791ca55705bfe4840484;1e8cb847c50cc386e33a3005dfdc64aee3d907e1b0525008c0c1f6bf2dcadc6d;226bd1a8ca3ed924d59df1de73e43d58102ec8ed8c229f68a061fbdf0b533540
32,16,resnext50,3,True,available,417feaedb74e688243a6a413478db80aa70e8d0e1d4d838fd18924c8be0da7d3;286ace5768d510f48b645a678ddbf4578a49dd0c633b1207b7e1b27f60bf8ace;97d761bff56288a1479a7015a11965dac9a7b865f05ec370b4a563bf8bafd2e0
32,16,resnet152,2,False,available,9524552345ed0cd6e4f1cfd7cb0e75d28b5c8d62bb719249cabe3b4f63cc9ab0;00fb30ba4a6433999f4cb67b14996f13963435b29075a8db179987085be3377b
32,16,bert_block,3,True,available,49273f056523dea8492b8d21b046b2b785987926661255c5d5685704d3c5f372;2019bbfcef54390bd3e72232e5cb41b33ec77c841dbafddaf8796de7bb58ab6c;8c43bae37999d06d3c23e169e03a3ffbd86b9c1802467cf5458cfa55b6556248
32,16,gpt_prefill_block,2,False,available,690954f4beb0bb6f62b0127aeeb8619785ff82009c8056e713d954d5a1a28572;38b221c9aaf354ed9ce0c2b7c27655dbc990984f8fde8a4bb5a18d6ba73ee61e
32,16,gpt_decode_block,5,True,available,6b9c45f9c10cfc0328d9dd0503257f2cfe2366fa5a07946997235dd9c3a2c25f;f92859901101d9bf1bd8ecc5af73d9c5afecbe94a9625a92d40459b3388147b6;cc4cd40dda8430dc6eb5cc01ccc6a544ce2f1bcd1bde56ac7df2e8be45085c97;23bcca3b644a954f71c0f9a365a02df880946972c138cfc44e6524f4299830be;47ccb1846705a32bc3e80cb74c612fb179618876b01d76319553f8be65ff796d
64,16,darknet19,5,True,available,4e6a318cbecaa0b40b01c4806c781c2807754d8d687c7507758b26363059ccbe;d2b4edaf847de75df6f893e09b36d9b3205e34f89845adc364b5379a301a0ee9;3c59733831dad005d00333550ece11ee81c36ed24784e891e77fef155812308e;7b1aad00c89913898afd87ee794fc562588c607cf6c9b9ab7425bcd716934220;181f6e04180b341b806c150c2f9aa3935ff18dd5721fdf9bacca3216138bbf54
64,16,vgg19,2,False,available,33c482fe8766efaa486b11cb65c08f7802aa1b555a6c997946dfbde6eacf62be;4c6307aaa375da142440bd9f1fe6a77488531456fb953a8304830efbdc668e90
64,16,resnet50,2,False,available,3d4e251e4ffa1d09bc7b73056d88a3a06a49150220c6f11c33d634bed051161c;21ae3bb1035e758f76e80ce4c9314691aea43489037aec68e328aaaa2217d48b
64,16,googlenet,1,False,available,d38d3c8b8e439cd8a5b04060d79375d96bb92ecd1de18333e5f4ac0003ff0305
64,16,resnet101,3,True,available,cde32a6af1910132ddc477685067db7dd22511ae4d86b0b1295248a90aa60d22;0681da3d8753b48af5fa288831d48e1a834059a367c6af87f9e19cebc8c1e229;bb38885130386274ab126ba7375fa51f1a174eda5da250f44d7531c227e86a69
64,16,densenet,1,False,available,e70be0560e70343cd9901530443c539c39a1c02e37055c20a3b90180676b16b4
64,16,inception_resnet_v1,5,True,available,caf872e256e62fba252c95b3cd3093ba22801499e557dfe841cba090ce7743dd;d6419d6867117e0c889968afe52ad955321b6aefcc81618e10830bdaae92174c;e13d18b0e84b940e62647172c4c7518fe99a83ad83420a483d9324877986cf8d;242113c32ea10f822c80931c73858d644b9d7e2f67b741dc8b34338418c60a78;9246241b5643d58bb1646f6ed50c69cd99eb880b1679533b22b0fab80ac38ab4
64,16,gnmt,5,True,available,9b6fd101f346d11c1cd89f984fe9b3a219da705e6c494195255a12f3d14688d9;fc77f273d5e3a998d3db2e65455e4913059061b31551ef4bd2806c56d5cf0ae2;f2188f2458d888cfd80c23efb9af893a0980d08de9b72efba8581d6299b3d805;bea0d638895d90641a985fd49df699aafcc59e2020239a70161b45d29dc182d5;a00cd52417d155b0f442ab0f142a6a94199c2645f17edec6f72c0d7c813a6ff5
64,16,lstm,5,True,available,71bae4bf271cdc9038e9d0c5b55a8832cafcca954cf3b01f32631c6adf8c88ea;5d0d8eb5ab37806b97852d73aa6e7a94679be729c4dc021d6bf6b3ff537dfabb;635d23a1bcd435e6675742825f2b8162915e077be4e373fe2131cc84604719fe;7542d78b26f5c7ee65c159ce63cafcd643cb9394d8e615e3bdbafb7a40e6a5e9;03420388fdebce80e878eb71ceed94233eb3a2c0c15cf9cbd6043120e7aecc0f
64,16,transformer,1,False,available,87815df5b1464e4d6b645f1fdbb5b83a0344df4db81804fab830c1ba50df33e1
64,16,transformer_cell,2,False,available,803a9c2bbadda0482e26add06d2adcd6d1e56da8daf5f9f1f03d99eadae7465e;2d9827e3768de0f8f5546756fa50580e1c6d08d4946ba3a592540052b120893b
64,16,pnasnet,1,False,available,9f3437bf33553e5e3214f032d1923ca609010443d86045f5244c65efdb6d5143
64,16,resnext50,4,True,available,76f4f286242e919ebcb1561ba8090fbe4c048fcaff7d0c658e65c92b48322195;50c739525db1e86c2a9c5ae47b4c12453cd1d409ea5ed38e2442dfa072be5ce7;8ef9512ab727e0632df275c43b7864d807fa98ee146d3b9b3b010844dca0df9b;a1191d34f92f2675dc239ce4e9253cc4f874c91a780abd3a310a68950d37ff4f
64,16,resnet152,3,True,available,246afd885cc42f17d0542ab8af2cffb3cb92ae52c59dcd5db530a2e8a5585bac;f77f7363edf9cc4c51b8f0ca98628bf72faaba0f3b37a71983d06b9b126327c1;0be7174a32f8afc5b06cfce53371ae764e25da696c35264cb958f0c02a6f94a5
64,16,bert_block,5,True,available,e35ac4b16302b28f18ba4cfb2c0a0d872f83073a0c88bb38ccce5d904027d7fd;622e92a08acb363f6b8f648cba8d5c40cc77cac6e75a05ee3aa7bb2c8a070586;9924000287e1602a94c1e66aca6722440a79a5949cf8e235ed51b004242ccf06;e523cc89220ccc72776bd56ce1da0c1f0f5913d7b3c52eab3cd92c1ddd388706;5af520fb059f39e11281e797fc31563abb6d0d739f25cbde013f3d2118427ba5
64,16,gpt_prefill_block,5,True,available,7c60e8e7f62deded8b1a0fa054ec9a837536e3ce7f18e7ba8c410c99cd9748f6;a134204802b6e8f96313190d998e81cae5cd32a81cc8694881205c974fb822de;3f828be6acc622a6417266e25a05b4a398e6f5cac88db5f111310fdec62fa732;7655b9b2dde17284392ac217e4f02aead795fd5835862b84c30bb3deff9b8a6c;735db2e513b2fde0d661a197ec97c3bfea1f98e2f8626d4aca4848d1baf2cd18
64,16,gpt_decode_block,5,True,available,268afe6a5efe661fba581dbd44a165b2737e8958b7d22b92024e6a8acf6d214e;14991e7b3e42b8fd03cccc809d0728eb6092f012db1e7ab9a0528fa369945126;1525719ca58e30919d1c319972326c030a0f1dee2f8298b036359c040753c005;410eceb5acef9a232e251ac248ceeffd93263f528014287e924655065f01cc2c;aaabd81df079b738f3941e14380566335f4af557563603b9e28aff9d6b9a1971
