chiplets,cores_per_chiplet,scope,name,mapping_count,availability,missing_workloads,B2_normalized_B1,B2_normalized_B2,B2_normalized_rotation,B2_normalized_reflection,rotation_reduction_vs_B2_pct,reflection_reduction_vs_B2_pct,reflection_extra_reduction_vs_rotation_pct
4,1,workload,darknet19,1,complete,,2.0,1.0,1.0,1.0,0.0,0.0,0.0
4,1,workload,vgg19,1,complete,,2.0,1.0,1.0,1.0,0.0,0.0,0.0
4,1,workload,resnet50,1,complete,,2.0,1.0,1.0,1.0,0.0,0.0,0.0
4,1,workload,googlenet,1,complete,,2.0,1.0,1.0,1.0,0.0,0.0,0.0
4,1,workload,resnet101,1,complete,,2.0,1.0,1.0,1.0,0.0,0.0,0.0
4,1,workload,densenet,1,complete,,2.0,1.0,1.0,1.0,0.0,0.0,0.0
4,1,workload,inception_resnet_v1,1,complete,,2.0,1.0,1.0,1.0,0.0,0.0,0.0
4,1,workload,gnmt,1,complete,,2.0,1.0,1.0,1.0,0.0,0.0,0.0
4,1,workload,lstm,1,complete,,2.0,1.0,1.0,1.0,0.0,0.0,0.0
4,1,workload,transformer,3,complete,,2.0,1.0,1.0,0.75,0.0,25.0,25.0
4,1,workload,transformer_cell,1,complete,,2.0,1.0,1.0,1.0,0.0,0.0,0.0
4,1,workload,pnasnet,1,complete,,2.0,1.0,1.0,1.0,0.0,0.0,0.0
4,1,workload,resnext50,1,complete,,2.0,1.0,1.0,1.0,0.0,0.0,0.0
4,1,workload,resnet152,1,complete,,2.0,1.0,1.0,1.0,0.0,0.0,0.0
4,1,workload,bert_block,1,complete,,2.0,1.0,1.0,1.0,0.0,0.0,0.0
4,1,workload,gpt_prefill_block,1,complete,,2.0,1.0,1.0,1.0,0.0,0.0,0.0
4,1,workload,gpt_decode_block,2,complete,,2.0,1.0,1.0,0.8333333333333334,0.0,16.666666666666664,16.666666666666664
4,1,group,CNN,10,complete,,2.0,1.0,1.0,1.0,0.0,0.0,0.0
4,1,group,RNN,2,complete,,2.0,1.0,1.0,1.0,0.0,0.0,0.0
4,1,group,Transformer,8,complete,,2.0,1.0,1.0,0.8333333333333334,0.0,16.666666666666664,16.666666666666664
4,1,all,ALL17,20,complete,,2.0,1.0,1.0,0.8333333333333334,0.0,16.666666666666664,16.666666666666664
4,4,workload,darknet19,3,complete,,2.0,1.0,1.0,0.75,0.0,25.0,25.0
4,4,workload,vgg19,1,complete,,2.0,1.0,1.0,1.0,0.0,0.0,0.0
4,4,workload,resnet50,1,complete,,2.0,1.0,1.0,0.8333333333333334,0.0,16.666666666666664,16.666666666666664
4,4,workload,googlenet,2,complete,,2.0,1.0,1.0,0.875,0.0,12.5,12.5
4,4,workload,resnet101,1,complete,,2.0,1.0,1.0,1.0,0.0,0.0,0.0
4,4,workload,densenet,2,complete,,2.0,1.0,1.0,0.875,0.0,12.5,12.5
4,4,workload,inception_resnet_v1,2,complete,,2.0,1.0,1.0,0.875,0.0,12.5,12.5
4,4,workload,gnmt,5,complete,,2.0,1.0,0.875,0.7916666666666666,12.5,20.833333333333336,9.523809523809524
4,4,workload,lstm,5,complete,,2.0,1.0,0.875,0.875,12.5,12.5,0.0
4,4,workload,transformer,1,complete,,2.0,1.0,1.0,0.75,0.0,25.0,25.0
4,4,workload,transformer_cell,3,complete,,2.0,1.0,1.0,0.6666666666666666,0.0,33.333333333333336,33.333333333333336
4,4,workload,pnasnet,3,complete,,2.0,1.0,0.9375,0.9375,6.25,6.25,0.0
4,4,workload,resnext50,1,complete,,2.0,1.0,1.0,1.0,0.0,0.0,0.0
4,4,workload,resnet152,1,complete,,2.0,1.0,1.0,1.0,0.0,0.0,0.0
4,4,workload,bert_block,2,complete,,2.0,1.0,0.75,0.75,25.0,25.0,0.0
4,4,workload,gpt_prefill_block,1,complete,,2.0,1.0,1.0,0.75,0.0,25.0,25.0
4,4,workload,gpt_decode_block,5,complete,,2.0,1.0,0.84375,0.6875,15.625,31.25,18.518518518518523
4,4,group,CNN,17,complete,,2.0,1.0,1.0,1.0,0.0,0.0,0.0
4,4,group,RNN,10,complete,,2.0,1.0,0.9583333333333334,0.8333333333333334,4.1666666666666625,16.666666666666664,13.043478260869568
4,4,group,Transformer,12,complete,,2.0,1.0,0.84375,0.6875,15.625,31.25,18.518518518518523
4,4,all,ALL17,39,complete,,2.0,1.0,0.875,0.6875,12.5,31.25,21.42857142857143
4,16,workload,darknet19,4,complete,,2.0,1.0,1.0,0.8125,0.0,18.75,18.75
4,16,workload,vgg19,1,complete,,2.0,1.0,1.0,1.0,0.0,0.0,0.0
4,16,workload,resnet50,2,complete,,2.0,1.0,1.0,0.8333333333333334,0.0,16.666666666666664,16.666666666666664
4,16,workload,googlenet,5,complete,,2.0,1.0,1.0,1.0,0.0,0.0,0.0
4,16,workload,resnet101,2,complete,,2.0,1.0,1.0,1.0,0.0,0.0,0.0
4,16,workload,densenet,3,complete,,2.0,1.0,1.0,0.8125,0.0,18.75,18.75
4,16,workload,inception_resnet_v1,2,complete,,2.0,1.0,1.0,0.875,0.0,12.5,12.5
4,16,workload,gnmt,5,complete,,2.0,1.0,0.9431818181818182,0.7613636363636364,5.681818181818176,23.863636363636363,19.277108433734934
4,16,workload,lstm,5,complete,,2.0,1.0,0.9318181818181818,0.9318181818181818,6.818181818181824,6.818181818181824,0.0
4,16,workload,transformer,3,complete,,2.0,1.0,1.0,1.0,0.0,0.0,0.0
4,16,workload,transformer_cell,2,complete,,2.0,1.0,1.0,1.0,0.0,0.0,0.0
4,16,workload,pnasnet,3,complete,,2.0,1.0,0.96875,0.9453125,3.125,5.46875,2.4193548387096753
4,16,workload,resnext50,2,complete,,2.0,1.0,1.0,1.0,0.0,0.0,0.0
4,16,workload,resnet152,2,complete,,2.0,1.0,1.0,1.0,0.0,0.0,0.0
4,16,workload,bert_block,2,complete,,2.0,1.0,1.0,1.0,0.0,0.0,0.0
4,16,workload,gpt_prefill_block,4,complete,,2.0,1.0,1.0,1.0,0.0,0.0,0.0
4,16,workload,gpt_decode_block,5,complete,,2.0,1.0,0.9375,0.9375,6.25,6.25,0.0
4,16,group,CNN,26,complete,,2.0,1.0,1.0,1.0,0.0,0.0,0.0
4,16,group,RNN,10,complete,,2.0,1.0,0.9545454545454546,0.7613636363636364,4.545454545454541,23.863636363636363,20.238095238095234
4,16,group,Transformer,16,complete,,2.0,1.0,0.9375,0.9375,6.25,6.25,0.0
4,16,all,ALL17,52,complete,,2.0,1.0,0.9545454545454546,0.7727272727272727,4.545454545454541,22.72727272727273,19.047619047619047
8,1,workload,darknet19,1,complete,,1.6,1.0,1.0,1.0,0.0,0.0,0.0
8,1,workload,vgg19,1,complete,,1.6,1.0,1.0,1.0,0.0,0.0,0.0
8,1,workload,resnet50,3,complete,,1.6,1.0,0.8,0.7,19.999999999999996,30.000000000000004,12.5
8,1,workload,googlenet,2,complete,,1.6,1.0,0.8,0.7,19.999999999999996,30.000000000000004,12.5
8,1,workload,resnet101,2,complete,,1.6,1.0,0.8,0.7,19.999999999999996,30.000000000000004,12.5
8,1,workload,densenet,3,complete,,1.6,1.0,0.8,0.7,19.999999999999996,30.000000000000004,12.5
8,1,workload,inception_resnet_v1,2,complete,,1.6,1.0,0.8,0.7,19.999999999999996,30.000000000000004,12.5
8,1,workload,gnmt,2,complete,,1.6,1.0,0.8,0.7,19.999999999999996,30.000000000000004,12.5
8,1,workload,lstm,3,complete,,1.6,1.0,0.8,0.7,19.999999999999996,30.000000000000004,12.5
8,1,workload,transformer,1,complete,,1.6,1.0,1.0,1.0,0.0,0.0,0.0
8,1,workload,transformer_cell,2,complete,,1.6,1.0,0.7,0.7,30.000000000000004,30.000000000000004,0.0
8,1,workload,pnasnet,4,complete,,1.6,1.0,0.8,0.7,19.999999999999996,30.000000000000004,12.5
8,1,workload,resnext50,2,complete,,1.6,1.0,0.8,0.7,19.999999999999996,30.000000000000004,12.5
8,1,workload,resnet152,2,complete,,1.6,1.0,0.8,0.7333333333333333,19.999999999999996,26.66666666666667,8.333333333333337
8,1,workload,bert_block,1,complete,,1.6,1.0,1.0,1.0,0.0,0.0,0.0
8,1,workload,gpt_prefill_block,1,complete,,1.6,1.0,1.0,1.0,0.0,0.0,0.0
8,1,workload,gpt_decode_block,1,complete,,1.6,1.0,0.8,0.7,19.999999999999996,30.000000000000004,12.5
8,1,group,CNN,22,complete,,1.6,1.0,0.8,0.7,19.999999999999996,30.000000000000004,12.5
8,1,group,RNN,5,complete,,1.6,1.0,0.8,0.7,19.999999999999996,30.000000000000004,12.5
8,1,group,Transformer,6,complete,,1.6,1.0,0.8,0.7,19.999999999999996,30.000000000000004,12.5
8,1,all,ALL17,33,complete,,1.6,1.0,0.8,0.7,19.999999999999996,30.000000000000004,12.5
8,4,workload,darknet19,4,complete,,1.6,1.0,0.8666666666666667,0.8,13.33333333333333,19.999999999999996,7.692307692307687
8,4,workload,vgg19,1,complete,,1.6,1.0,1.0,1.0,0.0,0.0,0.0
8,4,workload,resnet50,4,complete,,1.6,1.0,0.72,0.62,28.000000000000004,38.0,13.888888888888884
8,4,workload,googlenet,2,complete,,1.6,1.0,0.84,0.76,16.000000000000004,24.0,9.523809523809524
8,4,workload,resnet101,4,complete,,1.6,1.0,0.84,0.76,16.000000000000004,24.0,9.523809523809524
8,4,workload,densenet,3,complete,,1.6,1.0,0.83,0.76,17.000000000000004,24.0,8.433734939759042
8,4,workload,inception_resnet_v1,2,complete,,1.6,1.0,0.84,0.76,16.000000000000004,24.0,9.523809523809524
8,4,workload,gnmt,2,complete,,1.6,1.0,0.84,0.76,16.000000000000004,24.0,9.523809523809524
8,4,workload,lstm,2,complete,,1.6,1.0,0.84,0.76,16.000000000000004,24.0,9.523809523809524
8,4,workload,transformer,1,complete,,1.6,1.0,1.0,1.0,0.0,0.0,0.0
8,4,workload,transformer_cell,3,complete,,1.6,1.0,0.8666666666666667,0.8,13.33333333333333,19.999999999999996,7.692307692307687
8,4,workload,pnasnet,5,complete,,1.6,1.0,0.84,0.76,16.000000000000004,24.0,9.523809523809524
8,4,workload,resnext50,4,complete,,1.6,1.0,0.84,0.76,16.000000000000004,24.0,9.523809523809524
8,4,workload,resnet152,2,complete,,1.6,1.0,0.75,0.65,25.0,35.0,13.33333333333333
8,4,workload,bert_block,1,complete,,1.6,1.0,1.0,1.0,0.0,0.0,0.0
8,4,workload,gpt_prefill_block,2,complete,,1.6,1.0,0.9333333333333333,0.8666666666666667,6.666666666666665,13.33333333333333,7.14285714285714
8,4,workload,gpt_decode_block,5,complete,,1.6,1.0,0.84,0.76,16.000000000000004,24.0,9.523809523809524
8,4,group,CNN,31,complete,,1.6,1.0,0.84,0.76,16.000000000000004,24.0,9.523809523809524
8,4,group,RNN,4,complete,,1.6,1.0,0.84,0.76,16.000000000000004,24.0,9.523809523809524
8,4,group,Transformer,12,complete,,1.6,1.0,0.84,0.76,16.000000000000004,24.0,9.523809523809524
8,4,all,ALL17,47,complete,,1.6,1.0,0.84,0.76,16.000000000000004,24.0,9.523809523809524
8,16,workload,darknet19,4,complete,,1.6,1.0,0.825,0.725,17.500000000000004,27.500000000000004,12.121212121212121
8,16,workload,vgg19,2,complete,,1.6,1.0,0.8,0.7142857142857143,19.999999999999996,28.57142857142857,10.71428571428571
8,16,workload,resnet50,2,complete,,1.6,1.0,0.7888888888888889,0.7666666666666667,21.111111111111114,23.33333333333333,2.8169014084507005
8,16,workload,googlenet,2,complete,,1.6,1.0,0.7888888888888889,0.7388888888888889,21.111111111111114,26.111111111111107,6.338028169014088
8,16,workload,resnet101,3,complete,,1.6,1.0,0.8,0.6888888888888889,19.999999999999996,31.11111111111111,13.888888888888884
8,16,workload,densenet,3,complete,,1.6,1.0,0.8222222222222222,0.7111111111111111,17.777777777777782,28.888888888888886,13.513513513513509
8,16,workload,inception_resnet_v1,3,complete,,1.6,1.0,0.8,0.7444444444444445,19.999999999999996,25.555555555555554,6.944444444444442
8,16,workload,gnmt,5,complete,,1.6,1.0,0.7025,0.6,29.75,40.0,14.590747330960852
8,16,workload,lstm,5,complete,,1.6,1.0,0.72,0.61,28.000000000000004,39.0,15.277777777777779
8,16,workload,transformer,5,complete,,1.6,1.0,0.775,0.6625,22.499999999999996,33.75,14.516129032258062
8,16,workload,transformer_cell,5,complete,,1.6,1.0,0.8,0.7,19.999999999999996,30.000000000000004,12.5
8,16,workload,pnasnet,3,complete,,1.6,1.0,0.81875,0.79375,18.125000000000004,20.625000000000004,3.053435114503822
8,16,workload,resnext50,3,complete,,1.6,1.0,0.825,0.725,17.500000000000004,27.500000000000004,12.121212121212121
8,16,workload,resnet152,2,complete,,1.6,1.0,0.8,0.6888888888888889,19.999999999999996,31.11111111111111,13.888888888888884
8,16,workload,bert_block,5,complete,,1.6,1.0,0.8,0.675,19.999999999999996,32.49999999999999,15.625
8,16,workload,gpt_prefill_block,4,complete,,1.6,1.0,0.8,0.68125,19.999999999999996,31.874999999999996,14.84375
8,16,workload,gpt_decode_block,5,complete,,1.6,1.0,0.8361111111111111,0.8,16.388888888888886,19.999999999999996,4.318936877076407
8,16,group,CNN,27,complete,,1.6,1.0,0.8666666666666667,0.8333333333333334,13.33333333333333,16.666666666666664,3.8461538461538436
8,16,group,RNN,10,complete,,1.6,1.0,0.74,0.645,26.0,35.5,12.83783783783784
8,16,group,Transformer,24,complete,,1.6,1.0,0.85,0.7666666666666667,15.000000000000002,23.33333333333333,9.80392156862745
8,16,all,ALL17,61,complete,,1.6,1.0,0.8,0.74,19.999999999999996,26.0,7.499999999999996
16,1,workload,darknet19,5,complete,,1.3333333333333333,1.0,0.8194444444444444,0.75,18.055555555555557,25.0,8.47457627118644
16,1,workload,vgg19,5,complete,,1.3333333333333333,1.0,0.7083333333333334,0.6388888888888888,29.166666666666664,36.111111111111114,9.80392156862745
16,1,workload,resnet50,5,complete,,1.3333333333333333,1.0,0.7777777777777778,0.75,22.22222222222222,25.0,3.57142857142857
16,1,workload,googlenet,5,complete,,1.3333333333333333,1.0,0.7916666666666666,0.7291666666666666,20.833333333333336,27.083333333333336,7.8947368421052655
16,1,workload,resnet101,5,complete,,1.3333333333333333,1.0,0.9722222222222222,0.9305555555555556,2.777777777777779,6.944444444444442,4.285714285714281
16,1,workload,densenet,5,complete,,1.3333333333333333,1.0,0.7777777777777778,0.7222222222222222,22.22222222222222,27.77777777777778,7.14285714285714
16,1,workload,inception_resnet_v1,5,complete,,1.3333333333333333,1.0,0.7777777777777778,0.7222222222222222,22.22222222222222,27.77777777777778,7.14285714285714
16,1,workload,gnmt,5,complete,,1.3333333333333333,1.0,0.8229166666666666,0.8020833333333334,17.708333333333336,19.791666666666664,2.5316455696202556
16,1,workload,lstm,5,complete,,1.3333333333333333,1.0,0.8645833333333334,0.8229166666666666,13.541666666666663,17.708333333333336,4.81927710843374
16,1,workload,transformer,5,complete,,1.3333333333333333,1.0,0.8125,0.75,18.75,25.0,7.692307692307687
16,1,workload,transformer_cell,5,complete,,1.3333333333333333,1.0,0.59375,0.5625,40.625,43.75,5.263157894736848
16,1,workload,pnasnet,5,complete,,1.3333333333333333,1.0,0.7777777777777778,0.7083333333333334,22.22222222222222,29.166666666666664,8.92857142857143
16,1,workload,resnext50,5,complete,,1.3333333333333333,1.0,0.7777777777777778,0.75,22.22222222222222,25.0,3.57142857142857
16,1,workload,resnet152,5,complete,,1.3333333333333333,1.0,0.7777777777777778,0.75,22.22222222222222,25.0,3.57142857142857
16,1,workload,bert_block,5,complete,,1.3333333333333333,1.0,0.7361111111111112,0.6666666666666666,26.388888888888886,33.333333333333336,9.433962264150942
16,1,workload,gpt_prefill_block,5,complete,,1.3333333333333333,1.0,0.7361111111111112,0.6666666666666666,26.388888888888886,33.333333333333336,9.433962264150942
16,1,workload,gpt_decode_block,5,complete,,1.3333333333333333,1.0,0.7708333333333334,0.7083333333333334,22.916666666666664,29.166666666666664,8.108108108108103
16,1,group,CNN,50,complete,,1.3333333333333333,1.0,0.84375,0.7916666666666666,15.625,20.833333333333336,6.172839506172845
16,1,group,RNN,10,complete,,1.3333333333333333,1.0,0.875,0.84375,12.5,15.625,3.57142857142857
16,1,group,Transformer,25,complete,,1.3333333333333333,1.0,0.7708333333333334,0.7083333333333334,22.916666666666664,29.166666666666664,8.108108108108103
16,1,all,ALL17,85,complete,,1.3333333333333333,1.0,0.7708333333333334,0.7083333333333334,22.916666666666664,29.166666666666664,8.108108108108103
16,4,workload,darknet19,5,complete,,1.3333333333333333,1.0,0.90625,0.875,9.375,12.5,3.4482758620689613
16,4,workload,vgg19,2,complete,,1.3333333333333333,1.0,0.75,0.6875,25.0,31.25,8.333333333333337
16,4,workload,resnet50,3,complete,,1.3333333333333333,1.0,0.9,0.875,9.999999999999998,12.5,2.777777777777779
16,4,workload,googlenet,5,complete,,1.3333333333333333,1.0,0.925,0.875,7.499999999999996,12.5,5.405405405405405
16,4,workload,resnet101,2,complete,,1.3333333333333333,1.0,0.8583333333333333,0.8416666666666667,14.166666666666671,15.833333333333332,1.9417475728155331
16,4,workload,densenet,3,complete,,1.3333333333333333,1.0,0.8333333333333334,0.78125,16.666666666666664,21.875,6.25
16,4,workload,inception_resnet_v1,3,complete,,1.3333333333333333,1.0,0.9583333333333334,0.9583333333333334,4.1666666666666625,4.1666666666666625,0.0
16,4,workload,gnmt,5,complete,,1.3333333333333333,1.0,0.7743055555555556,0.7604166666666666,22.569444444444443,23.958333333333336,1.7937219730941756
16,4,workload,lstm,5,complete,,1.3333333333333333,1.0,0.8020833333333334,0.7708333333333334,19.791666666666664,22.916666666666664,3.8961038961038974
16,4,workload,transformer,4,complete,,1.3333333333333333,1.0,0.8229166666666666,0.7604166666666666,17.708333333333336,23.958333333333336,7.594936708860756
16,4,workload,transformer_cell,2,complete,,1.3333333333333333,1.0,0.8020833333333334,0.75,19.791666666666664,25.0,6.493506493506496
16,4,workload,pnasnet,5,complete,,1.3333333333333333,1.0,0.8666666666666667,0.8333333333333334,13.33333333333333,16.666666666666664,3.8461538461538436
16,4,workload,resnext50,3,complete,,1.3333333333333333,1.0,0.9,0.875,9.999999999999998,12.5,2.777777777777779
16,4,workload,resnet152,1,complete,,1.3333333333333333,1.0,0.90625,0.8854166666666666,9.375,11.458333333333337,2.298850574712641
16,4,workload,bert_block,2,complete,,1.3333333333333333,1.0,0.8333333333333334,0.7916666666666666,16.666666666666664,20.833333333333336,5.000000000000004
16,4,workload,gpt_prefill_block,4,complete,,1.3333333333333333,1.0,0.84375,0.8020833333333334,15.625,19.791666666666664,4.938271604938271
16,4,workload,gpt_decode_block,5,complete,,1.3333333333333333,1.0,0.8541666666666666,0.8229166666666666,14.583333333333337,17.708333333333336,3.658536585365857
16,4,group,CNN,32,complete,,1.3333333333333333,1.0,0.9208333333333333,0.9208333333333333,7.916666666666671,7.916666666666671,0.0
16,4,group,RNN,10,complete,,1.3333333333333333,1.0,0.8090277777777778,0.8090277777777778,19.09722222222222,19.09722222222222,0.0
16,4,group,Transformer,17,complete,,1.3333333333333333,1.0,0.8541666666666666,0.8229166666666666,14.583333333333337,17.708333333333336,3.658536585365857
16,4,all,ALL17,59,complete,,1.3333333333333333,1.0,0.8194444444444444,0.8125,18.055555555555557,18.75,0.8474576271186418
16,16,workload,darknet19,5,complete,,1.3333333333333333,1.0,0.9036458333333334,0.8671875,9.635416666666663,13.28125,4.034582132564846
16,16,workload,vgg19,2,complete,,1.3333333333333333,1.0,0.7361111111111112,0.7083333333333334,26.388888888888886,29.166666666666664,3.7735849056603765
16,16,workload,resnet50,5,complete,,1.3333333333333333,1.0,0.8946759259259259,0.8773148148148148,10.532407407407407,12.268518518518523,1.9404915912031084
16,16,workload,googlenet,5,complete,,1.3333333333333333,1.0,0.8935185185185185,0.8761574074074074,10.64814814814815,12.384259259259256,1.943005181347146
16,16,workload,resnet101,5,complete,,1.3333333333333333,1.0,0.9363425925925926,0.9074074074074074,6.365740740740744,9.259259259259256,3.0902348578491945
16,16,workload,densenet,4,complete,,1.3333333333333333,1.0,0.8981481481481481,0.8888888888888888,10.185185185185187,11.111111111111116,1.0309278350515427
16,16,workload,inception_resnet_v1,5,complete,,1.3333333333333333,1.0,0.8460648148148148,0.7997685185185185,15.393518518518523,20.023148148148152,5.471956224350205
16,16,workload,gnmt,5,complete,,1.3333333333333333,1.0,0.8611111111111112,0.8356481481481481,13.888888888888884,16.435185185185187,2.9569892473118253
16,16,workload,lstm,5,complete,,1.3333333333333333,1.0,0.8622685185185185,0.8159722222222222,13.77314814814815,18.40277777777778,5.369127516778526
16,16,workload,transformer,2,complete,,1.3333333333333333,1.0,0.8240740740740741,0.8240740740740741,17.59259259259259,17.59259259259259,0.0
16,16,workload,transformer_cell,5,complete,,1.3333333333333333,1.0,0.875,0.8379629629629629,12.5,16.20370370370371,4.232804232804233
16,16,workload,pnasnet,3,complete,,1.3333333333333333,1.0,0.9270833333333334,0.9244791666666666,7.2916666666666625,7.5520833333333375,0.2808988764044895
16,16,workload,resnext50,5,complete,,1.3333333333333333,1.0,0.9166666666666666,0.9143518518518519,8.333333333333337,8.564814814814813,0.2525252525252486
16,16,workload,resnet152,5,complete,,1.3333333333333333,1.0,0.8900462962962963,0.8692129629629629,10.995370370370372,13.07870370370371,2.3407022106632036
16,16,workload,bert_block,5,complete,,1.3333333333333333,1.0,0.7974537037037037,0.7974537037037037,20.254629629629626,20.254629629629626,0.0
16,16,workload,gpt_prefill_block,3,complete,,1.3333333333333333,1.0,0.7962962962962963,0.7962962962962963,20.370370370370374,20.370370370370374,0.0
16,16,workload,gpt_decode_block,5,complete,,1.3333333333333333,1.0,0.7384259259259259,0.7384259259259259,26.15740740740741,26.15740740740741,0.0
16,16,group,CNN,44,complete,,1.3333333333333333,1.0,0.9444444444444444,0.9259259259259259,5.555555555555558,7.4074074074074066,1.9607843137254943
16,16,group,RNN,10,complete,,1.3333333333333333,1.0,0.8969907407407407,0.8506944444444444,10.300925925925931,14.930555555555557,5.161290322580648
16,16,group,Transformer,20,complete,,1.3333333333333333,1.0,0.8877314814814815,0.8657407407407407,11.22685185185185,13.425925925925931,2.4771838331160367
16,16,all,ALL17,74,complete,,1.3333333333333333,1.0,0.9490740740740741,0.9270833333333334,5.0925925925925934,7.2916666666666625,2.3170731707317094
32,1,workload,darknet19,5,complete,,1.2307692307692308,1.0,0.8846153846153846,0.875,11.538461538461542,12.5,1.0869565217391353
32,1,workload,vgg19,5,complete,,1.2307692307692308,1.0,0.6987179487179487,0.6602564102564102,30.12820512820513,33.97435897435898,5.5045871559633035
32,1,workload,resnet50,3,complete,,1.2307692307692308,1.0,0.8557692307692307,0.8557692307692307,14.423076923076927,14.423076923076927,0.0
32,1,workload,googlenet,5,complete,,1.2307692307692308,1.0,0.8269230769230769,0.8269230769230769,17.307692307692314,17.307692307692314,0.0
32,1,workload,resnet101,3,complete,,1.2307692307692308,1.0,0.8557692307692307,0.8557692307692307,14.423076923076927,14.423076923076927,0.0
32,1,workload,densenet,5,complete,,1.2307692307692308,1.0,0.8269230769230769,0.8269230769230769,17.307692307692314,17.307692307692314,0.0
32,1,workload,inception_resnet_v1,5,complete,,1.2307692307692308,1.0,0.7692307692307693,0.728021978021978,23.076923076923073,27.1978021978022,5.35714285714286
32,1,workload,gnmt,5,complete,,1.2307692307692308,1.0,0.6868131868131868,0.6785714285714286,31.318681318681318,32.14285714285714,1.200000000000001
32,1,workload,lstm,5,complete,,1.2307692307692308,1.0,0.7005494505494505,0.6978021978021978,29.94505494505495,30.219780219780223,0.39215686274509665
32,1,workload,transformer,5,complete,,1.2307692307692308,1.0,0.8846153846153846,0.875,11.538461538461542,12.5,1.0869565217391353
32,1,workload,transformer_cell,5,complete,,1.2307692307692308,1.0,0.7756410256410257,0.7307692307692307,22.435897435897434,26.923076923076927,5.785123966942152
32,1,workload,pnasnet,5,complete,,1.2307692307692308,1.0,0.7692307692307693,0.7692307692307693,23.076923076923073,23.076923076923073,0.0
32,1,workload,resnext50,1,complete,,1.2307692307692308,1.0,0.8269230769230769,0.8076923076923077,17.307692307692314,19.23076923076923,2.3255813953488413
32,1,workload,resnet152,4,complete,,1.2307692307692308,1.0,0.8269230769230769,0.7884615384615384,17.307692307692314,21.153846153846157,4.651162790697672
32,1,workload,bert_block,5,complete,,1.2307692307692308,1.0,0.7371794871794872,0.6923076923076923,26.282051282051277,30.76923076923077,6.086956521739129
32,1,workload,gpt_prefill_block,5,complete,,1.2307692307692308,1.0,0.7756410256410257,0.7307692307692307,22.435897435897434,26.923076923076927,5.785123966942152
32,1,workload,gpt_decode_block,5,complete,,1.2307692307692308,1.0,0.8493589743589743,0.8397435897435898,15.064102564102566,16.025641025641026,1.132075471698113
32,1,group,CNN,41,complete,,1.2307692307692308,1.0,0.7857142857142857,0.7445054945054945,21.42857142857143,25.549450549450547,5.24475524475524
32,1,group,RNN,10,complete,,1.2307692307692308,1.0,0.7307692307692307,0.7005494505494505,26.923076923076927,29.94505494505495,4.135338345864659
32,1,group,Transformer,25,complete,,1.2307692307692308,1.0,0.8493589743589743,0.8397435897435898,15.064102564102566,16.025641025641026,1.132075471698113
32,1,all,ALL17,76,complete,,1.2307692307692308,1.0,0.8214285714285714,0.7994505494505495,17.85714285714286,20.05494505494505,2.6755852842809347
32,4,workload,darknet19,3,complete,,1.2307692307692308,1.0,0.8557692307692307,0.8557692307692307,14.423076923076927,14.423076923076927,0.0
32,4,workload,vgg19,3,complete,,1.2307692307692308,1.0,0.8413461538461539,0.7884615384615384,15.865384615384615,21.153846153846157,6.285714285714283
32,4,workload,resnet50,3,complete,,1.2307692307692308,1.0,0.7615384615384615,0.7615384615384615,23.84615384615385,23.84615384615385,0.0
32,4,workload,googlenet,5,complete,,1.2307692307692308,1.0,0.8153846153846154,0.8153846153846154,18.461538461538463,18.461538461538463,0.0
32,4,workload,resnet101,3,complete,,1.2307692307692308,1.0,0.8153846153846154,0.8153846153846154,18.461538461538463,18.461538461538463,0.0
32,4,workload,densenet,4,complete,,1.2307692307692308,1.0,0.8153846153846154,0.8153846153846154,18.461538461538463,18.461538461538463,0.0
32,4,workload,inception_resnet_v1,5,complete,,1.2307692307692308,1.0,0.8153846153846154,0.8153846153846154,18.461538461538463,18.461538461538463,0.0
32,4,workload,gnmt,5,complete,,1.2307692307692308,1.0,0.8211538461538461,0.8,17.884615384615387,19.999999999999996,2.576112412177989
32,4,workload,lstm,5,complete,,1.2307692307692308,1.0,0.8,0.7634615384615384,19.999999999999996,23.65384615384616,4.567307692307687
32,4,workload,transformer,5,complete,,1.2307692307692308,1.0,0.7980769230769231,0.7980769230769231,20.192307692307686,20.192307692307686,0.0
32,4,workload,transformer_cell,5,complete,,1.2307692307692308,1.0,0.8317307692307693,0.8317307692307693,16.826923076923073,16.826923076923073,0.0
32,4,workload,pnasnet,5,complete,,1.2307692307692308,1.0,0.90625,0.9014423076923077,9.375,9.85576923076923,0.5305039787798393
32,4,workload,resnext50,3,complete,,1.2307692307692308,1.0,0.7923076923076923,0.7615384615384615,20.769230769230774,23.84615384615385,3.8834951456310662
32,4,workload,resnet152,3,complete,,1.2307692307692308,1.0,0.7923076923076923,0.7615384615384615,20.769230769230774,23.84615384615385,3.8834951456310662
32,4,workload,bert_block,5,complete,,1.2307692307692308,1.0,0.8269230769230769,0.8269230769230769,17.307692307692314,17.307692307692314,0.0
32,4,workload,gpt_prefill_block,5,complete,,1.2307692307692308,1.0,0.8269230769230769,0.8269230769230769,17.307692307692314,17.307692307692314,0.0
32,4,workload,gpt_decode_block,5,complete,,1.2307692307692308,1.0,0.8807692307692307,0.8711538461538462,11.923076923076925,12.884615384615383,1.091703056768556
32,4,group,CNN,37,complete,,1.2307692307692308,1.0,0.8384615384615385,0.8326923076923077,16.153846153846153,16.730769230769226,0.6880733944954143
32,4,group,RNN,10,complete,,1.2307692307692308,1.0,0.823076923076923,0.8,17.692307692307697,19.999999999999996,2.8037383177570097
32,4,group,Transformer,25,complete,,1.2307692307692308,1.0,0.8807692307692307,0.8788461538461538,11.923076923076925,12.115384615384617,0.21834061135370675
32,4,all,ALL17,72,complete,,1.2307692307692308,1.0,0.8846153846153846,0.875,11.538461538461542,12.5,1.0869565217391353
32,16,workload,darknet19,5,complete,,1.2307692307692308,1.0,0.8058894230769231,0.8058894230769231,19.411057692307686,19.411057692307686,0.0
32,16,workload,vgg19,4,complete,,1.2307692307692308,1.0,0.8153846153846154,0.8038461538461539,18.461538461538463,19.615384615384613,1.4150943396226467
32,16,workload,resnet50,4,complete,,1.2307692307692308,1.0,0.8269230769230769,0.8269230769230769,17.307692307692314,17.307692307692314,0.0
32,16,workload,googlenet,4,complete,,1.2307692307692308,1.0,0.7585470085470085,0.7542735042735043,24.14529914529915,24.572649572649574,0.5633802816901401
32,16,workload,resnet101,2,complete,,1.2307692307692308,1.0,0.8269230769230769,0.8269230769230769,17.307692307692314,17.307692307692314,0.0
32,16,workload,densenet,1,complete,,1.2307692307692308,1.0,0.7980769230769231,0.7980769230769231,20.192307692307686,20.192307692307686,0.0
32,16,workload,inception_resnet_v1,3,complete,,1.2307692307692308,1.0,0.7478632478632479,0.7478632478632479,25.213675213675213,25.213675213675213,0.0
32,16,workload,gnmt,5,complete,,1.2307692307692308,1.0,0.6965811965811965,0.6917735042735043,30.341880341880344,30.822649572649574,0.6901840490797562
32,16,workload,lstm,5,complete,,1.2307692307692308,1.0,0.6939102564102564,0.6842948717948718,30.60897435897436,31.570512820512818,1.385681293302543
32,16,workload,transformer,5,complete,,1.2307692307692308,1.0,0.8539663461538461,0.8461538461538461,14.603365384615385,15.384615384615385,0.9148486980999349
32,16,workload,transformer_cell,5,complete,,1.2307692307692308,1.0,0.8707932692307693,0.8629807692307693,12.920673076923073,13.701923076923073,0.8971704623878529
32,16,workload,pnasnet,4,complete,,1.2307692307692308,1.0,0.8966346153846154,0.8900240384615384,10.336538461538458,10.997596153846157,0.7372654155495928
32,16,workload,resnext50,3,complete,,1.2307692307692308,1.0,0.8269230769230769,0.8269230769230769,17.307692307692314,17.307692307692314,0.0
32,16,workload,resnet152,2,complete,,1.2307692307692308,1.0,0.7601495726495726,0.7601495726495726,23.98504273504274,23.98504273504274,0.0
32,16,workload,bert_block,3,complete,,1.2307692307692308,1.0,0.7806490384615384,0.7806490384615384,21.935096153846157,21.935096153846157,0.0
32,16,workload,gpt_prefill_block,2,complete,,1.2307692307692308,1.0,0.7836538461538461,0.7836538461538461,21.634615384615387,21.634615384615387,0.0
32,16,workload,gpt_decode_block,5,complete,,1.2307692307692308,1.0,0.75,0.7435897435897436,25.0,25.64102564102564,0.8547008547008517
32,16,group,CNN,32,complete,,1.2307692307692308,1.0,0.8365384615384616,0.8365384615384616,16.346153846153843,16.346153846153843,0.0
32,16,group,RNN,10,complete,,1.2307692307692308,1.0,0.7371794871794872,0.7238247863247863,26.282051282051277,27.61752136752137,1.8115942028985477
32,16,group,Transformer,20,complete,,1.2307692307692308,1.0,0.8210470085470085,0.8012820512820513,17.89529914529915,19.87179487179487,2.407286922576446
32,16,all,ALL17,62,complete,,1.2307692307692308,1.0,0.8536324786324786,0.844017094017094,14.63675213675214,15.598290598290598,1.126408010012514
64,1,workload,darknet19,5,complete,,1.1428571428571428,1.0,0.7083333333333334,0.7053571428571429,29.166666666666664,29.464285714285708,0.42016806722688926
64,1,workload,vgg19,3,complete,,1.1428571428571428,1.0,0.6845238095238095,0.6785714285714286,31.547619047619047,32.14285714285714,0.8695652173912993
64,1,workload,resnet50,5,complete,,1.1428571428571428,1.0,0.8348214285714286,0.8325892857142857,16.51785714285714,16.74107142857143,0.2673796791443861
64,1,workload,googlenet,5,complete,,1.1428571428571428,1.0,0.9441964285714286,0.9441964285714286,5.58035714285714,5.58035714285714,0.0
64,1,workload,resnet101,5,complete,,1.1428571428571428,1.0,0.8348214285714286,0.8325892857142857,16.51785714285714,16.74107142857143,0.2673796791443861
64,1,workload,densenet,4,complete,,1.1428571428571428,1.0,0.8348214285714286,0.8325892857142857,16.51785714285714,16.74107142857143,0.2673796791443861
64,1,workload,inception_resnet_v1,5,complete,,1.1428571428571428,1.0,0.9196428571428571,0.9084821428571429,8.03571428571429,9.15178571428571,1.2135922330097082
64,1,workload,gnmt,5,complete,,1.1428571428571428,1.0,0.7209821428571429,0.7198660714285714,27.901785714285708,28.01339285714286,0.1547987616099089
64,1,workload,lstm,5,complete,,1.1428571428571428,1.0,0.7209821428571429,0.7209821428571429,27.901785714285708,27.901785714285708,0.0
64,1,workload,transformer,5,complete,,1.1428571428571428,1.0,0.6785714285714286,0.6785714285714286,32.14285714285714,32.14285714285714,0.0
64,1,workload,transformer_cell,5,complete,,1.1428571428571428,1.0,0.7619047619047619,0.7232142857142857,23.809523809523814,27.67857142857143,5.078125
64,1,workload,pnasnet,5,complete,,1.1428571428571428,1.0,0.7574404761904762,0.7574404761904762,24.255952380952383,24.255952380952383,0.0
64,1,workload,resnext50,5,complete,,1.1428571428571428,1.0,0.9196428571428571,0.9196428571428571,8.03571428571429,8.03571428571429,0.0
64,1,workload,resnet152,4,complete,,1.1428571428571428,1.0,0.7366071428571429,0.7366071428571429,26.339285714285708,26.339285714285708,0.0
64,1,workload,bert_block,5,complete,,1.1428571428571428,1.0,0.7619047619047619,0.7529761904761905,23.809523809523814,24.702380952380953,1.171875
64,1,workload,gpt_prefill_block,5,complete,,1.1428571428571428,1.0,0.8154761904761905,0.8095238095238095,18.452380952380953,19.047619047619047,0.7299270072992692
64,1,workload,gpt_decode_block,5,complete,,1.1428571428571428,1.0,0.9464285714285714,0.9397321428571429,5.35714285714286,6.02678571428571,0.7075471698113178
64,1,group,CNN,46,complete,,1.1428571428571428,1.0,0.7693452380952381,0.7693452380952381,23.065476190476186,23.065476190476186,0.0
64,1,group,RNN,10,complete,,1.1428571428571428,1.0,0.7209821428571429,0.7209821428571429,27.901785714285708,27.901785714285708,0.0
64,1,group,Transformer,25,complete,,1.1428571428571428,1.0,0.9464285714285714,0.9464285714285714,5.35714285714286,5.35714285714286,0.0
64,1,all,ALL17,81,complete,,1.1428571428571428,1.0,0.7209821428571429,0.7209821428571429,27.901785714285708,27.901785714285708,0.0
64,4,workload,darknet19,3,complete,,1.1428571428571428,1.0,0.9017857142857143,0.9017857142857143,9.82142857142857,9.82142857142857,0.0
64,4,workload,vgg19,3,complete,,1.1428571428571428,1.0,0.9226190476190477,0.9226190476190477,7.738095238095233,7.738095238095233,0.0
64,4,workload,resnet50,5,complete,,1.1428571428571428,1.0,0.8910714285714286,0.8910714285714286,10.892857142857137,10.892857142857137,0.0
64,4,workload,googlenet,5,complete,,1.1428571428571428,1.0,0.8,0.7839285714285714,19.999999999999996,21.607142857142858,2.00892857142857
64,4,workload,resnet101,5,complete,,1.1428571428571428,1.0,0.9071428571428571,0.9071428571428571,9.285714285714286,9.285714285714286,0.0
64,4,workload,densenet,3,complete,,1.1428571428571428,1.0,0.875,0.875,12.5,12.5,0.0
64,4,workload,inception_resnet_v1,5,complete,,1.1428571428571428,1.0,0.8428571428571429,0.8214285714285714,15.714285714285714,17.85714285714286,2.5423728813559365
64,4,workload,gnmt,5,complete,,1.1428571428571428,1.0,0.8526785714285714,0.8419642857142857,14.732142857142861,15.803571428571427,1.2565445026177957
64,4,workload,lstm,5,complete,,1.1428571428571428,1.0,0.8589285714285714,0.84375,14.107142857142863,15.625,1.7671517671517645
64,4,workload,transformer,2,complete,,1.1428571428571428,1.0,0.8285714285714286,0.8285714285714286,17.14285714285714,17.14285714285714,0.0
64,4,workload,transformer_cell,3,complete,,1.1428571428571428,1.0,0.8607142857142858,0.8607142857142858,13.928571428571423,13.928571428571423,0.0
64,4,workload,pnasnet,4,complete,,1.1428571428571428,1.0,0.8017857142857143,0.7982142857142858,19.82142857142857,20.178571428571423,0.44543429844098315
64,4,workload,resnext50,5,complete,,1.1428571428571428,1.0,0.9035714285714286,0.9035714285714286,9.642857142857142,9.642857142857142,0.0
64,4,workload,resnet152,5,complete,,1.1428571428571428,1.0,0.8535714285714285,0.8535714285714285,14.642857142857146,14.642857142857146,0.0
64,4,workload,bert_block,5,complete,,1.1428571428571428,1.0,0.8285714285714286,0.8285714285714286,17.14285714285714,17.14285714285714,0.0
64,4,workload,gpt_prefill_block,2,complete,,1.1428571428571428,1.0,0.8285714285714286,0.8285714285714286,17.14285714285714,17.14285714285714,0.0
64,4,workload,gpt_decode_block,5,complete,,1.1428571428571428,1.0,0.8178571428571428,0.8017857142857143,18.214285714285715,19.82142857142857,1.9650655021834051
64,4,group,CNN,43,complete,,1.1428571428571428,1.0,0.9196428571428571,0.9196428571428571,8.03571428571429,8.03571428571429,0.0
64,4,group,RNN,10,complete,,1.1428571428571428,1.0,0.9133928571428571,0.8973214285714286,8.660714285714288,10.267857142857139,1.7595307917888547
64,4,group,Transformer,17,complete,,1.1428571428571428,1.0,0.8928571428571429,0.8919642857142858,10.71428571428571,10.803571428571423,0.10000000000000009
64,4,all,ALL17,70,complete,,1.1428571428571428,1.0,0.9205357142857142,0.9196428571428571,7.9464285714285765,8.03571428571429,0.09699321047527132
64,16,workload,darknet19,5,complete,,1.1428571428571428,1.0,0.8688616071428571,0.8688616071428571,13.11383928571429,13.11383928571429,0.0
64,16,workload,vgg19,2,complete,,1.1428571428571428,1.0,0.7633928571428571,0.7564174107142857,23.660714285714292,24.35825892857143,0.9137426900584833
64,16,workload,resnet50,2,complete,,1.1428571428571428,1.0,0.8155691964285714,0.8094308035714286,18.44308035714286,19.05691964285714,0.7526513855627748
64,16,workload,googlenet,1,complete,,1.1428571428571428,1.0,0.7281746031746031,0.7237103174603174,27.182539682539687,27.628968253968257,0.6130790190735702
64,16,workload,resnet101,3,complete,,1.1428571428571428,1.0,0.8108258928571429,0.8102678571428571,18.917410714285708,18.973214285714292,0.06882312456985007
64,16,workload,densenet,1,complete,,1.1428571428571428,1.0,0.7242063492063492,0.7209821428571429,27.579365079365083,27.901785714285708,0.4452054794520599
64,16,workload,inception_resnet_v1,5,complete,,1.1428571428571428,1.0,0.7232142857142857,0.7232142857142857,27.67857142857143,27.67857142857143,0.0
64,16,workload,gnmt,5,complete,,1.1428571428571428,1.0,0.722718253968254,0.7204861111111112,27.728174603174605,27.951388888888886,0.308853809196985
64,16,workload,lstm,5,complete,,1.1428571428571428,1.0,0.7321428571428571,0.7229662698412699,26.785714285714292,27.703373015873012,1.2533875338753386
64,16,workload,transformer,1,complete,,1.1428571428571428,1.0,0.75,0.7455357142857143,25.0,25.44642857142857,0.5952380952380931
64,16,workload,transformer_cell,2,complete,,1.1428571428571428,1.0,0.7217261904761905,0.7217261904761905,27.827380952380953,27.827380952380953,0.0
64,16,workload,pnasnet,1,complete,,1.1428571428571428,1.0,0.8804563492063492,0.8754960317460317,11.95436507936508,12.450396825396826,0.5633802816901401
64,16,workload,resnext50,4,complete,,1.1428571428571428,1.0,0.8482142857142857,0.8423549107142857,15.17857142857143,15.76450892857143,0.6907894736842057
64,16,workload,resnet152,3,complete,,1.1428571428571428,1.0,0.8035714285714286,0.7979910714285714,19.64285714285714,20.20089285714286,0.694444444444442
64,16,workload,bert_block,5,complete,,1.1428571428571428,1.0,0.8065476190476191,0.8003472222222222,19.345238095238095,19.96527777777778,0.7687576875768709
64,16,workload,gpt_prefill_block,5,complete,,1.1428571428571428,1.0,0.841765873015873,0.8373015873015873,15.823412698412698,16.26984126984127,0.5303476723629963
64,16,workload,gpt_decode_block,5,complete,,1.1428571428571428,1.0,0.6924603174603174,0.6872519841269841,30.753968253968257,31.274801587301592,0.7521489971346718
64,16,group,CNN,27,complete,,1.1428571428571428,1.0,0.8834325396825397,0.8754960317460317,11.656746031746035,12.450396825396826,0.8983717012914116
64,16,group,RNN,10,complete,,1.1428571428571428,1.0,0.736359126984127,0.7274305555555556,26.364087301587304,27.256944444444443,1.2125294712024282
64,16,group,Transformer,18,complete,,1.1428571428571428,1.0,0.8439980158730159,0.8350694444444444,15.600198412698408,16.493055555555557,1.0578900969732574
64,16,all,ALL17,55,complete,,1.1428571428571428,1.0,0.8814484126984127,0.8787202380952381,11.855158730158733,12.127976190476186,0.3095104108047253
